Order_ID,Order_Date,Customer_ID,Product,Category,Region,Quantity,Unit_Price,Discount,Sales,Profit,Payment_Mode
ORD00001,2024-02-07,CUST2141,Tablet,Electronics,West,3,21093.27,0.12,55686.24,9823.03,Cash
ORD00002,2025-10-26,CUST2103,Keyboard,Accessories,South,3,1332.5,0.16,3357.91,599.44,UPI
ORD00003,2024-08-09,CUST5652,Smartwatch,Electronics,West,5,6205.03,0.16,26061.12,5392.67,Debit Card
ORD00004,2024-12-07,CUST9584,Mouse,Accessories,North,3,747.57,0.24,1704.46,124.5,Credit Card
ORD00005,2025-04-17,CUST2812,Tablet,Electronics,South,3,19052.28,0.21,45153.9,6979.75,Credit Card
ORD00006,2025-06-19,CUST9066,Webcam,Accessories,West,2,3697.94,0.2,5916.7,1431.17,Cash
ORD00007,2024-12-22,CUST8925,Headphones,Electronics,North,3,2180.49,0.24,4971.52,608.18,Credit Card
ORD00008,2025-05-20,CUST7889,Tablet,Electronics,South,5,20041.71,0.06,94196.04,10265.98,UPI
ORD00009,2025-08-01,CUST5728,Smartwatch,Electronics,North,1,6145.09,0.15,5223.33,889.23,Debit Card
ORD00010,2024-08-22,CUST6075,Mouse,Accessories,South,1,695.16,0.22,542.22,51.09,UPI
ORD00011,2025-08-24,CUST4783,Keyboard,Accessories,North,1,1395.49,0.16,1172.21,188.95,Net Banking
ORD00012,2024-04-03,CUST6867,Smartwatch,Electronics,North,5,7150.99,0.24,27173.75,2204.62,Net Banking
ORD00013,2024-07-07,CUST6667,Smartwatch,Electronics,West,1,7975.84,0.03,7736.56,1283.95,Credit Card
ORD00014,2025-10-10,CUST9717,Headphones,Electronics,East,2,2781.67,0.11,4951.37,844.09,Cash
ORD00015,2025-11-15,CUST5058,Monitor,Electronics,West,5,13353.36,0.24,50742.78,6783.3,Cash
ORD00016,2024-01-16,CUST9482,Mouse,Accessories,South,5,722.26,0.09,3286.27,415.87,Net Banking
ORD00017,2025-01-09,CUST4703,,Electronics,North,5,27884.16,0.18,114325.08,11328.66,Cash
ORD00018,2024-12-29,CUST2710,Smartwatch,Electronics,South,3,6110.43,0.01,18147.97,2108.51,Cash
ORD00019,2025-02-01,CUST6411,Monitor,Electronics,West,3,13002.49,0.17,32376.19,4845.72,Credit Card
ORD00020,2025-02-13,CUST7776,Smartphone,Electronics,South,3,26128.35,0.23,60356.48,6007.39,UPI
ORD00021,2024-06-22,CUST8144,Mouse,Accessories,West,4,813.61,0.1,2928.99,605.03,UPI
ORD00022,2025-09-04,CUST6817,Laptop,Electronics,West,2,60083.57,0.01,118965.48,22818.42,Debit Card
ORD00023,2024-07-04,CUST9684,Webcam,Accessories,East,5,3230.62,0.01,15991.56,1660.9,UPI
ORD00024,2024-01-30,CUST1867,Monitor,Electronics,West,5,13766.61,0.22,53689.78,3730.74,UPI
ORD00025,2025-04-14,CUST8000,Printer,Office,North,3,10770.34,0.18,26495.03,1325.71,Credit Card
ORD00026,2025-01-14,CUST6868,Laptop,Electronics,West,5,71570.32,0.03,347116.04,58781.94,Credit Card
ORD00027,2024-11-07,CUST6961,Webcam,Accessories,West,5,3575.58,0.01,17699.13,1633.15,UPI
ORD00028,2024-03-18,CUST5557,Headphones,Electronics,North,1,2778.26,0.2,2222.61,116.72,Debit Card
ORD00029,2025-06-18,CUST9687,Tablet,Electronics,West,5,22960.24,0.2,91840.95,11187.79,UPI
ORD00030,2025-06-12,CUST9217,Keyboard,Accessories,South,4,1700.78,0.03,6599.02,1599.6,UPI
ORD00031,2024-05-01,CUST9957,Printer,Office,East,3,9344.02,0.08,25789.48,4848.13,Net Banking
ORD00032,2024-08-15,CUST4026,Headphones,Electronics,North,2,2571.49,0.2,4114.38,911.55,Debit Card
ORD00033,2025-02-11,CUST7173,Mouse,Accessories,North,2,845.63,0.13,1471.4,116.16,UPI
ORD00034,2024-06-23,CUST4430,Headphones,Electronics,South,1,2419.7,0.24,1838.97,118.9,Credit Card
ORD00035,2025-07-06,CUST2902,Tablet,Electronics,North,2,24506.07,0.12,43130.69,2255.99,UPI
ORD00036,2024-01-15,CUST5945,Mouse,Accessories,South,2,915.15,0.17,1519.15,366.32,Cash
ORD00037,2024-08-01,CUST4329,Printer,Office,North,3,9981.31,0.13,26051.22,2866.69,Net Banking
ORD00038,2025-08-25,CUST1333,Tablet,Electronics,West,3,21278.23,0.24,48514.36,6884.24,Net Banking
ORD00039,2024-02-21,CUST2427,Smartphone,Electronics,North,4,29747.44,0.1,107090.79,13804.51,Net Banking
ORD00040,2024-11-11,CUST6350,Keyboard,Accessories,East,1,1658.73,0.06,1559.21,305.75,Debit Card
ORD00041,2024-02-26,CUST4617,Printer,Office,North,2,10436.41,0.08,19202.99,2150.6,Net Banking
ORD00042,2024-10-15,CUST1571,Smartphone,Electronics,North,4,25902.95,0.21,81853.33,12858.39,UPI
ORD00043,2024-05-28,CUST1801,Webcam,Accessories,East,1,3544.28,0.12,3118.96,776.99,Debit Card
ORD00044,2025-02-11,CUST2188,Printer,Office,North,2,8551.9,0.09,15564.46,2160.54,Cash
ORD00045,2025-06-15,CUST9386,Webcam,Accessories,South,2,3792.46,0.14,6523.03,1045.34,Credit Card
ORD00046,2025-01-03,CUST9318,Mouse,Accessories,South,3,758.79,0.03,2208.09,332.33,Net Banking
ORD00047,2024-11-19,CUST5320,Smartphone,Electronics,East,5,29748.07,0.0,148740.34,31330.25,UPI
ORD00048,2025-09-04,CUST4294,Keyboard,Accessories,West,1,1634.41,0.07,1520.0,157.12,Debit Card
ORD00049,2024-12-22,CUST3611,Tablet,Electronics,North,2,19006.56,0.15,32311.16,2716.97,UPI
ORD00050,2025-11-30,CUST5651,Smartwatch,Electronics,East,1,6282.94,0.18,5152.01,1034.62,Net Banking
ORD00051,2025-03-05,CUST5250,Headphones,Electronics,East,4,2423.47,0.21,7658.17,1019.48,Credit Card
ORD00052,2024-02-02,CUST4732,Laptop,Electronics,North,4,59733.54,0.23,183979.31,42820.3,Debit Card
ORD00053,2025-06-26,CUST7156,Keyboard,Accessories,West,5,1427.06,0.1,6421.75,1148.41,UPI
ORD00054,2025-11-04,CUST3452,Smartphone,Electronics,North,2,34483.57,0.19,55863.39,9098.39,Debit Card
ORD00055,2024-10-12,CUST1809,Smartwatch,Electronics,North,3,7683.37,0.02,22589.11,1447.77,Net Banking
ORD00056,2025-05-31,CUST9416,Keyboard,Accessories,East,2,1672.76,0.01,3312.06,649.44,Net Banking
ORD00057,2025-11-11,CUST8007,Smartphone,Electronics,West,1,33933.49,0.03,32915.49,6162.04,Cash
ORD00058,2025-11-15,CUST5399,Monitor,Electronics,East,4,11427.37,0.11,40681.43,7241.88,Cash
ORD00059,2025-12-27,CUST1219,Monitor,Electronics,West,1,11269.48,0.05,10706.0,1108.95,Net Banking
ORD00060,2024-04-26,CUST8793,Webcam,Accessories,West,5,3220.77,0.07,14976.56,3584.61,Debit Card
ORD00061,2024-09-25,CUST9469,Keyboard,Accessories,East,4,1648.55,0.16,5539.14,633.3,UPI
ORD00062,2025-12-18,CUST7113,Monitor,Electronics,West,3,12646.39,0.09,34524.64,2777.38,UPI
ORD00063,2025-12-21,CUST9720,Smartphone,Electronics,North,4,27625.55,0.14,95031.88,23514.71,Debit Card
ORD00064,2024-06-11,CUST9672,Webcam,Accessories,East,2,3370.84,0.1,6067.52,1208.95,Credit Card
ORD00065,2024-05-19,CUST4173,Smartphone,Electronics,East,2,30060.41,0.04,57715.98,7673.77,Debit Card
ORD00066,2025-11-11,CUST3841,Webcam,Accessories,North,4,3529.55,0.02,13835.82,3281.63,Net Banking
ORD00067,2024-05-23,CUST5774,Keyboard,Accessories,West,5,1674.93,0.06,7872.16,537.07,Net Banking
ORD00068,2024-08-09,CUST6190,Smartwatch,Electronics,West,2,6749.19,0.01,13363.39,902.46,Cash
ORD00069,2025-08-10,CUST2982,Tablet,Electronics,West,2,24696.26,0.15,41983.64,7829.54,UPI
ORD00070,2025-09-21,CUST3776,Printer,Office,North,3,9824.1,0.2,23577.85,2018.13,Cash
ORD00071,2025-09-01,CUST7895,Smartwatch,Electronics,East,4,7517.38,0.08,27663.97,6457.54,UPI
ORD00072,2025-03-10,CUST2181,Mouse,Accessories,South,2,903.26,0.1,1625.87,354.56,Debit Card
ORD00073,2025-06-28,CUST5648,Smartphone,Electronics,East,5,33668.18,0.2,134672.73,14985.5,Credit Card
ORD00074,2025-03-29,CUST9096,Mouse,Accessories,South,1,693.67,0.06,652.05,148.52,UPI
ORD00075,2024-03-07,CUST3097,Smartwatch,Electronics,East,4,6381.98,0.03,24762.08,1450.5,Credit Card
ORD00076,2024-01-06,CUST9126,Webcam,Accessories,South,3,3475.75,0.13,9071.71,1449.0,Credit Card
ORD00077,2024-08-28,CUST8078,Printer,Office,North,2,9794.66,0.16,16455.03,3901.7,Credit Card
ORD00078,2024-02-24,CUST7545,Printer,Office,West,5,10422.67,0.15,44296.37,9792.89,Debit Card
ORD00079,2025-01-17,CUST3803,Laptop,Electronics,North,4,73671.83,0.18,241643.59,29290.75,Credit Card
ORD00080,2025-03-09,CUST3673,Printer,Office,West,5,8837.21,0.01,43744.21,3787.12,Credit Card
ORD00081,2025-04-14,CUST6376,Tablet,Electronics,East,5,21682.27,0.11,96486.09,8887.15,Net Banking
ORD00082,2024-03-11,CUST9607,Printer,Office,North,3,9077.23,0.06,25597.8,3913.94,Net Banking
ORD00083,2025-08-28,CUST4160,Smartwatch,Electronics,East,4,7827.63,0.19,25361.51,4295.09,UPI
ORD00084,2025-03-25,CUST3569,Laptop,Electronics,West,2,74059.31,0.22,115532.53,6534.85,Net Banking
ORD00085,2025-04-24,CUST8550,Smartwatch,Electronics,East,3,6955.27,0.07,19405.21,2575.27,UPI
ORD00086,2024-05-22,CUST8644,Smartwatch,Electronics,North,2,6168.42,0.02,12090.11,2612.4,Credit Card
ORD00087,2024-01-22,CUST4774,Headphones,Electronics,South,1,2713.97,0.06,2551.13,354.27,Net Banking
ORD00088,2025-07-14,CUST8401,Laptop,Electronics,West,5,68844.26,0.03,333894.64,27992.08,Cash
ORD00089,2025-02-25,CUST3613,Smartwatch,Electronics,East,1,6694.81,0.08,6159.22,1484.2,Debit Card
ORD00090,2025-10-09,CUST7119,Headphones,Electronics,South,5,2790.56,0.13,12138.92,1253.41,Net Banking
ORD00091,2025-01-26,CUST2686,Headphones,Electronics,South,3,2856.87,0.24,6513.67,1365.82,Debit Card
ORD00092,2025-09-03,CUST1838,Laptop,Electronics,North,2,66128.15,0.1,119030.67,10565.02,Net Banking
ORD00093,2025-04-12,CUST7449,,Accessories,East,2,815.77,0.06,1533.66,206.48,Net Banking
ORD00094,2024-10-19,CUST3309,Webcam,Accessories,North,3,3287.39,0.04,9467.68,1402.02,Cash
ORD00095,2025-12-12,CUST5972,Tablet,Electronics,East,4,22557.74,0.04,86621.72,13004.26,Credit Card
ORD00096,2024-04-30,CUST4947,Webcam,Accessories,South,1,3436.62,0.05,3264.79,500.48,UPI
ORD00097,2025-03-13,CUST5164,Printer,Office,East,1,9406.57,0.19,7619.32,723.76,Net Banking
ORD00098,2024-04-10,CUST1082,Tablet,Electronics,West,2,19143.42,0.02,37521.11,5747.6,Net Banking
ORD00099,2024-07-05,CUST9961,Printer,Office,South,2,9258.12,0.25,13887.19,2032.29,Debit Card
ORD00100,2024-06-07,CUST9662,Smartwatch,Electronics,West,2,6365.49,0.13,11075.96,1016.15,Credit Card
ORD00101,2025-06-01,CUST4623,Smartphone,Electronics,North,3,30378.38,0.14,78376.21,19408.95,Net Banking
ORD00102,2025-11-12,CUST6123,Laptop,Electronics,West,4,66982.57,0.09,243816.54,54398.56,Net Banking
ORD00103,2024-06-28,CUST7730,Tablet,Electronics,North,1,22716.57,0.17,18854.76,4289.74,UPI
ORD00104,2025-03-06,CUST6224,Tablet,Electronics,North,5,21261.99,0.12,93552.78,17505.05,Credit Card
ORD00105,2024-07-30,CUST9313,Smartwatch,Electronics,West,3,6834.58,0.08,18863.45,1546.41,Credit Card
ORD00106,2025-11-06,CUST2890,Mouse,Accessories,East,1,880.22,0.07,818.6,133.94,Net Banking
ORD00107,2025-10-01,CUST9044,Headphones,Electronics,West,4,2482.17,0.23,7645.1,1638.25,Credit Card
ORD00108,2025-12-30,CUST5784,Smartwatch,Electronics,East,3,8024.32,0.07,22387.86,1292.84,Credit Card
ORD00109,2025-10-14,CUST7094,Monitor,Electronics,North,1,11782.62,0.11,10486.53,1564.26,UPI
ORD00110,2025-03-08,CUST1316,Headphones,Electronics,West,3,2612.19,0.09,7131.27,921.53,Cash
ORD00111,2025-10-05,CUST1504,Laptop,Electronics,West,1,56232.08,0.02,55107.44,5093.3,UPI
ORD00112,2024-04-10,CUST9624,Headphones,Electronics,East,1,2615.0,0.05,2484.25,312.15,Cash
ORD00113,2024-11-15,CUST9783,Mouse,Accessories,West,4,884.34,0.05,3360.5,829.03,UPI
ORD00114,2024-04-07,CUST7407,Headphones,Electronics,West,5,2831.84,0.17,11752.15,2287.54,Net Banking
ORD00115,2024-10-05,CUST8268,Laptop,Electronics,East,4,74697.75,0.1,268911.91,29555.41,UPI
ORD00116,2025-11-28,CUST1600,Mouse,Accessories,East,1,747.72,0.2,598.18,102.33,Credit Card
ORD00117,2024-05-22,CUST4479,Webcam,Accessories,South,3,3579.14,0.18,8804.68,874.58,Credit Card
ORD00118,2024-12-10,CUST3452,Tablet,Electronics,East,4,21674.74,0.05,82364.01,14180.51,Debit Card
ORD00119,2024-12-21,CUST2147,Tablet,Electronics,North,5,22421.2,0.14,96411.14,22100.65,Net Banking
ORD00120,2025-08-13,CUST5359,Printer,Office,North,1,8972.36,0.19,7267.61,1172.81,Credit Card
ORD00121,2024-12-20,CUST9850,Webcam,Accessories,East,4,3873.96,0.16,13016.5,2559.93,Net Banking
ORD00122,2025-03-05,CUST7941,,Accessories,South,4,3930.05,0.15,13362.16,1879.63,UPI
ORD00123,2024-02-08,CUST2114,Headphones,Electronics,South,4,2462.25,0.18,8076.17,1250.39,Credit Card
ORD00124,2024-10-29,CUST7515,Tablet,Electronics,West,4,20550.84,0.01,81381.31,15382.29,Net Banking
ORD00125,2025-07-02,CUST9552,Laptop,Electronics,South,3,57996.25,0.18,142670.78,30314.83,UPI
ORD00126,2025-02-28,CUST7906,Keyboard,Accessories,North,5,1582.69,0.07,7359.53,1338.63,Cash
ORD00127,2024-12-13,CUST4784,Keyboard,Accessories,North,5,1415.5,0.14,6086.67,1494.27,Debit Card
ORD00128,2025-03-04,CUST6695,,Accessories,East,1,898.29,0.06,844.39,180.67,UPI
ORD00129,2024-10-12,CUST6661,Tablet,Electronics,East,2,23128.68,0.21,36543.32,7507.17,Cash
ORD00130,2025-03-30,CUST6565,Tablet,Electronics,West,3,22961.52,0.12,60618.42,13276.67,Net Banking
ORD00131,2024-11-19,CUST8337,Keyboard,Accessories,East,1,1526.73,0.16,1282.45,136.25,Cash
ORD00132,2025-06-02,CUST4641,Tablet,Electronics,South,1,19002.12,0.2,15201.7,2073.66,Credit Card
ORD00133,2024-12-18,CUST2054,Headphones,Electronics,West,4,2823.94,0.22,8810.7,1435.2,Net Banking
ORD00134,2024-10-29,CUST8001,Monitor,Electronics,East,2,12460.57,0.18,20435.34,2911.57,Debit Card
ORD00135,2024-07-28,CUST6731,Smartphone,Electronics,East,2,34446.56,0.04,66137.39,14516.6,Debit Card
ORD00136,2025-08-13,CUST7510,Webcam,Accessories,East,3,3539.22,0.21,8387.96,464.81,Net Banking
ORD00137,2025-03-19,CUST5211,Printer,Office,East,2,10630.33,0.15,18071.57,1659.6,Credit Card
ORD00138,2024-05-12,CUST4595,Mouse,Accessories,East,1,693.49,0.15,589.47,133.42,Net Banking
ORD00139,2024-06-24,CUST6420,Monitor,Electronics,North,2,12474.25,0.23,19210.35,1187.58,Net Banking
ORD00140,2024-03-27,CUST9513,Keyboard,Accessories,West,2,1619.09,0.06,3043.89,290.38,Net Banking
ORD00141,2025-04-02,CUST3919,Webcam,Accessories,North,5,3792.44,0.06,17824.47,2143.39,UPI
ORD00142,2024-08-04,CUST6535,Tablet,Electronics,West,1,23782.74,0.13,20690.98,4141.26,Debit Card
ORD00143,2025-02-09,CUST3472,Printer,Office,South,2,9178.85,0.19,14869.73,2409.43,Debit Card
ORD00144,2025-02-10,CUST5278,Tablet,Electronics,South,2,25137.63,0.11,44744.98,10780.0,Credit Card
ORD00145,2025-08-26,CUST4908,Laptop,Electronics,South,4,74656.05,0.16,250844.33,23974.45,Debit Card
ORD00146,2025-03-04,CUST5612,Laptop,Electronics,West,2,56724.12,0.11,100968.93,22659.86,Credit Card
ORD00147,2025-12-19,CUST4062,Printer,Office,North,2,11309.34,0.15,19225.88,2049.15,Credit Card
ORD00148,2024-08-19,CUST7514,Printer,Office,North,5,9368.35,0.21,37004.97,3667.18,Debit Card
ORD00149,2025-12-11,CUST8138,Keyboard,Accessories,East,1,1585.18,0.05,1505.92,225.4,Net Banking
ORD00150,2025-03-05,CUST9100,Printer,Office,West,3,9514.33,0.17,23690.69,1521.91,Net Banking
ORD00151,2024-02-07,CUST8521,Headphones,Electronics,South,1,2850.82,0.2,2280.65,289.33,UPI
ORD00152,2025-02-27,CUST3715,Tablet,Electronics,West,4,19369.93,0.11,68956.93,8353.11,Credit Card
ORD00153,2025-02-02,CUST8482,Monitor,Electronics,East,1,11991.89,0.08,11032.54,904.89,Cash
ORD00154,2025-08-11,CUST6819,Smartwatch,Electronics,North,2,6848.9,0.0,13697.8,3043.09,Cash
ORD00155,2025-08-01,CUST6300,Printer,Office,East,4,9478.07,0.2,30329.83,3857.28,Debit Card
ORD00156,2024-07-03,CUST3727,Mouse,Accessories,East,1,834.93,0.08,768.13,189.26,Debit Card
ORD00157,2025-01-11,CUST3428,Laptop,Electronics,East,4,57805.59,0.09,210412.34,48382.55,Cash
ORD00158,2024-10-01,CUST4379,Headphones,Electronics,East,3,2662.5,0.08,7348.49,653.74,UPI
ORD00159,2025-08-24,CUST5618,Webcam,Accessories,North,1,4004.62,0.12,3524.07,532.22,Credit Card
ORD00160,2024-10-12,CUST9881,Smartwatch,Electronics,North,2,7639.57,0.18,12528.9,2134.43,Credit Card
ORD00161,2024-12-13,CUST3170,Monitor,Electronics,North,4,13296.06,0.19,43079.24,9210.0,Debit Card
ORD00162,2025-12-19,CUST7325,Smartwatch,Electronics,North,5,6705.24,0.1,30173.57,6853.28,Debit Card
ORD00163,2025-06-13,CUST6425,Printer,Office,South,4,9474.66,0.17,31455.87,5498.6,Net Banking
ORD00164,2024-01-07,CUST3800,Keyboard,Accessories,West,5,1507.67,0.18,6181.45,352.51,UPI
ORD00165,2024-07-06,CUST3303,Laptop,Electronics,South,2,56141.67,0.07,104423.5,15272.49,Credit Card
ORD00166,2025-08-22,CUST1212,Laptop,Electronics,East,3,73684.48,0.02,216632.38,49167.04,Net Banking
ORD00167,2024-04-25,CUST5994,Webcam,Accessories,East,5,3125.97,0.22,12191.3,2350.7,Cash
ORD00168,2025-05-13,CUST2320,Keyboard,Accessories,East,3,1681.36,0.17,4186.58,937.91,Net Banking
ORD00169,2024-03-03,CUST9095,Tablet,Electronics,East,4,19251.64,0.16,64685.52,11954.92,Cash
ORD00170,2025-03-16,CUST7871,Smartphone,Electronics,South,2,32903.62,0.01,65149.18,3831.23,Cash
ORD00171,2024-12-09,CUST2214,Headphones,Electronics,North,5,2238.97,0.2,8955.89,2181.67,Credit Card
ORD00172,2025-08-09,CUST9082,Laptop,Electronics,East,4,55993.57,0.14,192617.87,44996.25,Net Banking
ORD00173,2025-01-13,CUST9320,Mouse,Accessories,South,1,852.68,0.21,673.62,50.73,Credit Card
ORD00174,2024-10-21,CUST6563,Laptop,Electronics,South,4,60715.17,0.24,184574.13,13388.68,UPI
ORD00175,2025-11-13,CUST4286,Smartwatch,Electronics,East,3,7450.44,0.24,16987.01,2680.82,UPI
ORD00176,2024-08-19,CUST8660,Laptop,Electronics,East,2,66074.16,0.21,104397.18,21026.65,UPI
ORD00177,2025-03-15,CUST2781,Laptop,Electronics,South,2,57371.74,0.0,114743.49,14507.55,UPI
ORD00178,2025-01-28,CUST7333,Smartphone,Electronics,West,4,33889.17,0.22,105734.21,8170.76,Cash
ORD00179,2024-10-02,CUST2838,Smartphone,Electronics,South,1,29570.83,0.02,28979.41,4408.09,UPI
ORD00180,2025-12-04,CUST3440,Monitor,Electronics,West,3,12844.01,0.21,30440.3,3577.14,Credit Card
ORD00181,2024-06-15,CUST2106,Tablet,Electronics,East,4,22006.74,0.07,81865.06,9852.82,Net Banking
ORD00182,2024-04-08,CUST4002,Mouse,Accessories,North,4,825.05,0.15,2805.16,502.12,Net Banking
ORD00183,2025-02-15,CUST6188,Laptop,Electronics,North,2,61154.09,0.01,121085.09,27501.04,Credit Card
ORD00184,2024-08-15,CUST4405,Laptop,Electronics,West,3,59157.03,0.19,143751.57,23247.27,Debit Card
ORD00185,2025-02-17,CUST4232,Headphones,Electronics,East,1,2531.93,0.03,2455.97,460.54,Debit Card
ORD00186,2024-11-09,CUST5202,Smartphone,Electronics,East,2,29461.97,0.1,53031.55,9651.18,Debit Card
ORD00187,2024-11-21,CUST4051,Mouse,Accessories,West,4,773.63,0.2,2475.61,396.66,Debit Card
ORD00188,2024-03-02,CUST4877,Webcam,Accessories,North,2,3681.2,0.17,6110.78,685.33,Cash
ORD00189,2024-05-08,CUST8614,Monitor,Electronics,South,2,12685.82,0.0,25371.65,3185.63,Cash
ORD00190,2025-03-27,CUST8307,Tablet,Electronics,West,5,19003.07,0.1,85513.83,9675.1,Net Banking
ORD00191,2025-02-12,CUST3882,Keyboard,Accessories,East,2,1427.44,0.01,2826.32,659.94,Net Banking
ORD00192,2025-02-26,CUST1359,Tablet,Electronics,East,2,21417.65,0.17,35553.29,7655.47,Cash
ORD00193,2025-10-12,CUST8068,Smartwatch,Electronics,North,3,6153.47,0.24,14029.92,2327.14,Cash
ORD00194,2024-08-17,CUST3197,Laptop,Electronics,West,2,59850.07,0.16,100548.11,23372.28,Net Banking
ORD00195,2025-07-24,CUST6025,Monitor,Electronics,West,1,10385.91,0.06,9762.76,2218.9,Credit Card
ORD00196,2025-11-07,CUST6957,Smartwatch,Electronics,West,4,8042.11,0.09,29273.27,6894.99,Cash
ORD00197,2025-05-26,CUST1098,Mouse,Accessories,East,3,856.77,0.24,1953.44,184.32,Credit Card
ORD00198,2025-12-16,CUST8334,Keyboard,Accessories,South,2,1314.35,0.06,2470.98,478.14,UPI
ORD00199,2025-09-01,CUST3703,Smartphone,Electronics,West,1,25682.24,0.14,22086.73,3795.49,Credit Card
ORD00200,2024-12-03,CUST2875,Monitor,Electronics,South,4,12789.44,0.1,46041.97,9059.5,Credit Card
ORD00201,2024-09-02,CUST8407,Monitor,Electronics,East,3,11781.09,0.19,28628.05,2939.41,Cash
ORD00202,2025-10-10,CUST6703,Laptop,Electronics,South,1,70592.54,0.22,55062.18,10404.65,UPI
ORD00203,2025-07-11,CUST6536,Printer,Office,South,2,11270.43,0.09,20512.18,2706.9,Debit Card
ORD00204,2024-07-22,CUST1684,Monitor,Electronics,South,5,12357.48,0.17,51283.55,11119.21,Credit Card
ORD00205,2024-07-11,CUST3239,Headphones,Electronics,East,5,2265.33,0.14,9740.92,2036.57,UPI
ORD00206,2024-12-24,CUST1898,Keyboard,Accessories,East,3,1626.99,0.07,4539.29,418.85,UPI
ORD00207,2025-07-07,CUST6067,Keyboard,Accessories,East,1,1705.12,0.07,1585.76,137.6,Cash
ORD00208,2025-11-04,CUST7814,Headphones,Electronics,South,4,2560.17,0.13,8909.4,1724.38,UPI
ORD00209,2024-09-10,CUST6446,Webcam,Accessories,North,1,3691.1,0.04,3543.45,567.29,Debit Card
ORD00210,2024-10-10,CUST2831,Headphones,Electronics,North,5,2378.11,0.2,9512.42,1535.7,Cash
ORD00211,2024-08-05,CUST6584,Headphones,Electronics,North,3,2411.15,0.02,7088.77,1421.32,Credit Card
ORD00212,2025-09-03,CUST3481,Keyboard,Accessories,South,2,1605.59,0.02,3146.97,695.46,Cash
ORD00213,2025-07-26,CUST9212,Tablet,Electronics,North,1,24823.29,0.09,22589.19,2209.06,Credit Card
ORD00214,2025-07-05,CUST7164,Keyboard,Accessories,East,5,1558.04,0.03,7556.52,1217.41,Cash
ORD00215,2024-06-30,CUST5411,Printer,Office,South,4,10869.54,0.12,38260.79,8256.33,UPI
ORD00216,2025-07-24,CUST1617,Laptop,Electronics,West,3,58596.88,0.1,158211.58,35527.81,Debit Card
ORD00217,2024-08-10,CUST2088,Smartwatch,Electronics,North,2,6395.11,0.18,10487.99,1127.27,Cash
ORD00218,2024-07-26,CUST9340,Tablet,Electronics,South,1,22211.43,0.24,16880.69,1195.67,Net Banking
ORD00219,2025-02-26,CUST6302,Smartphone,Electronics,West,4,27088.99,0.19,87768.32,8475.32,UPI
ORD00220,2024-06-18,CUST8748,Smartwatch,Electronics,South,2,7283.49,0.04,13984.3,3343.64,Cash
ORD00221,2024-05-18,CUST8886,Laptop,Electronics,West,5,60937.24,0.23,234608.36,33430.74,UPI
ORD00222,2024-07-21,CUST8789,Printer,Office,East,5,10874.6,0.1,48935.69,6543.42,Net Banking
ORD00223,2024-09-10,CUST5377,Printer,Office,South,4,10924.33,0.12,38453.65,2023.31,UPI
ORD00224,2024-06-14,CUST8498,Smartphone,Electronics,East,5,29674.09,0.11,132049.69,7949.78,UPI
ORD00225,2025-07-22,CUST1112,Tablet,Electronics,East,3,19893.35,0.07,55502.45,10197.97,Cash
ORD00226,2025-09-26,CUST6332,Webcam,Accessories,West,4,3654.11,0.22,11400.83,1914.95,UPI
ORD00227,2025-01-30,CUST3229,Headphones,Electronics,North,5,2869.59,0.08,13200.12,2179.41,Cash
ORD00228,2025-03-01,CUST6292,Tablet,Electronics,West,1,22809.1,0.14,19615.83,1413.61,Debit Card
ORD00229,2025-03-22,CUST8671,Webcam,Accessories,North,5,3012.56,0.06,14159.05,1704.92,Net Banking
ORD00230,2025-05-20,CUST3357,Printer,Office,West,3,8551.88,0.2,20524.52,4360.88,Credit Card
ORD00231,2024-05-16,CUST8092,Keyboard,Accessories,South,2,1419.16,0.19,2299.04,195.38,Net Banking
ORD00232,2025-02-09,CUST6342,Laptop,Electronics,North,2,59067.78,0.07,109866.08,24888.78,UPI
ORD00233,2025-07-22,CUST7059,Smartphone,Electronics,South,5,32817.46,0.17,136192.46,10118.51,Cash
ORD00234,2025-08-01,CUST5438,Laptop,Electronics,West,2,71723.71,0.18,117626.89,9860.65,Credit Card
ORD00235,2024-08-18,CUST7751,Mouse,Accessories,East,5,742.07,0.14,3190.89,464.43,Credit Card
ORD00236,2024-08-31,CUST4051,Mouse,Accessories,West,3,758.15,0.15,1933.29,462.17,UPI
ORD00237,2024-10-12,CUST6239,Tablet,Electronics,South,2,20259.23,0.14,34845.88,4038.97,Credit Card
ORD00238,2025-09-24,CUST5093,Printer,Office,West,1,11225.15,0.02,11000.64,1998.2,Cash
ORD00239,2024-02-23,CUST5485,Printer,Office,East,5,10007.95,0.17,41532.98,6966.5,UPI
ORD00240,2025-01-26,CUST3981,Headphones,Electronics,East,2,2617.1,0.12,4606.1,368.14,Net Banking
ORD00241,2025-07-31,CUST9021,Headphones,Electronics,West,3,2436.61,0.11,6505.75,648.19,UPI
ORD00242,2024-09-26,CUST6066,Headphones,Electronics,West,3,2598.26,0.21,6157.88,1453.45,UPI
ORD00243,2025-01-23,CUST4964,Keyboard,Accessories,South,1,1448.63,0.01,1434.15,124.72,Credit Card
ORD00244,2024-01-13,CUST5084,Smartwatch,Electronics,East,3,6663.32,0.06,18790.58,3551.46,Debit Card
ORD00245,2024-12-08,CUST5860,Monitor,Electronics,North,3,12484.13,0.03,36328.81,8825.68,Credit Card
ORD00246,2025-09-27,CUST5651,Smartwatch,Electronics,South,2,7191.23,0.01,14238.64,1052.25,Debit Card
ORD00247,2025-08-11,CUST2123,Laptop,Electronics,North,5,60973.8,0.07,283528.15,36812.27,UPI
ORD00248,2024-12-04,CUST5671,Smartwatch,Electronics,East,4,6263.63,0.25,18790.9,1781.12,UPI
ORD00249,2024-01-24,CUST1815,Keyboard,Accessories,East,3,1440.86,0.07,4020.0,379.14,Net Banking
ORD00250,2024-02-04,CUST1978,Laptop,Electronics,South,3,63346.35,0.17,157732.42,11640.21,Credit Card
ORD00251,2025-08-08,CUST3858,Smartwatch,Electronics,East,4,7270.24,0.03,28208.52,5075.0,Net Banking
ORD00252,2025-04-30,CUST1682,Keyboard,Accessories,North,3,1686.54,0.15,4300.67,856.99,Cash
ORD00253,2025-02-25,CUST9140,Monitor,Electronics,West,2,10330.27,0.25,15495.4,2872.21,UPI
ORD00254,2024-10-16,CUST4655,Smartwatch,Electronics,South,2,6461.69,0.07,12018.74,2823.58,Net Banking
ORD00255,2024-10-16,CUST1780,Keyboard,Accessories,West,4,1362.17,0.21,4304.46,340.64,Cash
ORD00256,2024-01-19,CUST2442,Headphones,Electronics,West,3,2501.72,0.25,5628.87,641.52,Debit Card
ORD00257,2025-09-19,CUST8818,Printer,Office,South,3,9789.1,0.15,24962.21,2968.37,Credit Card
ORD00258,2024-10-18,CUST5500,Headphones,Electronics,North,5,2671.78,0.08,12290.18,1184.98,Cash
ORD00259,2025-01-12,CUST3759,Printer,Office,East,3,9227.25,0.17,22975.85,1802.25,Credit Card
ORD00260,2024-06-02,CUST6993,Smartphone,Electronics,East,2,30850.49,0.21,48743.77,7181.94,UPI
ORD00261,2025-12-15,CUST4120,Smartphone,Electronics,South,1,33454.72,0.04,32116.53,6965.69,Debit Card
ORD00262,2025-10-04,CUST3545,Smartphone,Electronics,North,1,33696.1,0.11,29989.53,7224.72,UPI
ORD00263,2024-05-07,CUST5041,Monitor,Electronics,South,1,13651.62,0.08,12559.49,952.87,Cash
ORD00264,2025-03-08,CUST6875,Headphones,Electronics,South,1,2704.95,0.07,2515.6,539.93,Debit Card
ORD00265,2024-09-26,CUST3828,Printer,Office,East,3,11217.96,0.22,26250.04,5641.56,Cash
ORD00266,2025-05-29,CUST2462,Keyboard,Accessories,South,3,1380.54,0.11,3686.04,471.06,Credit Card
ORD00267,2024-09-14,CUST8942,Laptop,Electronics,North,5,59102.83,0.08,271873.01,19576.47,UPI
ORD00268,2024-12-07,CUST1553,Keyboard,Accessories,North,3,1277.92,0.15,3258.7,808.16,Credit Card
ORD00269,2025-05-16,CUST8051,Laptop,Electronics,North,1,69033.46,0.05,65581.79,11878.08,Debit Card
ORD00270,2025-02-20,CUST6899,Mouse,Accessories,North,4,904.99,0.06,3402.77,838.58,Net Banking
ORD00271,2024-04-09,CUST9907,Keyboard,Accessories,East,4,1359.12,0.13,4729.74,694.0,Credit Card
ORD00272,2025-01-28,CUST5295,Smartwatch,Electronics,East,2,7287.58,0.1,13117.65,1692.68,Debit Card
ORD00273,2024-02-22,CUST6104,Smartwatch,Electronics,East,2,7517.57,0.07,13982.67,1390.4,Debit Card
ORD00274,2025-03-03,CUST4389,Tablet,Electronics,East,3,24822.25,0.01,73722.09,18188.3,Cash
ORD00275,2025-11-08,CUST6319,Headphones,Electronics,North,4,2610.15,0.13,9083.31,914.25,Credit Card
ORD00276,2024-05-28,CUST4651,Laptop,Electronics,North,1,74170.73,0.2,59336.58,3248.83,UPI
ORD00277,2025-11-05,CUST4135,Laptop,Electronics,South,1,61971.13,0.21,48957.19,7465.66,Credit Card
ORD00278,2025-03-26,CUST6263,Headphones,Electronics,South,1,2387.45,0.06,2244.2,281.45,Cash
ORD00279,2025-08-17,CUST8402,Monitor,Electronics,East,3,12154.85,0.15,30994.85,3170.05,Debit Card
ORD00280,2025-06-17,CUST4495,Tablet,Electronics,South,3,21231.11,0.21,50317.74,8902.3,UPI
ORD00281,2025-06-15,CUST2337,Monitor,Electronics,East,5,10205.13,0.1,45923.1,5641.82,Net Banking
ORD00282,2025-12-23,CUST6088,Monitor,Electronics,East,1,12834.38,0.23,9882.47,1289.17,UPI
ORD00283,2024-12-31,CUST7196,Monitor,Electronics,East,1,12906.18,0.23,9937.76,542.69,Credit Card
ORD00284,2024-11-19,CUST4011,Headphones,Electronics,West,3,2685.23,0.05,7652.91,1284.27,UPI
ORD00285,2025-06-03,CUST3659,Monitor,Electronics,South,3,11442.07,0.06,32266.65,2401.1,Credit Card
ORD00286,2025-10-27,CUST3735,Smartwatch,Electronics,South,5,7046.81,0.05,33472.34,3104.93,UPI
ORD00287,2025-07-16,CUST6307,Smartphone,Electronics,East,5,28739.76,0.05,136513.87,26405.0,Credit Card
ORD00288,2024-09-02,CUST5813,Mouse,Accessories,North,2,683.85,0.23,1053.13,118.63,Debit Card
ORD00289,2025-03-24,CUST5713,Laptop,Electronics,West,4,66217.75,0.23,203950.68,16854.9,Debit Card
ORD00290,2024-06-02,CUST7756,Laptop,Electronics,South,1,57663.33,0.01,57086.7,9446.98,Credit Card
ORD00291,2024-09-02,CUST7597,Mouse,Accessories,North,1,699.21,0.15,594.33,55.26,Credit Card
ORD00292,2024-02-12,CUST1178,Headphones,Electronics,East,5,2691.62,0.14,11573.98,1205.96,Net Banking
ORD00293,2025-01-27,CUST2037,Keyboard,Accessories,East,5,1279.28,0.1,5756.75,1003.22,Credit Card
ORD00294,2024-06-11,CUST4834,Headphones,Electronics,South,2,2844.26,0.16,4778.35,945.98,Cash
ORD00295,2025-04-10,CUST5778,Laptop,Electronics,South,4,65297.48,0.24,198504.34,39290.35,Credit Card
ORD00296,2025-05-26,CUST8426,Laptop,Electronics,West,2,74418.82,0.04,142884.14,20925.19,Debit Card
ORD00297,2024-05-26,CUST6784,Mouse,Accessories,South,4,693.92,0.03,2692.41,379.25,UPI
ORD00298,2024-06-04,CUST7177,Monitor,Electronics,West,1,12300.71,0.01,12177.7,2527.23,Debit Card
ORD00299,2025-05-29,CUST5805,Headphones,Electronics,East,2,2387.0,0.09,4344.33,384.94,Cash
ORD00300,2024-05-25,CUST8399,Printer,Office,North,5,11030.45,0.08,50740.06,4081.56,UPI
ORD00301,2025-05-26,CUST8360,Mouse,Accessories,North,2,766.69,0.11,1364.71,249.66,Debit Card
ORD00302,2024-09-25,CUST7331,Smartwatch,Electronics,West,2,6497.02,0.13,11304.82,1491.12,Credit Card
ORD00303,2025-02-14,CUST4568,Laptop,Electronics,West,1,71972.29,0.19,58297.55,11193.11,Credit Card
ORD00304,2024-08-31,CUST5423,Mouse,Accessories,South,5,769.92,0.1,3464.63,351.04,UPI
ORD00305,2024-10-22,CUST4986,Headphones,Electronics,South,5,2137.62,0.08,9833.07,1130.55,Net Banking
ORD00306,2024-11-09,CUST4313,Laptop,Electronics,,3,62860.64,0.21,148979.71,34166.34,Cash
ORD00307,2025-07-22,CUST7240,Keyboard,Accessories,North,3,1569.54,0.21,3719.8,499.69,Debit Card
ORD00308,2024-10-06,CUST9683,Mouse,Accessories,South,3,741.05,0.06,2089.75,351.48,Debit Card
ORD00309,2025-04-21,CUST9105,Tablet,Electronics,South,1,21551.12,0.08,19827.03,1414.39,Cash
ORD00310,2024-04-28,CUST1309,Laptop,Electronics,East,2,56355.95,0.21,89042.39,7636.8,Debit Card
ORD00311,2025-06-17,CUST8277,Headphones,Electronics,West,5,2566.07,0.02,12573.74,718.94,UPI
ORD00312,2025-07-16,CUST9997,Smartphone,Electronics,South,5,32306.65,0.08,148610.61,20043.73,Net Banking
ORD00313,2025-04-18,CUST7728,Printer,Office,East,2,9739.94,0.11,17337.09,4295.85,UPI
ORD00314,2024-07-30,CUST2892,Webcam,Accessories,North,5,3416.24,0.05,16227.16,3647.45,Net Banking
ORD00315,2025-12-28,CUST2917,Monitor,Electronics,South,2,10517.82,0.04,20194.21,3565.93,Credit Card
ORD00316,2025-08-10,CUST7499,Webcam,Accessories,North,1,3187.04,0.11,2836.46,630.32,Net Banking
ORD00317,2025-04-10,CUST6221,Headphones,Electronics,North,1,2241.01,0.19,1815.22,306.47,Net Banking
ORD00318,2025-12-16,CUST3241,Smartwatch,Electronics,North,1,6961.54,0.21,5499.62,680.6,Net Banking
ORD00319,2024-06-14,CUST8241,Smartwatch,Electronics,North,2,7061.44,0.24,10733.38,909.22,Debit Card
ORD00320,2025-04-24,CUST2973,Smartphone,Electronics,West,2,34040.46,0.02,66719.3,12050.16,Net Banking
ORD00321,2025-01-17,CUST6938,Monitor,Electronics,North,4,10463.63,0.05,39761.81,3523.3,Cash
ORD00322,2024-03-01,CUST6526,Tablet,Electronics,East,5,22659.13,0.19,91769.47,12249.91,Credit Card
ORD00323,2024-10-05,CUST4978,Smartphone,Electronics,East,5,30238.49,0.14,130025.49,27976.33,Credit Card
ORD00324,2025-08-10,CUST2315,Webcam,Accessories,North,4,3517.04,0.08,12942.72,981.65,Debit Card
ORD00325,2024-07-27,CUST9802,Smartphone,Electronics,North,4,33358.43,0.05,126762.05,9609.11,UPI
ORD00326,2024-02-06,CUST7795,Webcam,Accessories,West,1,3190.82,0.07,2967.46,281.55,Cash
ORD00327,2025-08-27,CUST9395,Laptop,Electronics,South,4,56045.08,0.11,199520.48,31999.79,UPI
ORD00328,2024-05-13,CUST7548,Smartwatch,Electronics,North,2,7361.77,0.04,14134.6,1418.33,Net Banking
ORD00329,2025-02-15,CUST2399,Laptop,Electronics,East,3,61980.57,0.24,141315.7,21287.74,UPI
ORD00330,2025-10-09,CUST2372,Printer,Office,East,2,8552.77,0.03,16592.37,1831.74,Cash
ORD00331,2024-05-27,CUST6106,Monitor,Electronics,West,4,11104.95,0.25,33314.84,5038.82,Debit Card
ORD00332,2025-01-31,CUST4203,Tablet,Electronics,East,5,20741.56,0.21,81929.15,8645.68,Debit Card
ORD00333,2024-09-08,CUST3682,Webcam,Accessories,East,2,3622.68,0.11,6448.37,1586.32,Net Banking
ORD00334,2025-05-17,CUST8922,Tablet,Electronics,North,5,19839.07,0.18,81340.17,12082.56,Cash
ORD00335,2025-05-21,CUST9425,Webcam,Accessories,West,2,3408.71,0.17,5658.45,1124.5,Debit Card
ORD00336,2025-08-13,CUST3137,Headphones,Electronics,East,5,2486.86,0.05,11812.57,2245.68,Net Banking
ORD00337,2024-08-31,CUST8147,Smartphone,Electronics,East,2,29633.14,0.08,54524.97,8075.8,UPI
ORD00338,2025-01-01,CUST3806,Printer,Office,West,5,11421.82,0.13,49684.93,4857.82,Cash
ORD00339,2025-03-25,CUST5850,Smartwatch,Electronics,West,3,6045.56,0.16,15234.81,2317.88,Debit Card
ORD00340,2024-04-29,CUST2957,Webcam,Accessories,East,1,3973.52,0.14,3417.22,636.27,Cash
ORD00341,2024-11-04,CUST1931,Tablet,Electronics,South,2,22540.79,0.12,39671.78,5632.75,Debit Card
ORD00342,2025-09-25,CUST1047,Printer,Office,North,3,10887.18,0.11,29068.78,1929.73,Debit Card
ORD00343,2024-07-30,CUST3270,Keyboard,Accessories,East,1,1468.68,0.12,1292.44,69.27,Cash
ORD00344,2024-10-10,CUST6767,Keyboard,Accessories,East,2,1479.23,0.11,2633.02,304.31,Debit Card
ORD00345,2024-09-10,CUST8918,Laptop,Electronics,North,3,72396.87,0.14,186783.92,14951.08,UPI
ORD00346,2025-06-13,CUST5561,Smartwatch,Electronics,East,3,7831.46,0.22,18325.62,4237.58,Net Banking
ORD00347,2024-09-19,CUST1678,Headphones,Electronics,East,3,2304.02,0.16,5806.12,494.49,Credit Card
ORD00348,2024-10-03,CUST2590,Tablet,Electronics,West,4,20015.0,0.18,65649.19,8459.33,Cash
ORD00349,2024-02-10,CUST3518,Smartphone,Electronics,East,5,29966.12,0.15,127356.0,24505.27,Cash
ORD00350,2025-02-26,CUST8132,Smartphone,Electronics,South,1,33602.49,0.16,28226.09,6014.54,Net Banking
ORD00351,2025-05-23,CUST2566,Tablet,Electronics,West,5,20827.54,0.14,89558.44,13034.57,UPI
ORD00352,2024-12-29,CUST7683,Monitor,Electronics,East,5,12547.25,0.01,62108.9,5355.46,Credit Card
ORD00353,2025-06-26,CUST2567,Headphones,Electronics,East,5,2656.11,0.25,9960.43,1037.67,UPI
ORD00354,2025-04-05,CUST1205,Printer,Office,North,3,10836.02,0.01,32182.99,4305.88,Cash
ORD00355,2025-03-28,CUST2805,Webcam,Accessories,North,5,3567.12,0.1,16052.04,1973.1,Credit Card
ORD00356,2024-11-10,CUST9671,Monitor,Electronics,South,4,11648.84,0.03,45197.49,5411.7,Debit Card
ORD00357,2025-09-21,CUST3120,Webcam,Accessories,North,2,3990.37,0.02,7821.12,597.3,Cash
ORD00358,2024-12-25,CUST6810,Webcam,Accessories,North,3,3616.9,0.2,8680.55,2019.64,UPI
ORD00359,2024-08-21,CUST7685,Monitor,Electronics,South,1,12822.83,0.11,11412.32,638.53,Net Banking
ORD00360,2024-02-12,CUST2437,Laptop,Electronics,East,2,61977.17,0.2,99163.46,13684.6,Debit Card
ORD00361,2024-08-15,CUST2942,Keyboard,Accessories,North,2,1576.48,0.07,2932.25,721.52,Credit Card
ORD00362,2025-10-07,CUST3827,Webcam,Accessories,North,2,3245.69,0.06,6101.89,1110.21,Cash
ORD00363,2024-11-28,CUST8380,Monitor,Electronics,South,5,11082.35,0.06,52087.04,6306.81,Net Banking
ORD00364,2025-10-30,CUST9962,Monitor,Electronics,North,5,12773.0,0.15,54285.25,4300.45,Net Banking
ORD00365,2025-05-06,CUST9258,Mouse,Accessories,West,3,805.13,0.2,1932.32,469.12,UPI
ORD00366,2024-07-24,CUST8636,Laptop,Electronics,North,5,68573.89,0.11,305153.83,16111.29,Net Banking
ORD00367,2024-03-29,CUST9555,Smartwatch,Electronics,East,5,6515.82,0.09,29646.98,5522.57,UPI
ORD00368,2024-04-08,CUST5495,Mouse,Accessories,South,5,823.69,0.24,3130.04,707.47,Credit Card
ORD00369,2024-02-06,CUST3897,Mouse,Accessories,East,3,786.54,0.03,2288.84,125.96,Cash
ORD00370,2025-01-08,CUST1259,Tablet,Electronics,East,3,22639.94,0.12,59769.44,11657.13,Credit Card
ORD00371,2025-01-25,CUST8929,Keyboard,Accessories,East,4,1405.9,0.1,5061.23,1264.13,UPI
ORD00372,2025-03-09,CUST2068,Monitor,Electronics,South,4,12775.62,0.02,50080.44,8910.74,Credit Card
ORD00373,2025-04-30,CUST5993,Keyboard,Accessories,West,4,1637.67,0.07,6092.13,809.86,Cash
ORD00374,2025-01-26,CUST8707,Headphones,Electronics,North,4,2319.94,0.01,9186.95,2065.96,Cash
ORD00375,2025-12-11,CUST8496,Tablet,Electronics,East,2,20684.1,0.22,32267.19,5189.72,Net Banking
ORD00376,2024-12-21,CUST7458,Smartwatch,Electronics,South,2,7338.42,0.15,12475.32,2493.67,UPI
ORD00377,2024-02-24,CUST2442,Keyboard,Accessories,North,4,1588.01,0.2,5081.64,851.46,Credit Card
ORD00378,2025-09-08,CUST8083,Smartphone,Electronics,South,4,31836.9,0.13,110792.4,6388.09,Net Banking
ORD00379,2025-08-08,CUST1228,Webcam,Accessories,East,1,3691.83,0.15,3138.06,290.68,Net Banking
ORD00380,2024-11-09,CUST5845,Headphones,Electronics,South,2,2419.61,0.18,3968.15,260.92,Credit Card
ORD00381,2024-04-13,CUST2970,Laptop,Electronics,East,1,62949.65,0.23,48471.23,3457.82,UPI
ORD00382,2024-01-16,CUST7261,Smartwatch,Electronics,South,1,6485.12,0.02,6355.41,337.35,UPI
ORD00383,2025-02-12,CUST8952,Headphones,Electronics,East,5,2242.63,0.08,10316.08,1384.76,Cash
ORD00384,2024-01-29,CUST5227,Webcam,Accessories,North,3,3702.21,0.18,9107.43,780.78,UPI
ORD00385,2024-12-21,CUST2725,Tablet,Electronics,South,2,19315.05,0.24,29358.87,6492.4,Net Banking
ORD00386,2025-01-13,CUST7185,Webcam,Accessories,South,4,3959.68,0.25,11879.05,2375.9,Cash
ORD00387,2025-11-25,CUST3482,Mouse,Accessories,North,4,878.4,0.16,2951.44,485.91,Debit Card
ORD00388,2025-07-17,CUST6285,Webcam,Accessories,East,3,3875.38,0.05,11044.84,1632.47,Cash
ORD00389,2025-05-25,CUST2450,Mouse,Accessories,West,2,897.6,0.03,1741.35,176.18,Net Banking
ORD00390,2024-12-12,CUST7191,Tablet,Electronics,East,4,21396.79,0.24,65046.25,9431.07,Credit Card
ORD00391,2025-09-09,CUST6161,Printer,Office,East,4,11040.1,0.11,39302.76,7005.55,Credit Card
ORD00392,2025-05-17,CUST5280,Mouse,Accessories,North,5,717.93,0.05,3410.19,704.02,Credit Card
ORD00393,2024-01-25,CUST6941,Laptop,Electronics,West,1,55672.01,0.23,42867.45,2843.67,Net Banking
ORD00394,2024-04-01,CUST9032,Webcam,Accessories,South,4,3799.14,0.03,14740.65,2825.68,Cash
ORD00395,2024-11-24,CUST2255,Webcam,Accessories,West,2,3053.54,0.18,5007.8,994.28,Credit Card
ORD00396,2025-06-21,CUST1400,Laptop,Electronics,South,3,74526.23,0.16,187806.1,30385.98,UPI
ORD00397,2025-08-24,CUST6639,Smartphone,Electronics,South,5,31573.17,0.02,154708.52,14366.83,Debit Card
ORD00398,2025-11-17,CUST6352,Monitor,Electronics,North,2,12912.42,0.08,23758.85,3750.02,Credit Card
ORD00399,2024-12-07,CUST4464,Printer,Office,East,5,9237.41,0.04,44339.58,6674.92,Credit Card
ORD00400,2025-03-23,CUST6066,Smartwatch,Electronics,East,1,7365.12,0.15,6260.35,908.64,Debit Card
ORD00401,2025-01-30,CUST7645,Mouse,Accessories,West,4,690.37,0.12,2430.11,345.39,UPI
ORD00402,2025-06-25,CUST3414,Laptop,Electronics,East,2,71587.6,0.0,143175.2,10332.25,Debit Card
ORD00403,2025-06-09,CUST2087,Tablet,Electronics,South,3,19819.52,0.24,45188.5,3912.35,Credit Card
ORD00404,2025-05-16,CUST4874,Mouse,Accessories,North,1,847.37,0.09,771.1,53.57,Credit Card
ORD00405,2025-02-10,CUST4160,Monitor,Electronics,East,1,11008.13,0.06,10347.64,1019.2,Cash
ORD00406,2024-05-09,CUST7499,Tablet,Electronics,East,5,19151.79,0.06,90013.42,9243.96,Net Banking
ORD00407,2024-05-10,CUST3693,Headphones,Electronics,South,1,2486.12,0.04,2386.68,236.32,Cash
ORD00408,2025-06-01,CUST3903,Webcam,Accessories,West,2,3152.75,0.25,4729.13,435.96,Cash
ORD00409,2025-12-23,CUST7051,Headphones,Electronics,East,5,2672.08,0.07,12425.19,2448.81,Cash
ORD00410,2024-05-28,CUST6376,Mouse,Accessories,South,1,737.02,0.1,663.31,141.76,Cash
ORD00411,2024-10-02,CUST1220,Monitor,Electronics,West,3,11432.9,0.22,26752.99,3087.88,Cash
ORD00412,2025-10-22,CUST7416,Printer,Office,East,2,10202.32,0.16,17139.89,1902.97,UPI
ORD00413,2025-07-05,CUST4012,Mouse,Accessories,South,3,748.39,0.09,2043.11,447.05,Net Banking
ORD00414,2024-07-14,CUST8544,Laptop,Electronics,South,3,62620.77,0.22,146532.6,25611.67,Net Banking
ORD00415,2025-02-12,CUST6366,Keyboard,Accessories,East,5,1642.03,0.19,6650.22,722.8,Net Banking
ORD00416,2025-09-27,CUST9049,Mouse,Accessories,South,4,723.01,0.06,2718.52,523.92,UPI
ORD00417,2024-03-11,CUST6689,Webcam,Accessories,East,5,3061.31,0.16,12857.51,1529.0,UPI
ORD00418,2024-07-17,CUST5268,Webcam,Accessories,East,2,3319.78,0.23,5112.45,855.37,UPI
ORD00419,2025-06-28,CUST6447,Mouse,Accessories,West,2,781.85,0.12,1376.06,341.99,Credit Card
ORD00420,2025-08-24,CUST5218,Tablet,Electronics,North,5,22281.55,0.18,91354.36,10078.11,Net Banking
ORD00421,2025-04-09,CUST1635,Keyboard,Accessories,East,4,1442.59,0.24,4385.48,1035.43,Debit Card
ORD00422,2024-03-30,CUST3737,Laptop,Electronics,East,5,70653.28,0.17,293211.1,33464.32,Cash
ORD00423,2025-12-11,CUST6350,Mouse,Accessories,West,2,689.44,0.03,1337.51,211.4,Credit Card
ORD00424,2025-07-21,CUST3696,Tablet,Electronics,North,4,21549.67,0.06,81026.74,11505.53,Credit Card
ORD00425,2024-01-01,CUST9692,Webcam,Accessories,North,2,3376.37,0.15,5739.83,1186.03,Cash
ORD00426,2024-06-15,CUST2656,Webcam,Accessories,South,4,3654.96,0.07,13596.44,845.95,Credit Card
ORD00427,2025-07-02,CUST4358,Monitor,Electronics,North,4,13678.59,0.24,41582.93,7294.66,UPI
ORD00428,2025-08-13,CUST7464,Mouse,Accessories,North,5,802.49,0.1,3611.21,729.95,Credit Card
ORD00429,2024-08-29,CUST2896,Keyboard,Accessories,South,5,1719.09,0.11,7649.97,1104.88,Net Banking
ORD00430,2024-05-13,CUST3108,Smartphone,Electronics,North,5,28220.24,0.18,115703.0,8221.68,Net Banking
ORD00431,2024-09-08,CUST1125,Keyboard,Accessories,West,4,1288.89,0.13,4485.34,443.87,Debit Card
ORD00432,2024-01-22,CUST4775,Webcam,Accessories,East,4,3148.95,0.1,11336.21,2107.79,Net Banking
ORD00433,2025-12-30,CUST5287,Webcam,Accessories,West,2,3389.88,0.02,6644.17,1522.1,Cash
ORD00434,2024-03-12,CUST3240,Headphones,Electronics,North,3,2362.25,0.15,6023.74,809.12,Cash
ORD00435,2025-06-04,CUST1588,Webcam,Accessories,South,5,3076.91,0.22,11999.94,1944.98,Net Banking
ORD00436,2025-10-08,CUST4094,Laptop,Electronics,West,2,63686.87,0.17,105720.21,10114.99,UPI
ORD00437,2025-12-07,CUST9934,Smartwatch,Electronics,West,2,6660.04,0.1,11988.08,1587.73,Net Banking
ORD00438,2025-07-23,CUST7526,Mouse,Accessories,East,1,709.43,0.03,688.15,80.76,UPI
ORD00439,2025-05-15,CUST4227,Keyboard,Accessories,South,5,1408.25,0.2,5633.01,1020.17,Cash
ORD00440,2024-11-03,CUST2703,Smartwatch,Electronics,West,2,7811.52,0.24,11873.5,2932.04,Net Banking
ORD00441,2024-09-07,CUST7847,Tablet,Electronics,North,1,20693.52,0.1,18624.17,3960.63,Debit Card
ORD00442,2025-08-25,CUST7217,Smartphone,Electronics,East,5,31925.6,0.18,130894.96,11575.42,Cash
ORD00443,2024-07-22,CUST9043,Laptop,Electronics,West,4,67184.92,0.1,241865.7,40037.41,Debit Card
ORD00444,2024-01-08,CUST2505,Keyboard,Accessories,North,1,1467.23,0.13,1276.49,80.78,Cash
ORD00445,2024-04-17,CUST8032,Smartwatch,Electronics,West,4,6451.95,0.21,20388.17,2026.24,Credit Card
ORD00446,2025-09-23,CUST3244,Smartphone,Electronics,West,3,28821.13,0.02,84734.13,7155.25,Credit Card
ORD00447,2025-06-06,CUST8080,Headphones,Electronics,South,3,2569.08,0.13,6705.3,785.25,Credit Card
ORD00448,2025-01-07,CUST4135,Laptop,Electronics,West,3,62089.69,0.05,176955.61,32871.77,Debit Card
ORD00449,2025-01-20,CUST7085,Laptop,Electronics,South,3,59440.48,0.08,164055.73,24588.45,UPI
ORD00450,2024-07-01,CUST8232,Headphones,Electronics,North,2,2212.35,0.16,3716.74,879.31,Cash
ORD00451,2024-11-04,CUST8942,Mouse,Accessories,South,3,891.14,0.01,2646.7,244.95,Credit Card
ORD00452,2024-06-27,CUST9360,Headphones,Electronics,North,2,2455.23,0.15,4173.9,512.73,Debit Card
ORD00453,2025-12-18,CUST1176,Laptop,Electronics,South,2,67441.56,0.07,125441.31,14547.49,Cash
ORD00454,2025-08-26,CUST2168,Laptop,Electronics,South,5,64813.0,0.17,268973.96,26142.31,Credit Card
ORD00455,2024-08-14,CUST1586,Smartwatch,Electronics,South,2,7782.39,0.04,14942.19,3715.14,Credit Card
ORD00456,2025-06-01,CUST1054,Webcam,Accessories,South,2,3549.28,0.18,5820.82,741.84,Credit Card
ORD00457,2024-01-12,CUST7777,Smartphone,Electronics,East,3,29827.03,0.16,75164.12,17896.71,Debit Card
ORD00458,2024-09-06,CUST9327,Headphones,Electronics,West,2,2818.45,0.24,4284.05,548.76,UPI
ORD00459,2025-02-21,CUST8539,Smartphone,Electronics,East,4,31977.21,0.23,98489.8,8944.68,Credit Card
ORD00460,2025-01-11,CUST6142,Headphones,Electronics,North,3,2208.66,0.07,6162.17,455.02,Credit Card
ORD00461,2024-07-16,CUST9729,Tablet,Electronics,North,1,19872.85,0.01,19674.12,4350.2,UPI
ORD00462,2025-09-30,CUST8927,Laptop,Electronics,West,3,70598.9,0.16,177909.22,10037.55,UPI
ORD00463,2025-03-23,CUST3207,Webcam,Accessories,North,2,3852.64,0.15,6549.49,1590.73,Net Banking
ORD00464,2024-02-06,CUST3565,Smartwatch,Electronics,North,4,7094.9,0.01,28095.81,3754.67,Credit Card
ORD00465,2025-02-24,CUST2728,Webcam,Accessories,South,3,3557.18,0.03,10351.39,1029.7,Cash
ORD00466,2024-01-08,CUST6496,Webcam,Accessories,West,4,3638.53,0.15,12371.0,2146.24,Net Banking
ORD00467,2024-06-13,CUST1707,Webcam,Accessories,South,1,3436.07,0.23,2645.78,202.62,Cash
ORD00468,2024-04-29,CUST2240,Smartphone,Electronics,West,1,31621.79,0.23,24348.78,1568.77,UPI
ORD00469,2025-01-06,CUST5359,Headphones,Electronics,South,5,2206.36,0.04,10590.53,2282.86,Net Banking
ORD00470,2024-08-20,CUST2575,Printer,Office,West,5,11383.84,0.1,51227.27,6912.31,Debit Card
ORD00471,2025-03-05,CUST3989,Tablet,Electronics,North,3,23651.02,0.01,70243.53,10792.99,Net Banking
ORD00472,2024-10-13,CUST7143,Keyboard,Accessories,East,5,1559.03,0.12,6859.72,585.4,Net Banking
ORD00473,2025-01-29,CUST5979,Webcam,Accessories,North,4,3307.14,0.19,10715.13,667.39,UPI
ORD00474,2025-02-23,CUST7222,Mouse,Accessories,West,5,718.63,0.2,2874.52,355.16,Credit Card
ORD00475,2025-03-27,CUST6586,Smartphone,Electronics,East,4,29184.09,0.12,102727.99,15535.48,UPI
ORD00476,2025-10-18,CUST5160,Smartwatch,Electronics,East,5,7339.31,0.02,35962.62,7303.51,UPI
ORD00477,2024-09-28,CUST1568,Keyboard,Accessories,South,5,1560.17,0.1,7020.76,1054.59,UPI
ORD00478,2024-10-12,CUST2442,Printer,Office,West,5,9647.92,0.23,37144.51,7670.39,Cash
ORD00479,2024-02-08,CUST1946,Mouse,Accessories,South,2,827.19,0.06,1555.11,113.66,Debit Card
ORD00480,2025-07-09,CUST9243,Printer,Office,West,2,10941.24,0.08,20131.89,1264.13,Cash
ORD00481,2025-05-11,CUST7969,Keyboard,Accessories,North,5,1286.83,0.19,5211.65,426.17,Net Banking
ORD00482,2025-05-02,CUST8193,Webcam,Accessories,West,4,3448.15,0.18,11309.94,2311.78,UPI
ORD00483,2025-01-06,CUST5487,Mouse,Accessories,North,3,862.05,0.23,1991.34,401.98,Credit Card
ORD00484,2025-07-02,CUST1233,Printer,Office,East,1,10138.43,0.1,9124.59,714.21,UPI
ORD00485,2025-02-13,CUST5527,Smartwatch,Electronics,East,2,7318.1,0.13,12733.49,715.59,Cash
ORD00486,2024-09-12,CUST5703,Headphones,Electronics,South,5,2512.51,0.12,11055.03,2067.91,Debit Card
ORD00487,2025-04-20,CUST3551,Laptop,Electronics,East,1,74591.55,0.23,57435.5,12696.48,Cash
ORD00488,2024-07-29,CUST5728,Headphones,Electronics,East,2,2165.97,0.19,3508.87,704.66,UPI
ORD00489,2025-02-08,CUST1615,Keyboard,Accessories,North,3,1495.97,0.21,3545.45,321.08,Debit Card
ORD00490,2025-08-26,CUST2924,Smartphone,Electronics,West,4,26322.75,0.03,102132.27,17030.92,Credit Card
ORD00491,2025-06-14,CUST8344,Laptop,Electronics,North,5,58365.82,0.2,233463.27,47036.58,Cash
ORD00492,2025-09-03,CUST4928,Tablet,Electronics,East,3,21228.05,0.11,56678.9,5733.96,Cash
ORD00493,2025-01-29,CUST3345,Smartwatch,Electronics,West,2,6276.63,0.01,12427.74,1933.06,Net Banking
ORD00494,2025-10-20,CUST5889,Tablet,Electronics,East,5,25060.34,0.02,122795.64,13862.66,Debit Card
ORD00495,2025-08-03,CUST3772,Mouse,Accessories,East,1,907.23,0.17,753.0,71.62,Cash
ORD00496,2024-05-09,CUST1918,Laptop,Electronics,North,4,61804.14,0.09,224967.06,54873.49,Net Banking
ORD00497,2024-01-25,CUST6195,Tablet,Electronics,West,2,22922.33,0.22,35758.84,8314.52,Credit Card
ORD00498,2025-09-18,CUST8718,Tablet,Electronics,North,4,22222.77,0.18,72890.69,10141.54,Cash
ORD00499,2024-03-30,CUST5855,Printer,Office,South,5,10946.76,0.01,54186.47,4191.63,Cash
ORD00500,2024-09-29,CUST7243,Headphones,Electronics,South,3,2595.58,0.17,6463.0,1264.04,UPI
ORD00501,2024-12-06,CUST1273,Printer,Office,South,4,8500.76,0.05,32302.88,3267.12,Cash
ORD00502,2024-07-30,CUST3345,Laptop,Electronics,South,1,70131.9,0.11,62417.39,5224.56,Credit Card
ORD00503,2025-09-14,CUST4073,Laptop,Electronics,North,2,69813.54,0.16,117286.74,14814.0,Net Banking
ORD00504,2024-12-13,CUST4757,Keyboard,Accessories,South,1,1504.38,0.22,1173.41,183.02,Debit Card
ORD00505,2025-08-10,CUST7352,Printer,Office,North,4,11208.76,0.11,39903.17,2772.79,Credit Card
ORD00506,2024-10-22,CUST6690,Monitor,Electronics,West,3,13470.41,0.2,32328.98,5313.24,Debit Card
ORD00507,2025-01-24,CUST5792,Headphones,Electronics,West,3,2517.93,0.2,6043.04,320.7,Credit Card
ORD00508,2024-03-28,CUST7589,Laptop,Electronics,North,1,67105.77,0.1,60395.19,13792.68,Net Banking
ORD00509,2025-03-02,CUST3888,Keyboard,Accessories,West,5,1723.43,0.13,7496.94,1755.4,UPI
ORD00510,2024-06-18,CUST3718,Printer,Office,South,5,9396.46,0.18,38525.49,7574.66,Net Banking
ORD00511,2024-05-26,CUST9788,Headphones,Electronics,North,3,2368.46,0.01,7034.33,1008.09,Debit Card
ORD00512,2024-08-27,CUST5384,Printer,Office,East,1,9048.32,0.22,7057.69,712.68,Debit Card
ORD00513,2024-02-24,CUST3239,Tablet,Electronics,West,1,24612.72,0.19,19936.3,3963.78,Cash
ORD00514,2025-08-26,CUST5361,Keyboard,Accessories,South,1,1610.02,0.06,1513.42,357.71,UPI
ORD00515,2025-10-30,CUST4844,Headphones,Electronics,South,4,2204.23,0.25,6612.7,540.3,Net Banking
ORD00516,2025-06-03,CUST7386,Webcam,Accessories,East,5,4005.86,0.04,19228.11,2752.78,Net Banking
ORD00517,2024-10-25,CUST5773,Mouse,Accessories,South,5,855.43,0.23,3293.41,372.33,Debit Card
ORD00518,2025-09-01,CUST5776,Mouse,Accessories,North,4,884.13,0.08,3253.58,394.82,UPI
ORD00519,2025-07-15,CUST9892,Headphones,Electronics,West,2,2161.11,0.19,3501.0,459.16,Net Banking
ORD00520,2025-12-25,CUST5915,Printer,Office,North,4,10014.88,0.11,35652.98,8569.52,UPI
ORD00521,2024-01-04,CUST6559,Keyboard,Accessories,North,1,1589.37,0.18,1303.28,132.58,UPI
ORD00522,2024-12-29,CUST2633,Mouse,Accessories,West,4,810.31,0.04,3111.58,462.18,Net Banking
ORD00523,2024-10-18,CUST5681,Keyboard,Accessories,South,1,1574.99,0.07,1464.74,351.97,UPI
ORD00524,2025-01-23,CUST9269,Mouse,Accessories,East,3,876.29,0.02,2576.29,374.11,Credit Card
ORD00525,2025-04-15,CUST4745,Tablet,Electronics,East,1,21170.62,0.22,16513.09,3677.79,Debit Card
ORD00526,2025-06-14,CUST3746,Printer,Office,South,5,11046.01,0.07,51363.93,3171.87,UPI
ORD00527,2025-03-01,CUST4285,Tablet,Electronics,North,4,19775.25,0.17,65653.82,15796.71,UPI
ORD00528,2025-02-02,CUST4250,Mouse,Accessories,West,1,745.01,0.21,588.56,51.5,Credit Card
ORD00529,2024-10-30,CUST8997,Webcam,Accessories,West,2,3020.51,0.23,4651.59,1144.23,Cash
ORD00530,2025-12-13,CUST8196,Webcam,Accessories,North,3,3357.65,0.03,9770.76,831.64,UPI
ORD00531,2024-04-13,CUST3652,Tablet,Electronics,South,2,21207.4,0.22,33083.55,4594.42,Net Banking
ORD00532,2024-11-26,CUST7571,Webcam,Accessories,South,2,3820.53,0.05,7259.01,811.0,Cash
ORD00533,2024-12-29,CUST5925,Mouse,Accessories,North,2,836.75,0.18,1372.27,187.52,Cash
ORD00534,2024-12-31,CUST2764,Headphones,Electronics,South,3,2452.54,0.18,6033.25,603.96,Credit Card
ORD00535,2024-03-22,CUST6187,Tablet,Electronics,East,3,23003.95,0.0,69011.86,16774.26,Net Banking
ORD00536,2025-07-20,CUST6581,Smartphone,Electronics,East,3,25975.05,0.06,73249.64,8141.33,Cash
ORD00537,2025-11-06,CUST1764,Printer,Office,West,3,9040.81,0.12,23867.75,4311.83,UPI
ORD00538,2024-03-25,CUST7597,Webcam,Accessories,South,2,3633.3,0.11,6467.27,501.15,Credit Card
ORD00539,2024-08-06,CUST5112,Webcam,Accessories,North,5,3648.44,0.23,14046.48,3018.27,Credit Card
ORD00540,2025-01-02,CUST8088,Laptop,Electronics,East,5,70345.63,0.09,320072.6,50732.02,Credit Card
ORD00541,2025-12-25,CUST5247,Monitor,Electronics,West,3,11650.8,0.23,26913.35,6617.7,Debit Card
ORD00542,2025-12-15,CUST9652,Tablet,Electronics,South,4,23468.86,0.11,83549.13,11252.43,Cash
ORD00543,2024-08-29,CUST9791,Smartwatch,Electronics,North,1,7386.36,0.24,5613.63,500.12,Net Banking
ORD00544,2024-06-10,CUST8485,Webcam,Accessories,South,4,3986.56,0.18,13075.93,1558.7,Net Banking
ORD00545,2024-06-27,CUST6197,Printer,Office,West,4,9145.39,0.21,28899.43,5704.55,Debit Card
ORD00546,2024-04-01,CUST5634,Smartphone,Electronics,South,4,30465.12,0.03,118204.65,21492.12,UPI
ORD00547,2025-05-14,CUST9487,Webcam,Accessories,South,5,3606.85,0.15,15329.12,3152.73,Cash
ORD00548,2025-10-11,CUST7543,Smartphone,Electronics,West,1,34487.83,0.04,33108.32,2141.91,Credit Card
ORD00549,2025-05-20,CUST5533,Mouse,Accessories,South,4,728.28,0.07,2709.22,449.93,Debit Card
ORD00550,2025-09-15,CUST2422,Mouse,Accessories,South,3,805.57,0.16,2030.04,479.97,Debit Card
ORD00551,2024-06-17,CUST9856,Monitor,Electronics,North,5,11446.27,0.18,46929.7,3359.25,Cash
ORD00552,2025-01-21,CUST8211,Headphones,Electronics,East,3,2519.42,0.01,7482.68,515.31,Net Banking
ORD00553,2024-11-16,CUST4443,Smartwatch,Electronics,North,3,6437.47,0.13,16801.8,3248.14,Cash
ORD00554,2024-04-10,CUST9750,Laptop,Electronics,West,4,56178.44,0.14,193253.84,21844.74,Net Banking
ORD00555,2024-10-22,CUST3532,Monitor,Electronics,East,3,12261.24,0.02,36048.03,6550.5,Cash
ORD00556,2024-07-11,CUST2107,Keyboard,Accessories,South,1,1426.13,0.13,1240.74,197.37,Net Banking
ORD00557,2025-04-05,CUST5761,Laptop,Electronics,South,3,58797.86,0.18,144642.73,35757.61,Debit Card
ORD00558,2025-12-19,CUST7060,Tablet,Electronics,West,4,20837.97,0.01,82518.38,18798.62,Net Banking
ORD00559,2024-10-12,CUST1105,Printer,Office,North,3,8647.84,0.19,21014.25,3900.55,Cash
ORD00560,2024-08-03,CUST4678,Keyboard,Accessories,North,5,1702.7,0.14,7321.61,749.26,UPI
ORD00561,2025-03-31,CUST9135,Keyboard,Accessories,East,5,1536.52,0.21,6069.24,621.38,Cash
ORD00562,2024-08-15,CUST1790,Monitor,Electronics,South,5,13133.17,0.05,62382.54,14126.45,Debit Card
ORD00563,2024-12-26,CUST5945,Headphones,Electronics,North,2,2442.34,0.21,3858.9,644.7,Net Banking
ORD00564,2024-02-12,CUST9361,Monitor,Electronics,South,5,13451.93,0.02,65914.47,13700.74,Net Banking
ORD00565,2024-06-29,CUST7923,Tablet,Electronics,South,5,21889.9,0.1,98504.55,13787.96,Net Banking
ORD00566,2025-05-25,CUST5445,Webcam,Accessories,South,2,3577.64,0.05,6797.52,480.01,Debit Card
ORD00567,2025-04-06,CUST7609,Webcam,Accessories,East,5,3491.38,0.22,13616.4,1586.82,Cash
ORD00568,2024-10-12,CUST7104,Headphones,Electronics,West,4,2674.96,0.18,8773.86,721.47,Net Banking
ORD00569,2024-10-23,CUST2932,Tablet,Electronics,South,5,22439.93,0.01,111077.65,22922.71,UPI
ORD00570,2025-07-09,CUST2751,Headphones,Electronics,West,5,2328.7,0.0,11643.5,2213.46,UPI
ORD00571,2024-02-06,CUST6200,Smartphone,Electronics,West,2,26809.86,0.07,49866.33,3375.08,Credit Card
ORD00572,2024-03-23,CUST9640,Webcam,Accessories,East,4,3611.43,0.04,13867.89,2416.86,UPI
ORD00573,2024-09-13,CUST3679,Keyboard,Accessories,North,3,1495.13,0.16,3767.73,847.09,Credit Card
ORD00574,2024-08-04,CUST2392,Smartwatch,Electronics,West,1,6151.55,0.17,5105.79,967.41,Net Banking
ORD00575,2025-06-05,CUST2818,Printer,Office,West,4,9686.85,0.24,29448.03,4482.65,Debit Card
ORD00576,2024-01-26,CUST2683,Tablet,Electronics,West,3,22097.52,0.24,50382.36,5661.6,Debit Card
ORD00577,2024-09-07,CUST3249,Laptop,Electronics,North,4,71374.42,0.16,239818.04,54539.26,Debit Card
ORD00578,2024-08-02,CUST2048,Headphones,Electronics,South,3,2182.08,0.0,6546.23,880.87,Net Banking
ORD00579,2025-10-18,CUST6690,Printer,Office,South,3,9545.49,0.09,26059.18,5761.13,Net Banking
ORD00580,2024-11-15,CUST7051,Laptop,Electronics,East,4,71291.79,0.13,248095.44,51256.51,Cash
ORD00581,2025-02-14,CUST8214,Printer,Office,South,2,10445.27,0.12,18383.68,3920.23,UPI
ORD00582,2025-04-03,CUST8584,Smartwatch,Electronics,South,4,6558.91,0.15,22300.3,5529.57,Net Banking
ORD00583,2024-11-19,CUST5629,Laptop,Electronics,South,4,71734.03,0.24,218071.47,43560.15,UPI
ORD00584,2025-06-13,CUST5202,Monitor,Electronics,East,3,11975.86,0.22,28023.51,1591.96,Debit Card
ORD00585,2024-12-04,CUST9901,Mouse,Accessories,East,1,799.6,0.03,775.62,70.65,UPI
ORD00586,2024-08-15,CUST6088,Monitor,Electronics,South,3,13715.71,0.07,38266.84,2182.7,Cash
ORD00587,2024-08-23,CUST1446,Webcam,Accessories,South,5,3969.47,0.21,15679.42,1379.52,Debit Card
ORD00588,2024-12-31,CUST3509,Mouse,Accessories,West,4,766.05,0.21,2420.71,150.78,UPI
ORD00589,2025-03-09,CUST8549,Monitor,Electronics,North,4,10706.08,0.07,39826.64,5986.88,Cash
ORD00590,2025-03-24,CUST2072,Mouse,Accessories,East,2,758.16,0.18,1243.38,69.18,UPI
ORD00591,2025-05-21,CUST4128,Mouse,Accessories,North,3,687.32,0.17,1711.42,247.33,Cash
ORD00592,2024-10-02,CUST8175,Keyboard,Accessories,South,2,1284.35,0.12,2260.45,519.38,UPI
ORD00593,2025-09-24,CUST7839,Headphones,Electronics,South,4,2421.64,0.05,9202.24,1837.83,Debit Card
ORD00594,2024-03-02,CUST5118,Headphones,Electronics,South,3,2830.76,0.22,6623.99,1581.75,Debit Card
ORD00595,2024-11-26,CUST8745,Keyboard,Accessories,South,3,1667.11,0.17,4151.11,395.72,Credit Card
ORD00596,2024-07-05,CUST6890,Printer,Office,East,5,10034.33,0.04,48164.78,7524.16,Cash
ORD00597,2025-06-20,CUST9628,Smartphone,Electronics,South,5,30587.04,0.18,125406.85,14260.75,UPI
ORD00598,2025-05-19,CUST6004,Printer,Office,North,1,8517.8,0.19,6899.42,1026.38,UPI
ORD00599,2025-08-30,CUST2092,Laptop,Electronics,West,5,59452.27,0.22,231863.86,37426.34,UPI
ORD00600,2024-11-16,CUST1593,Laptop,Electronics,West,3,55733.1,0.06,157167.33,8995.82,Net Banking
ORD00601,2024-07-11,CUST1276,Mouse,Accessories,North,5,861.09,0.25,3229.09,312.1,Cash
ORD00602,2024-09-10,CUST5587,Monitor,Electronics,North,1,10724.32,0.04,10295.35,1965.94,UPI
ORD00603,2025-08-01,CUST9274,Monitor,Electronics,West,4,13328.57,0.15,45317.14,9271.23,Credit Card
ORD00604,2024-11-09,CUST4383,Headphones,Electronics,East,5,2607.49,0.16,10951.47,1794.84,Debit Card
ORD00605,2025-07-05,CUST8553,Tablet,Electronics,North,3,20214.16,0.1,54578.24,5685.19,Net Banking
ORD00606,2024-08-11,CUST1467,Printer,Office,East,4,8973.16,0.12,31585.53,4138.24,Net Banking
ORD00607,2025-03-06,CUST6260,Webcam,Accessories,West,3,3634.01,0.22,8503.57,588.51,Debit Card
ORD00608,2024-12-21,CUST1997,Smartwatch,Electronics,East,4,7841.76,0.16,26348.31,6340.35,Net Banking
ORD00609,2025-03-02,CUST3379,Monitor,Electronics,West,3,12786.1,0.12,33755.3,7552.26,Credit Card
ORD00610,2025-01-26,CUST6048,Smartwatch,Electronics,South,5,6681.95,0.03,32407.45,2045.57,Credit Card
ORD00611,2024-08-09,CUST5095,Mouse,Accessories,East,5,820.97,0.0,4104.86,341.93,Debit Card
ORD00612,2024-04-12,CUST8821,Smartwatch,Electronics,East,1,6602.6,0.03,6404.52,1064.55,Cash
ORD00613,2024-11-13,CUST8025,Webcam,Accessories,East,4,4024.11,0.24,12233.29,1180.34,Net Banking
ORD00614,2025-11-04,CUST1093,Keyboard,Accessories,South,1,1611.98,0.19,1305.7,309.29,UPI
ORD00615,2025-06-20,CUST8293,Webcam,Accessories,South,2,3620.1,0.24,5502.55,1106.66,UPI
ORD00616,2025-10-27,CUST2909,Smartwatch,Electronics,South,5,6838.84,0.01,33852.28,3542.92,Credit Card
ORD00617,2024-08-06,CUST8054,Webcam,Accessories,North,4,3624.06,0.17,12031.88,616.28,Cash
ORD00618,2025-03-13,CUST2879,Smartphone,Electronics,West,1,28574.54,0.01,28288.8,5937.52,Cash
ORD00619,2025-12-27,CUST2158,Mouse,Accessories,North,1,686.93,0.2,549.54,74.09,Net Banking
ORD00620,2024-06-17,CUST6221,Printer,Office,East,2,9685.27,0.1,17433.48,3111.45,Net Banking
ORD00621,2025-08-14,CUST1357,Keyboard,Accessories,West,1,1693.72,0.02,1659.84,178.26,Debit Card
ORD00622,2024-03-12,CUST9333,Monitor,Electronics,North,3,12454.68,0.14,32133.08,2524.85,Credit Card
ORD00623,2025-07-28,CUST3218,Laptop,Electronics,South,5,56887.14,0.07,264525.18,48953.64,Debit Card
ORD00624,2025-03-31,CUST8532,Printer,Office,North,1,11154.98,0.16,9370.18,1312.43,Debit Card
ORD00625,2024-03-15,CUST8906,Laptop,Electronics,South,1,60493.06,0.16,50814.17,4930.7,Cash
ORD00626,2024-09-19,CUST9693,Mouse,Accessories,North,2,738.5,0.18,1211.15,93.89,Net Banking
ORD00627,2025-04-13,CUST7074,Keyboard,Accessories,South,3,1408.69,0.25,3169.55,526.45,UPI
ORD00628,2025-09-01,CUST8925,Headphones,Electronics,North,1,2557.9,0.1,2302.11,449.16,Debit Card
ORD00629,2025-08-19,CUST1885,Monitor,Electronics,East,5,12160.88,0.12,53507.86,5713.43,Credit Card
ORD00630,2025-10-22,CUST3939,Smartphone,Electronics,West,5,29922.72,0.2,119690.9,23582.52,Debit Card
ORD00631,2025-06-01,CUST9794,Headphones,Electronics,North,1,2663.15,0.14,2290.31,198.4,UPI
ORD00632,2025-09-12,CUST6818,Mouse,Accessories,North,3,755.97,0.01,2245.23,264.23,UPI
ORD00633,2024-07-17,CUST2724,Printer,Office,West,5,10846.19,0.21,42842.46,8524.64,Credit Card
ORD00634,2024-12-03,CUST6929,Smartphone,Electronics,East,5,27077.9,0.01,134035.58,24398.32,UPI
ORD00635,2024-02-07,CUST1171,Webcam,Accessories,East,3,3796.75,0.04,10934.65,1138.35,UPI
ORD00636,2024-11-14,CUST5676,Smartwatch,Electronics,South,3,7344.0,0.03,21371.04,1590.58,UPI
ORD00637,2025-10-01,CUST2301,Smartphone,Electronics,East,1,31648.87,0.02,31015.9,1814.27,Debit Card
ORD00638,2024-05-19,CUST1083,Mouse,Accessories,West,4,795.57,0.01,3150.47,685.49,Credit Card
ORD00639,2024-09-04,CUST7231,Tablet,Electronics,North,2,23102.21,0.01,45742.38,2974.55,Debit Card
ORD00640,2025-10-20,CUST5828,Smartwatch,Electronics,West,4,6117.57,0.11,21778.56,1589.16,Credit Card
ORD00641,2025-03-02,CUST7679,Laptop,Electronics,South,4,71855.25,0.06,270175.73,26353.51,UPI
ORD00642,2024-07-13,CUST2786,Monitor,Electronics,North,5,10399.97,0.03,50439.85,7017.9,UPI
ORD00643,2024-08-02,CUST5309,Laptop,Electronics,South,3,58150.46,0.16,146539.16,30473.9,Net Banking
ORD00644,2025-10-06,CUST9998,Smartphone,Electronics,South,5,30691.11,0.06,144248.2,14352.13,UPI
ORD00645,2025-06-24,CUST9502,Laptop,Electronics,East,2,69668.52,0.0,139337.05,22113.02,Credit Card
ORD00646,2025-09-01,CUST2760,Mouse,Accessories,North,1,698.3,0.1,628.47,42.78,Cash
ORD00647,2025-01-23,CUST6491,Webcam,Accessories,South,2,3941.8,0.08,7252.92,1036.46,Credit Card
ORD00648,2025-03-04,CUST3230,Printer,Office,South,5,11420.82,0.08,52535.79,4493.27,UPI
ORD00649,2025-11-24,CUST7341,Monitor,Electronics,South,5,12381.42,0.11,55097.32,5082.08,UPI
ORD00650,2024-05-31,CUST2982,Laptop,Electronics,West,5,64634.25,0.17,268232.13,33090.64,Cash
ORD00651,2024-04-12,CUST7553,Laptop,Electronics,South,5,69707.2,0.15,296255.61,59923.49,UPI
ORD00652,2025-02-08,CUST7864,Smartphone,Electronics,East,4,28455.22,0.23,87642.07,17423.0,Net Banking
ORD00653,2024-10-14,CUST1356,Printer,Office,East,1,9979.79,0.13,8682.42,1154.71,Cash
ORD00654,2024-05-12,CUST5951,Headphones,Electronics,North,4,2812.11,0.12,9898.64,729.87,Debit Card
ORD00655,2025-03-21,CUST6060,Laptop,Electronics,South,5,73885.28,0.05,350955.08,37249.78,Net Banking
ORD00656,2025-02-05,CUST5734,Mouse,Accessories,North,3,902.5,0.19,2193.07,331.31,Credit Card
ORD00657,2024-02-04,CUST3311,Tablet,Electronics,North,4,20432.16,0.04,78459.48,17565.69,Net Banking
ORD00658,2025-08-14,CUST6610,Monitor,Electronics,East,5,11036.89,0.12,48562.31,11832.25,Net Banking
ORD00659,2024-12-09,CUST9718,Laptop,Electronics,South,5,61054.46,0.11,271692.34,48223.81,UPI
ORD00660,2025-04-28,CUST4244,Mouse,Accessories,East,1,785.91,0.16,660.17,79.31,Debit Card
ORD00661,2025-10-06,CUST7884,Mouse,Accessories,West,2,755.4,0.23,1163.32,219.51,Cash
ORD00662,2025-06-04,CUST1364,Monitor,Electronics,South,4,11547.17,0.24,35103.38,4115.73,Net Banking
ORD00663,2025-01-22,CUST8562,Headphones,Electronics,South,4,2590.48,0.04,9947.43,1741.74,UPI
ORD00664,2025-06-28,CUST4331,Mouse,Accessories,North,4,863.01,0.07,3210.38,317.04,Net Banking
ORD00665,2025-11-29,CUST1112,Tablet,Electronics,North,5,23554.68,0.2,94218.74,9742.0,Debit Card
ORD00666,2024-01-11,CUST5574,Mouse,Accessories,East,1,875.46,,761.65,49.54,Cash
ORD00667,2025-08-03,CUST3529,Mouse,Accessories,West,5,687.72,0.11,3060.37,410.18,UPI
ORD00668,2024-05-17,CUST7571,Mouse,Accessories,East,5,691.46,0.18,2834.97,492.25,Net Banking
ORD00669,2024-05-10,CUST8684,Webcam,Accessories,West,3,3803.85,0.15,9699.82,2015.23,Debit Card
ORD00670,2025-02-02,CUST9151,Webcam,Accessories,South,1,3534.73,0.24,2686.4,569.7,Credit Card
ORD00671,2024-09-07,CUST9772,Headphones,Electronics,North,4,2558.61,0.15,8699.26,2161.67,Credit Card
ORD00672,2025-09-26,CUST9567,Laptop,Electronics,North,2,56275.44,0.12,99044.78,6690.59,Debit Card
ORD00673,2024-12-31,CUST3977,Mouse,Accessories,South,4,741.28,0.14,2549.99,379.0,Cash
ORD00674,2025-02-24,CUST3613,Printer,Office,West,5,10415.06,0.2,41660.25,6427.13,Net Banking
ORD00675,2025-02-27,CUST1484,Laptop,Electronics,East,1,72004.05,0.15,61203.44,12908.21,Net Banking
ORD00676,2024-06-10,CUST7880,Headphones,Electronics,South,1,2812.74,0.16,2362.7,244.0,Debit Card
ORD00677,2024-04-04,CUST4760,Keyboard,Accessories,North,1,1500.19,0.24,1140.14,72.83,Net Banking
ORD00678,2024-06-10,CUST6632,Laptop,Electronics,West,3,65886.75,0.15,168011.21,18943.56,Cash
ORD00679,2024-12-26,CUST2710,Laptop,Electronics,East,4,71494.47,0.1,257380.08,63517.69,Debit Card
ORD00680,2024-08-16,CUST2160,Smartwatch,Electronics,South,3,7079.01,0.17,17626.74,4052.18,Credit Card
ORD00681,2024-04-25,CUST7417,Smartphone,Electronics,North,2,30151.73,0.16,50654.9,6536.98,Credit Card
ORD00682,2024-08-08,CUST1230,Smartwatch,Electronics,West,5,7850.68,0.0,39253.38,8842.0,UPI
ORD00683,2025-04-07,CUST7374,Tablet,Electronics,East,3,23913.56,0.12,63131.79,3570.16,Credit Card
ORD00684,2025-11-11,CUST4186,Webcam,Accessories,South,3,3929.53,0.19,9548.75,1077.49,Net Banking
ORD00685,2024-11-10,CUST7853,Webcam,Accessories,East,5,3204.16,0.12,14098.3,2754.28,Cash
ORD00686,2024-11-25,CUST3562,Smartphone,Electronics,South,1,30219.38,0.19,24477.7,2308.01,Cash
ORD00687,2025-10-18,CUST3031,Monitor,Electronics,West,5,13232.9,0.11,58886.4,5280.83,UPI
ORD00688,2024-10-12,CUST1111,Monitor,Electronics,North,4,10600.13,0.25,31800.4,7071.18,Net Banking
ORD00689,2024-06-30,CUST4217,Headphones,Electronics,South,5,2721.0,0.07,12652.63,2191.32,Debit Card
ORD00690,2025-03-31,CUST6907,Smartphone,Electronics,South,1,27146.76,0.02,26603.83,6592.55,UPI
ORD00691,2024-10-01,CUST9195,Laptop,Electronics,West,5,71008.32,0.11,315987.0,24310.12,Net Banking
ORD00692,2024-02-06,CUST7252,Monitor,Electronics,West,3,12403.2,0.14,32000.26,3879.25,Debit Card
ORD00693,2025-03-18,CUST4149,Mouse,Accessories,North,2,726.38,0.09,1322.01,148.39,Credit Card
ORD00694,2024-02-05,CUST2720,Printer,Office,West,3,9920.06,0.06,27974.58,6322.99,Credit Card
ORD00695,2024-03-08,CUST5834,Laptop,Electronics,East,2,68547.15,0.17,113788.27,11499.36,Debit Card
ORD00696,2025-02-13,CUST3096,Tablet,Electronics,East,5,22883.43,0.09,104119.6,12566.42,UPI
ORD00697,2024-12-25,CUST1521,Mouse,Accessories,North,4,782.54,0.16,2629.33,206.58,Debit Card
ORD00698,2024-04-30,CUST3423,Mouse,Accessories,North,5,895.85,0.19,3628.18,744.07,Net Banking
ORD00699,2025-10-28,CUST6242,Smartphone,Electronics,West,1,30173.37,0.19,24440.43,2383.94,Debit Card
ORD00700,2025-12-17,CUST7731,Headphones,Electronics,East,5,2504.4,0.09,11395.02,725.45,Net Banking
ORD00701,2025-07-09,CUST1634,Tablet,Electronics,West,2,19110.85,0.14,32870.67,4504.0,Net Banking
ORD00702,2025-04-26,CUST9840,Monitor,Electronics,North,3,13519.63,0.11,36097.42,4631.0,Credit Card
ORD00703,2024-10-15,CUST8685,Smartphone,Electronics,East,4,27094.05,0.22,84533.43,7229.45,Net Banking
ORD00704,2024-03-30,CUST1366,Monitor,Electronics,North,5,12102.04,0.22,47197.96,3621.0,Cash
ORD00705,2024-07-30,CUST7289,Smartphone,Electronics,North,5,32732.11,0.09,148931.09,34151.6,Credit Card
ORD00706,2025-07-28,CUST4783,Smartphone,Electronics,West,3,27439.08,0.02,80670.89,5128.16,Credit Card
ORD00707,2024-03-12,CUST7026,Smartphone,Electronics,North,4,30246.36,0.04,116146.02,8114.22,Debit Card
ORD00708,2024-10-16,CUST4988,Headphones,Electronics,West,5,2305.51,0.09,10490.09,1038.62,Net Banking
ORD00709,2025-01-01,CUST5307,Smartphone,Electronics,North,5,32337.25,0.14,139050.2,33451.01,Debit Card
ORD00710,2024-01-27,CUST6377,Keyboard,Accessories,North,2,1528.95,0.16,2568.64,172.3,Net Banking
ORD00711,2025-02-23,CUST9816,Printer,Office,North,2,11067.93,0.08,20364.99,4341.88,Credit Card
ORD00712,2024-12-27,CUST2803,Monitor,Electronics,East,1,13420.41,0.17,11138.94,2544.25,Cash
ORD00713,2025-07-18,CUST2234,Laptop,Electronics,North,3,67900.3,0.23,156849.7,19696.17,Credit Card
ORD00714,2025-03-30,CUST8250,Smartwatch,Electronics,South,4,7473.32,0.16,25110.36,2731.48,UPI
ORD00715,2025-09-03,CUST1761,Tablet,Electronics,East,5,22324.85,0.04,107159.29,19875.43,Debit Card
ORD00716,2025-04-16,CUST9540,Webcam,Accessories,South,5,3378.65,0.14,14528.2,2768.01,Cash
ORD00717,2025-08-13,CUST7331,Headphones,Electronics,North,1,2611.09,0.14,2245.54,462.57,Debit Card
ORD00718,2025-01-03,CUST8585,Laptop,Electronics,East,5,72961.63,0.22,284550.35,61495.13,Net Banking
ORD00719,2024-11-21,CUST7970,Mouse,Accessories,South,3,780.0,0.09,2129.41,220.78,Debit Card
ORD00720,2025-02-13,CUST1895,Keyboard,Accessories,North,1,1416.48,0.11,1260.67,236.24,Credit Card
ORD00721,2025-08-24,CUST8451,Webcam,Accessories,East,3,3382.86,0.15,8626.29,664.06,Credit Card
ORD00722,2025-05-17,CUST1330,Smartwatch,Electronics,North,1,6864.34,0.13,5971.97,908.61,Debit Card
ORD00723,2024-01-25,CUST4551,Laptop,Electronics,West,5,56684.44,0.18,232406.2,40108.05,Net Banking
ORD00724,2024-06-09,CUST1922,Webcam,Accessories,West,1,3498.36,0.01,3463.38,285.2,Net Banking
ORD00725,2024-07-13,CUST2518,Laptop,Electronics,South,2,64889.13,0.14,111609.3,7288.23,Cash
ORD00726,2025-12-13,CUST6428,Keyboard,Accessories,East,4,1539.8,0.03,5974.42,531.42,Credit Card
ORD00727,2025-02-24,CUST4450,Smartwatch,Electronics,East,5,6711.92,0.08,30874.84,4140.86,Debit Card
ORD00728,2025-11-08,CUST6113,Mouse,Accessories,East,4,827.15,0.17,2746.12,624.93,Cash
ORD00729,2024-01-13,CUST4338,Smartphone,Electronics,East,5,33403.95,0.04,160338.94,25074.27,UPI
ORD00730,2025-02-10,CUST9196,,Electronics,East,4,13639.7,0.08,50194.08,10023.69,Cash
ORD00731,2024-12-20,CUST9097,Mouse,Accessories,South,2,820.07,0.18,1344.91,114.09,UPI
ORD00732,2024-09-02,CUST7461,Smartphone,Electronics,East,4,25883.32,0.16,86967.95,6191.74,UPI
ORD00733,2024-03-28,CUST9238,Headphones,Electronics,West,1,2851.93,0.02,2794.89,273.69,Cash
ORD00734,2025-03-14,CUST6334,Printer,Office,West,4,10617.59,0.14,36524.5,4119.09,Credit Card
ORD00735,2025-02-24,CUST9490,Tablet,Electronics,East,5,20917.36,0.04,100403.33,16026.42,Cash
ORD00736,2025-10-13,CUST9252,Tablet,Electronics,North,3,19671.24,0.06,55472.9,12550.67,Cash
ORD00737,2024-09-12,CUST8141,Monitor,Electronics,East,4,10716.31,0.11,38150.05,5158.59,Credit Card
ORD00738,2024-10-02,CUST4487,Smartwatch,Electronics,South,4,6302.26,0.03,24452.78,3759.85,Credit Card
ORD00739,2025-10-19,CUST6758,Keyboard,Accessories,West,4,1295.51,0.25,3886.52,197.91,Credit Card
ORD00740,2024-01-07,CUST2824,Smartwatch,Electronics,West,5,7844.52,0.04,37653.71,2133.55,Credit Card
ORD00741,2025-05-14,CUST1755,Keyboard,Accessories,South,4,1518.35,0.2,4858.71,324.34,Credit Card
ORD00742,2024-09-02,CUST9767,Smartwatch,Electronics,South,5,7419.91,0.21,29308.66,5562.75,Credit Card
ORD00743,2024-12-11,CUST8110,Printer,Office,North,5,10984.33,0.25,41191.22,6064.92,Cash
ORD00744,2024-07-22,CUST3224,Headphones,Electronics,West,3,2718.66,0.11,7258.81,643.07,Debit Card
ORD00745,2025-04-26,CUST7419,Headphones,Electronics,East,1,2786.95,0.22,2173.82,366.33,Debit Card
ORD00746,2025-04-24,CUST1533,Smartphone,Electronics,South,5,34205.29,0.24,129980.11,20656.75,Debit Card
ORD00747,2024-04-03,CUST2991,Webcam,Accessories,East,2,3436.02,0.04,6597.17,447.02,Cash
ORD00748,2024-11-05,CUST1863,Headphones,Electronics,South,4,2837.75,0.12,9988.89,1778.85,Credit Card
ORD00749,2025-06-03,CUST5507,Headphones,Electronics,South,2,2667.47,0.02,5228.24,1063.59,UPI
ORD00750,2025-03-05,CUST4026,Mouse,Accessories,West,4,696.96,0.16,2341.79,251.3,Credit Card
ORD00751,2024-06-18,CUST6961,Mouse,Accessories,South,3,843.63,0.15,2151.25,403.35,Net Banking
ORD00752,2024-04-28,CUST2208,Smartphone,Electronics,West,5,31680.45,0.05,150482.14,13534.95,Credit Card
ORD00753,2025-10-01,CUST2610,Webcam,Accessories,North,1,3926.15,0.2,3140.92,632.41,Debit Card
ORD00754,2024-03-03,CUST5327,Monitor,Electronics,West,5,11542.56,0.01,57135.65,13275.74,Credit Card
ORD00755,2024-04-26,CUST2097,Mouse,Accessories,East,4,820.38,0.2,2625.21,363.26,Credit Card
ORD00756,2024-04-18,CUST1252,Monitor,Electronics,East,1,10243.88,0.01,10141.44,1003.24,Net Banking
ORD00757,2025-05-07,CUST1433,Laptop,Electronics,East,5,61725.47,0.16,259246.96,33659.42,UPI
ORD00758,2025-12-17,CUST2956,Mouse,Accessories,East,1,694.94,0.02,681.04,68.11,UPI
ORD00759,2025-08-22,CUST3788,Printer,Office,West,4,10065.62,0.06,37846.73,1901.72,Debit Card
ORD00760,2025-02-20,CUST1083,Webcam,Accessories,West,3,3833.32,0.18,9429.97,1698.26,UPI
ORD00761,2024-11-20,CUST9903,Smartphone,Electronics,South,3,27357.98,0.07,76328.78,4465.64,Debit Card
ORD00762,2024-08-27,CUST6776,Laptop,Electronics,West,5,65535.1,0.13,285077.69,26249.43,Cash
ORD00763,2025-12-10,CUST4045,Webcam,Accessories,East,2,3189.21,0.23,4911.38,955.21,Net Banking
ORD00764,2025-05-30,CUST9408,Printer,Office,West,4,8862.07,0.01,35093.78,6427.25,Credit Card
ORD00765,2025-09-09,CUST8628,Webcam,Accessories,North,5,3511.55,0.2,14046.19,908.31,Net Banking
ORD00766,2025-09-10,CUST6356,Printer,Office,North,5,8737.45,0.02,42813.48,7792.52,UPI
ORD00767,2024-09-08,CUST5015,Printer,Office,North,3,10262.06,0.03,29862.61,7051.01,Credit Card
ORD00768,2024-07-04,CUST3558,Monitor,Electronics,East,1,10312.81,0.03,10003.43,649.23,Net Banking
ORD00769,2025-02-16,CUST3276,Smartwatch,Electronics,North,4,6174.1,0.25,18522.3,2466.02,Net Banking
ORD00770,2025-05-18,CUST5393,Laptop,Electronics,South,1,65974.95,0.05,62676.2,12277.44,Debit Card
ORD00771,2025-06-16,CUST3665,Webcam,Accessories,North,4,3595.98,0.22,11219.45,2059.27,Cash
ORD00772,2024-06-02,CUST1504,Keyboard,Accessories,East,2,1288.04,0.25,1932.07,184.13,Net Banking
ORD00773,2024-08-11,CUST5746,Laptop,Electronics,South,3,66430.85,0.1,179363.29,14817.82,Credit Card
ORD00774,2025-08-20,CUST4835,Smartwatch,Electronics,North,2,7710.86,0.16,12954.24,2679.58,Cash
ORD00775,2025-07-06,CUST7583,Laptop,Electronics,West,5,69335.17,0.19,280807.42,67744.49,Cash
ORD00776,2025-02-21,CUST1940,Headphones,Electronics,West,3,2223.39,0.1,6003.15,1221.74,Credit Card
ORD00777,2025-04-29,CUST5257,Keyboard,Accessories,East,5,1541.61,0.04,7399.75,1795.48,Cash
ORD00778,2025-11-14,CUST7137,Smartwatch,Electronics,East,2,7361.73,0.11,13103.88,2240.75,UPI
ORD00779,2025-11-02,CUST5702,Monitor,Electronics,East,4,10334.03,0.19,33482.26,7895.78,Cash
ORD00780,2024-06-08,CUST5953,Webcam,Accessories,South,5,3873.12,0.2,15492.46,2913.93,Debit Card
ORD00781,2024-02-20,CUST2912,Tablet,Electronics,East,1,24681.36,0.06,23200.48,5377.34,Cash
ORD00782,2025-09-21,CUST8239,Smartwatch,Electronics,North,4,7735.95,0.04,29706.05,2445.34,Net Banking
ORD00783,2024-10-06,CUST7725,Smartphone,Electronics,North,4,32921.68,0.23,101398.78,21609.4,Cash
ORD00784,2024-06-20,CUST1401,Webcam,Accessories,West,2,3757.21,0.01,7439.28,664.69,Debit Card
ORD00785,2024-11-27,CUST4444,Smartwatch,Electronics,West,2,7280.21,0.18,11939.54,662.48,Debit Card
ORD00786,2025-08-18,CUST4347,Headphones,Electronics,North,3,2633.97,0.01,7822.89,1200.95,Cash
ORD00787,2024-10-19,CUST2349,Tablet,Electronics,West,3,24022.21,0.21,56932.64,6470.41,UPI
ORD00788,2024-03-06,CUST4087,Headphones,Electronics,East,1,2621.87,0.23,2018.84,118.52,Cash
ORD00789,2024-09-26,CUST7050,Tablet,Electronics,East,4,20863.0,0.07,77610.35,19096.87,Credit Card
ORD00790,2024-12-09,CUST3230,Smartphone,Electronics,North,1,28883.65,0.02,28305.98,5188.29,Debit Card
ORD00791,2024-09-27,CUST5963,Webcam,Accessories,South,1,3916.91,0.12,3446.88,794.03,Cash
ORD00792,2024-03-01,CUST2791,Monitor,Electronics,South,2,10261.64,0.07,19086.65,4768.16,UPI
ORD00793,2025-11-19,CUST8360,Headphones,Electronics,South,1,2649.12,0.1,2384.2,306.12,UPI
ORD00794,2025-09-20,CUST8181,Headphones,Electronics,West,1,2841.08,0.17,2358.1,238.04,UPI
ORD00795,2024-05-15,CUST5119,Printer,Office,South,5,10618.68,0.05,50438.75,4376.92,Net Banking
ORD00796,2024-09-15,CUST7949,Tablet,Electronics,East,3,25259.82,0.09,68959.31,10553.35,Net Banking
ORD00797,2024-09-12,CUST5350,Mouse,Accessories,South,3,845.01,0.2,2028.03,347.23,Net Banking
ORD00798,2024-11-26,CUST5044,Webcam,Accessories,North,4,3011.08,0.16,10117.23,1461.78,Credit Card
ORD00799,2025-01-27,CUST8474,Tablet,Electronics,West,3,24158.27,0.08,66676.81,8497.99,Credit Card
ORD00800,2025-06-27,CUST2341,Printer,Office,East,4,9353.89,0.17,31054.91,2597.88,Cash
ORD00801,2024-09-10,CUST3814,Laptop,Electronics,East,5,63948.12,0.19,258989.87,35836.93,Net Banking
ORD00802,2024-09-23,CUST8945,Tablet,Electronics,North,3,20759.81,0.15,52937.51,3549.39,Net Banking
ORD00803,2024-01-07,CUST9613,Monitor,Electronics,West,5,11166.79,0.06,52483.94,11704.42,Credit Card
ORD00804,2025-03-14,CUST9322,Webcam,Accessories,North,3,3427.98,0.0,10283.93,610.67,UPI
ORD00805,2025-07-04,CUST6544,Printer,Office,South,3,9636.25,0.2,23127.01,2916.99,UPI
ORD00806,2024-01-04,CUST8312,Laptop,Electronics,West,5,67600.1,0.21,267020.4,18698.79,Debit Card
ORD00807,2025-06-25,CUST5314,Keyboard,Accessories,West,1,1640.92,0.17,1361.96,279.2,Cash
ORD00808,2025-11-08,CUST9388,Printer,Office,East,1,9391.27,0.02,9203.44,1035.82,Cash
ORD00809,2024-11-02,CUST7738,Keyboard,Accessories,South,1,1371.17,0.15,1165.5,84.64,Net Banking
ORD00810,2025-04-06,CUST6980,Webcam,Accessories,South,1,3675.24,0.21,2903.44,453.8,Credit Card
ORD00811,2025-07-01,CUST7926,Headphones,Electronics,East,3,2627.74,0.1,7094.9,1654.92,Cash
ORD00812,2024-12-16,CUST5713,Printer,Office,North,2,11203.39,0.05,21286.45,4932.69,UPI
ORD00813,2025-05-13,CUST2635,Smartphone,Electronics,East,5,25643.51,0.15,108984.92,10890.89,Credit Card
ORD00814,2024-07-29,CUST2394,Keyboard,Accessories,North,2,1658.87,0.21,2621.01,508.3,Net Banking
ORD00815,2024-04-22,CUST3436,Monitor,Electronics,North,2,12075.61,0.01,23909.7,1340.3,Net Banking
ORD00816,2024-04-26,CUST2835,Smartphone,Electronics,West,4,31091.72,0.15,105711.84,8073.25,Cash
ORD00817,2024-11-11,CUST9238,Smartwatch,Electronics,South,1,6141.88,0.16,5159.18,773.33,Cash
ORD00818,2025-07-16,CUST6277,Smartwatch,Electronics,South,3,6858.49,0.15,17489.15,1674.61,Debit Card
ORD00819,2025-03-08,CUST8947,Laptop,Electronics,South,1,59682.4,0.16,50133.21,10510.55,Cash
ORD00820,2024-01-15,CUST7565,Headphones,Electronics,East,1,2315.67,0.16,1945.16,459.48,Cash
ORD00821,2024-07-19,CUST2051,Webcam,Accessories,East,2,3504.3,0.03,6798.34,345.81,UPI
ORD00822,2024-12-12,CUST6296,Printer,Office,North,4,10937.37,0.06,41124.5,3971.93,UPI
ORD00823,2024-05-03,CUST9878,Mouse,Accessories,North,1,858.51,0.15,729.73,100.64,Credit Card
ORD00824,2024-06-04,CUST7862,Monitor,Electronics,East,5,12327.6,0.0,61638.0,10023.32,Cash
ORD00825,2025-02-12,CUST3909,Keyboard,Accessories,West,5,1517.74,0.16,6374.5,1486.41,Cash
ORD00826,2024-07-26,CUST1757,Webcam,Accessories,East,1,3423.67,0.17,2841.65,648.97,Net Banking
ORD00827,2025-04-10,CUST8435,Smartphone,Electronics,North,2,34254.39,0.06,64398.25,11426.44,UPI
ORD00828,2024-06-12,CUST9245,Smartwatch,Electronics,West,2,7126.4,0.15,12114.89,1229.39,Net Banking
ORD00829,2024-10-03,CUST7528,Monitor,Electronics,North,3,11114.28,0.13,29008.27,5994.78,Cash
ORD00830,2025-12-05,CUST7666,Mouse,Accessories,East,4,735.22,0.07,2735.03,247.6,UPI
ORD00831,2025-01-28,CUST7366,Printer,Office,South,2,10334.06,0.12,18187.94,4420.3,Cash
ORD00832,2024-02-19,CUST4638,Laptop,Electronics,West,3,65445.14,0.23,151178.27,7735.49,Debit Card
ORD00833,2025-12-25,CUST9099,Mouse,Accessories,East,5,681.85,0.11,3034.22,497.47,Net Banking
ORD00834,2025-08-24,CUST3333,Monitor,Electronics,West,5,13188.24,0.16,55390.59,3748.8,UPI
ORD00835,2024-05-23,CUST2603,Mouse,Accessories,South,5,848.99,0.01,4202.5,552.71,UPI
ORD00836,2024-06-14,CUST7967,Monitor,Electronics,South,1,12582.59,0.02,12330.93,2182.41,Cash
ORD00837,2024-03-07,CUST9635,Monitor,Electronics,East,4,10447.61,0.02,40954.63,7696.18,Cash
ORD00838,2024-01-20,CUST7910,Tablet,Electronics,North,3,21089.57,0.19,51247.65,10614.1,Credit Card
ORD00839,2025-09-14,CUST5364,Keyboard,Accessories,West,4,1695.92,0.09,6173.16,1041.2,Credit Card
ORD00840,2024-03-09,CUST1907,Smartwatch,Electronics,West,1,7761.44,0.06,7295.75,731.5,Net Banking
ORD00841,2025-03-29,CUST4451,Tablet,Electronics,South,3,20584.58,0.19,50020.54,11397.21,UPI
ORD00842,2024-01-25,CUST3140,Printer,Office,East,3,8971.18,0.04,25836.99,5483.16,Cash
ORD00843,2024-11-05,CUST1594,Tablet,Electronics,South,2,21663.98,0.06,40728.28,3340.15,Net Banking
ORD00844,2024-01-12,CUST8947,Headphones,Electronics,South,4,2391.87,0.11,8515.07,1833.31,UPI
ORD00845,2025-07-30,CUST2539,Headphones,Electronics,North,4,2636.67,0.08,9702.94,2372.65,Cash
ORD00846,2025-11-24,CUST9345,Smartwatch,Electronics,South,2,7979.51,0.15,13565.17,2407.06,Credit Card
ORD00847,2024-08-21,CUST8871,Mouse,Accessories,East,5,767.12,0.08,3528.75,375.32,UPI
ORD00848,2024-05-12,CUST8039,Keyboard,Accessories,South,1,1303.0,0.1,1172.7,200.91,Cash
ORD00849,2025-11-28,CUST8033,Smartwatch,Electronics,East,4,7834.99,0.22,24445.17,2896.92,Net Banking
ORD00850,2025-08-13,CUST1417,Monitor,Electronics,South,2,10336.62,0.22,16125.13,2986.2,Net Banking
ORD00851,2025-10-05,CUST5348,Smartphone,Electronics,North,3,34074.89,0.21,80757.5,12837.21,Debit Card
ORD00852,2024-10-01,CUST7911,Keyboard,Accessories,North,2,1574.06,0.22,2455.53,579.26,UPI
ORD00853,2025-12-12,CUST5407,Keyboard,Accessories,South,5,1698.76,0.14,7304.67,1267.96,Net Banking
ORD00854,2025-09-04,CUST7942,Monitor,Electronics,North,1,10918.77,0.16,9171.77,851.11,UPI
ORD00855,2024-05-31,CUST4863,Monitor,Electronics,West,5,10346.52,0.14,44490.03,8676.53,Net Banking
ORD00856,2025-03-27,CUST5530,Laptop,Electronics,West,3,64770.09,0.2,155448.23,17126.61,UPI
ORD00857,2024-08-03,CUST5032,Smartwatch,Electronics,South,3,6896.31,0.14,17792.48,1858.93,UPI
ORD00858,2025-10-20,CUST4425,Monitor,Electronics,South,3,11393.37,0.03,33154.71,4255.58,UPI
ORD00859,2024-11-05,CUST2005,Headphones,Electronics,North,3,2843.24,0.2,6823.78,357.56,Debit Card
ORD00860,2024-08-20,CUST5360,Printer,Office,North,2,10967.75,0.19,17767.76,4332.28,Credit Card
ORD00861,2025-05-07,CUST7250,Smartphone,Electronics,South,3,31454.24,0.21,74546.54,11664.02,UPI
ORD00862,2024-05-28,CUST3979,Smartwatch,Electronics,East,3,6292.0,0.05,17932.21,3670.7,Credit Card
ORD00863,2024-12-02,CUST1439,Webcam,Accessories,East,2,3746.04,0.07,6967.63,707.71,Credit Card
ORD00864,2025-03-31,CUST2837,Headphones,Electronics,West,3,2670.26,0.07,7450.02,1484.97,Credit Card
ORD00865,2025-04-23,CUST4209,Mouse,Accessories,North,5,782.02,0.13,3401.77,555.97,Net Banking
ORD00866,2025-05-21,CUST1894,Monitor,Electronics,North,5,13529.23,0.03,65616.76,8847.03,Cash
ORD00867,2024-10-01,CUST1650,Webcam,Accessories,West,4,3150.33,0.1,11341.18,2768.77,Credit Card
ORD00868,2024-06-29,CUST8795,Monitor,Electronics,East,5,11162.42,0.05,53021.47,7887.94,UPI
ORD00869,2025-03-09,CUST8661,Keyboard,Accessories,East,1,1303.45,0.07,1212.21,220.01,Cash
ORD00870,2024-05-30,CUST5985,Headphones,Electronics,West,1,2721.59,0.18,2231.7,118.43,Net Banking
ORD00871,2025-04-15,CUST3562,Keyboard,Accessories,South,1,1554.79,0.21,1228.29,135.47,Debit Card
ORD00872,2024-07-22,CUST7075,Laptop,Electronics,North,2,61391.34,0.01,121554.85,27682.7,Credit Card
ORD00873,2025-08-14,CUST5215,Keyboard,Accessories,South,5,1348.72,0.14,5799.48,1170.29,Credit Card
ORD00874,2025-04-08,CUST4783,Laptop,Electronics,South,1,56032.88,0.01,55472.55,8728.65,Net Banking
ORD00875,2024-11-22,CUST1054,Laptop,Electronics,East,4,58501.54,0.02,229326.03,52752.31,UPI
ORD00876,2024-05-28,CUST2517,Webcam,Accessories,South,2,3450.95,0.18,5659.56,833.34,UPI
ORD00877,2024-10-03,CUST9547,Monitor,Electronics,North,4,11089.84,0.18,36374.67,5940.03,Cash
ORD00878,2024-02-04,CUST6587,Mouse,Accessories,North,5,742.16,0.2,2968.62,375.32,Cash
ORD00879,2024-08-03,CUST5869,Keyboard,Accessories,North,3,1669.01,0.12,4406.18,766.71,UPI
ORD00880,2024-01-01,CUST6007,Headphones,Electronics,West,4,2511.35,0.21,7935.88,903.11,Debit Card
ORD00881,2025-12-18,CUST6841,Laptop,Electronics,South,3,69470.41,0.04,200074.79,25429.19,UPI
ORD00882,2025-04-12,CUST3265,Monitor,Electronics,South,2,10328.56,0.06,19417.69,4723.65,Debit Card
ORD00883,2025-08-26,CUST9915,Smartphone,Electronics,North,4,28786.47,0.03,111691.5,8071.02,Net Banking
ORD00884,2025-04-10,CUST7124,Smartwatch,Electronics,West,4,6956.26,0.2,22260.02,1581.6,Debit Card
ORD00885,2025-03-26,CUST4389,Webcam,Accessories,West,2,3170.74,0.06,5960.99,349.69,Net Banking
ORD00886,2025-08-25,CUST5359,Mouse,Accessories,East,2,708.85,0.04,1360.98,155.16,Credit Card
ORD00887,2024-03-10,CUST8185,Tablet,Electronics,East,1,24444.0,0.16,20532.96,2662.01,UPI
ORD00888,2025-10-05,CUST2837,Webcam,Accessories,North,5,3961.4,0.02,19410.88,1337.47,Cash
ORD00889,2024-09-13,CUST9623,Smartphone,Electronics,South,4,26209.26,0.01,103788.67,16588.15,Credit Card
ORD00890,2024-04-01,CUST2819,Smartwatch,Electronics,South,4,6682.94,0.03,25929.8,4321.47,Cash
ORD00891,2025-08-16,CUST3377,Smartphone,Electronics,South,2,34124.57,0.0,68249.14,13663.84,Debit Card
ORD00892,2025-01-06,CUST5371,Keyboard,Accessories,West,2,1312.42,0.17,2178.62,534.18,UPI
ORD00893,2024-04-08,CUST2445,Laptop,Electronics,South,5,67801.01,0.14,291544.33,50690.94,UPI
ORD00894,2025-05-24,CUST8080,Mouse,Accessories,West,2,913.33,0.05,1735.33,125.52,UPI
ORD00895,2025-07-18,CUST5822,Printer,Office,North,3,11434.67,0.06,32245.77,2183.2,Credit Card
ORD00896,2025-08-14,CUST2903,Laptop,Electronics,South,3,64438.85,0.2,154653.25,31782.69,Net Banking
ORD00897,2025-05-21,CUST2915,Printer,Office,West,3,8988.25,0.13,23459.33,4224.25,Debit Card
ORD00898,2024-12-08,CUST6267,Smartwatch,Electronics,North,3,6374.38,0.17,15872.2,1307.6,Credit Card
ORD00899,2024-09-02,CUST4121,Monitor,Electronics,North,5,13402.57,0.11,59641.41,6004.22,Credit Card
ORD00900,2025-04-16,CUST9776,Tablet,Electronics,West,4,24717.11,0.06,92936.33,18591.73,Net Banking
ORD00901,2024-10-05,CUST4965,Headphones,Electronics,West,3,2580.91,0.24,5884.47,960.53,Cash
ORD00902,2025-05-24,CUST3152,Laptop,Electronics,South,2,70190.44,0.14,120727.56,20161.5,Cash
ORD00903,2025-03-06,CUST1291,Mouse,Accessories,East,3,857.58,0.03,2495.57,229.6,UPI
ORD00904,2025-03-17,CUST7375,Smartphone,Electronics,South,5,31456.39,0.1,141553.77,24886.8,Credit Card
ORD00905,2024-09-17,CUST6220,Mouse,Accessories,East,2,878.55,0.08,1616.53,329.97,Net Banking
ORD00906,2024-09-11,CUST7402,Smartwatch,Electronics,West,3,7389.35,0.05,21059.66,4781.6,Net Banking
ORD00907,2025-04-05,CUST6602,Printer,Office,East,4,10102.01,0.23,31114.18,6140.18,Cash
ORD00908,2025-08-17,CUST8779,Smartphone,Electronics,West,2,27632.61,0.22,43106.87,7124.49,Net Banking
ORD00909,2024-09-21,CUST4228,Headphones,Electronics,North,2,2682.92,0.05,5097.54,941.27,Cash
ORD00910,2025-05-29,CUST8047,Headphones,Electronics,East,4,2480.08,0.09,9027.49,1327.24,Cash
ORD00911,2025-03-20,CUST5008,Laptop,Electronics,East,2,60998.44,0.19,98817.47,9425.18,Credit Card
ORD00912,2024-08-10,CUST8587,Smartwatch,Electronics,North,3,7634.09,0.05,21757.15,4926.72,Debit Card
ORD00913,2024-07-10,CUST8581,Monitor,Electronics,South,2,12708.17,0.15,21603.89,3381.54,UPI
ORD00914,2025-07-11,CUST5656,Smartwatch,Electronics,East,3,7918.41,0.17,19716.85,3329.46,Debit Card
ORD00915,2025-03-15,CUST2002,Printer,Office,West,4,8996.32,0.16,30227.65,7497.12,Net Banking
ORD00916,2024-09-25,CUST5552,Mouse,Accessories,South,1,835.81,0.18,685.36,169.29,Debit Card
ORD00917,2024-02-10,CUST2539,Headphones,Electronics,North,4,2308.18,0.18,7570.83,1266.31,Debit Card
ORD00918,2025-10-12,CUST9275,Mouse,Accessories,East,3,896.86,0.24,2044.84,116.13,Cash
ORD00919,2024-02-10,CUST2936,Mouse,Accessories,North,5,703.88,0.09,3202.65,413.88,Credit Card
ORD00920,2024-11-26,CUST4285,Mouse,Accessories,North,4,837.48,0.22,2612.93,620.46,Net Banking
ORD00921,2024-06-23,CUST4462,Headphones,Electronics,West,5,2718.31,0.01,13455.66,1448.65,UPI
ORD00922,2025-03-08,CUST3406,Webcam,Accessories,North,5,3347.66,0.07,15566.64,3889.38,Cash
ORD00923,2025-03-24,CUST6492,Keyboard,Accessories,East,3,1704.36,0.01,5061.96,338.46,UPI
ORD00924,2024-11-18,CUST2597,Printer,Office,North,3,11052.19,0.16,27851.52,4557.15,Credit Card
ORD00925,2024-10-06,CUST9249,Webcam,Accessories,South,1,3284.35,0.03,3185.82,487.72,Debit Card
ORD00926,2024-04-03,CUST7827,Printer,Office,North,2,8522.62,0.21,13465.74,1360.99,Debit Card
ORD00927,2024-12-05,CUST6945,Smartphone,Electronics,East,4,28169.91,0.16,94650.91,22689.85,Credit Card
ORD00928,2025-02-23,CUST3921,Smartwatch,Electronics,East,3,6540.75,0.01,19426.03,3376.91,Net Banking
ORD00929,2024-07-23,CUST7983,Smartwatch,Electronics,East,4,7818.93,0.18,25646.08,2463.19,Cash
ORD00930,2025-07-21,CUST7229,Tablet,Electronics,South,5,25083.0,0.22,97823.7,12404.99,Debit Card
ORD00931,2024-09-16,CUST8022,Smartwatch,Electronics,East,2,6097.92,0.17,10122.55,1966.26,Credit Card
ORD00932,2025-11-10,CUST7810,Headphones,Electronics,South,1,2478.47,0.01,2453.69,268.78,Cash
ORD00933,2025-11-13,CUST8546,Monitor,Electronics,North,4,12174.0,0.21,38469.82,8691.15,Cash
ORD00934,2025-01-25,CUST7466,Laptop,Electronics,South,2,57061.78,0.18,93581.31,7779.86,Credit Card
ORD00935,2025-10-10,CUST5106,Tablet,Electronics,North,1,21191.48,0.09,19284.25,1984.37,Debit Card
ORD00936,2024-10-04,CUST4939,Laptop,Electronics,North,4,61433.11,0.08,226073.83,17855.25,Net Banking
ORD00937,2025-04-25,CUST8745,Printer,Office,North,2,10108.17,0.12,17790.38,1260.2,Debit Card
ORD00938,2025-03-26,CUST9454,Laptop,Electronics,East,3,68143.22,0.22,159455.14,17550.12,Debit Card
ORD00939,2024-10-17,CUST8191,Laptop,Electronics,South,4,68967.96,0.06,259319.53,64787.29,Debit Card
ORD00940,2025-10-08,CUST6003,Tablet,Electronics,West,2,19602.58,0.03,38029.01,2618.9,Debit Card
ORD00941,2024-04-14,CUST9645,Smartphone,Electronics,East,1,32816.53,0.22,25596.89,2370.28,UPI
ORD00942,2025-01-11,CUST4671,Mouse,Accessories,East,2,842.85,0.01,1668.84,174.1,Credit Card
ORD00943,2024-07-08,CUST7423,Smartwatch,Electronics,South,3,7817.06,0.23,18057.4,3138.84,Net Banking
ORD00944,2024-07-13,CUST9171,Smartwatch,Electronics,West,4,6893.61,0.08,25368.47,5050.08,Net Banking
ORD00945,2025-07-29,CUST1198,Headphones,Electronics,North,4,2795.42,0.13,9728.05,1949.37,UPI
ORD00946,2025-01-11,CUST6897,Tablet,Electronics,West,4,24414.11,0.03,94726.74,4899.95,Net Banking
ORD00947,2025-11-13,CUST4814,Headphones,Electronics,South,3,2453.81,0.23,5668.29,1022.39,UPI
ORD00948,2024-01-18,CUST6975,Monitor,Electronics,East,1,11572.12,0.19,9373.41,1651.1,UPI
ORD00949,2024-09-15,CUST8450,Monitor,Electronics,West,4,13558.12,0.23,41759.02,6411.3,Net Banking
ORD00950,2025-01-06,CUST1285,Headphones,Electronics,South,1,2661.37,0.17,2208.94,277.98,Net Banking
ORD00951,2025-12-02,CUST2151,Tablet,Electronics,North,2,24826.42,0.05,47170.2,9881.63,Debit Card
ORD00952,2025-08-15,CUST1257,Headphones,Electronics,East,1,2722.73,0.08,2504.91,297.52,UPI
ORD00953,2024-02-29,CUST1775,Smartwatch,Electronics,South,1,7229.52,0.12,6361.98,610.77,Cash
ORD00954,2024-04-14,CUST9702,Webcam,Accessories,North,4,3096.65,0.15,10528.59,1179.4,Credit Card
ORD00955,2025-03-01,CUST1700,Keyboard,Accessories,East,5,1406.17,0.23,5413.74,746.71,Debit Card
ORD00956,2024-09-17,CUST5236,Laptop,Electronics,West,5,74142.43,0.1,333640.92,30965.71,UPI
ORD00957,2024-02-15,CUST1977,Keyboard,Accessories,East,3,1418.74,0.18,3490.1,598.6,Debit Card
ORD00958,2025-10-05,CUST7036,Tablet,Electronics,North,3,19315.48,0.24,44039.3,9989.96,Debit Card
ORD00959,2025-06-09,CUST5835,Keyboard,Accessories,South,5,1593.4,0.04,7648.32,1293.27,Credit Card
ORD00960,2025-04-21,CUST7250,Monitor,Electronics,North,2,12842.42,0.22,20034.17,2791.43,Net Banking
ORD00961,2024-09-23,CUST6761,Printer,Office,East,4,9356.37,0.11,33308.69,6973.97,Net Banking
ORD00962,2025-06-17,CUST4966,Laptop,Electronics,North,4,61054.6,0.18,200259.1,39973.26,Credit Card
ORD00963,2024-04-15,CUST2875,Mouse,Accessories,East,2,792.53,0.07,1474.11,181.92,Debit Card
ORD00964,2025-05-31,CUST1212,Tablet,Electronics,North,2,18843.81,0.08,34672.61,5923.15,UPI
ORD00965,2025-11-23,CUST6772,Laptop,Electronics,South,5,70641.8,0.01,349676.9,68525.68,Net Banking
ORD00966,2025-01-30,CUST5483,Keyboard,Accessories,North,3,1417.69,0.24,3232.33,320.3,Cash
ORD00967,2024-05-28,CUST8281,Monitor,Electronics,East,2,13273.55,0.2,21237.68,2617.64,UPI
ORD00968,2024-10-06,CUST8705,Smartphone,Electronics,West,3,32723.67,0.02,96207.6,6845.67,Debit Card
ORD00969,2025-06-08,CUST1797,Webcam,Accessories,South,1,3669.47,0.25,2752.1,681.24,Cash
ORD00970,2024-01-26,CUST1037,Mouse,Accessories,West,4,757.97,0.15,2577.1,173.12,UPI
ORD00971,2025-07-05,CUST8258,Webcam,Accessories,East,5,3517.13,0.21,13892.67,1163.11,Credit Card
ORD00972,2024-10-08,CUST8376,Laptop,Electronics,South,4,63924.17,0.02,250582.75,36576.66,Cash
ORD00973,2025-04-28,CUST5156,Monitor,Electronics,East,5,11419.97,0.1,51389.89,11462.74,Debit Card
ORD00974,2024-03-04,CUST5353,Monitor,Electronics,West,1,13253.29,0.17,11000.23,1332.97,Cash
ORD00975,2024-04-20,CUST1134,Keyboard,Accessories,West,4,1492.58,0.03,5791.2,1179.78,Credit Card
ORD00976,2024-03-28,CUST3383,Smartwatch,Electronics,East,1,7698.72,0.12,6774.87,1254.75,Net Banking
ORD00977,2025-09-27,CUST4072,Keyboard,Accessories,East,5,1322.35,0.11,5884.45,1045.86,Net Banking
ORD00978,2025-02-25,CUST3773,Smartwatch,Electronics,South,2,6246.15,0.05,11867.69,2599.06,Net Banking
ORD00979,2025-10-19,CUST9277,Smartwatch,Electronics,East,4,8002.37,0.08,29448.73,1555.9,Credit Card
ORD00980,2025-12-26,CUST7810,Mouse,Accessories,West,1,821.06,0.24,624.01,147.16,UPI
ORD00981,2025-03-15,CUST7715,Keyboard,Accessories,North,4,1504.4,0.07,5596.35,1207.95,Credit Card
ORD00982,2024-05-07,CUST6667,Smartphone,Electronics,West,4,30208.4,0.05,114791.94,27271.52,Cash
ORD00983,2024-10-20,CUST9992,Headphones,Electronics,East,4,2286.45,0.13,7956.85,1660.73,UPI
ORD00984,2024-05-28,CUST8568,Headphones,Electronics,West,3,2664.03,0.17,6633.43,1497.29,Net Banking
ORD00985,2024-11-22,CUST6956,Keyboard,Accessories,East,1,1313.15,0.18,1076.78,97.57,Credit Card
ORD00986,2024-05-19,CUST5002,Keyboard,Accessories,South,1,1533.0,0.19,1241.73,141.37,Debit Card
ORD00987,2024-05-01,CUST6586,Webcam,Accessories,East,4,3574.31,0.01,14154.26,1600.06,Net Banking
ORD00988,2025-06-06,CUST8018,Mouse,Accessories,East,2,899.41,0.1,1618.93,116.29,Debit Card
ORD00989,2025-01-18,CUST3222,Keyboard,Accessories,East,4,1511.78,0.19,4898.17,959.63,UPI
ORD00990,2024-10-09,CUST6720,Webcam,Accessories,East,3,3118.92,0.23,7204.7,556.45,Net Banking
ORD00991,2025-03-22,CUST2082,Smartwatch,Electronics,East,5,7152.78,0.15,30399.32,1839.21,Credit Card
ORD00992,2024-07-12,CUST6692,Monitor,Electronics,West,3,10528.78,0.01,31270.48,6413.24,Debit Card
ORD00993,2025-12-07,CUST9597,Monitor,Electronics,West,2,10933.66,0.1,19680.58,4544.89,Credit Card
ORD00994,2025-08-15,CUST3534,Smartwatch,Electronics,North,4,6015.33,0.02,23580.09,4782.62,Net Banking
ORD00995,2025-09-10,CUST9474,Tablet,Electronics,North,1,22087.74,0.19,17891.07,3847.84,Credit Card
ORD00996,2024-07-24,CUST9928,Webcam,Accessories,South,4,3063.76,0.02,12009.94,2031.17,Net Banking
ORD00997,2025-12-21,CUST5551,Webcam,Accessories,South,2,3467.86,0.05,6588.94,1499.31,Cash
ORD00998,2025-09-30,CUST1221,Smartwatch,Electronics,North,1,7909.18,0.1,7118.27,1063.05,Credit Card
ORD00999,2025-06-29,CUST3927,Smartphone,Electronics,West,3,31977.85,0.12,84421.53,20908.22,Cash
ORD01000,2024-03-04,CUST8769,Printer,Office,South,5,8732.24,0.1,39295.06,2777.49,Debit Card
ORD01001,2024-01-17,CUST2955,Laptop,Electronics,North,5,59622.09,0.12,262337.2,55572.5,Credit Card
ORD01002,2025-03-10,CUST9044,Smartwatch,Electronics,West,4,7364.69,0.18,24156.19,4306.51,Credit Card
ORD01003,2024-04-14,CUST1715,Keyboard,Accessories,North,3,1677.62,0.09,4579.89,760.85,Debit Card
ORD01004,2025-03-15,CUST2064,Keyboard,Accessories,South,2,1289.81,0.14,2218.48,432.96,Credit Card
ORD01005,2025-09-11,CUST8596,Mouse,Accessories,South,5,874.99,0.08,4024.95,877.67,Net Banking
ORD01006,2025-11-18,CUST5875,Smartwatch,Electronics,East,3,7129.81,0.09,19464.38,4332.32,Cash
ORD01007,2024-08-15,CUST9899,Mouse,Accessories,North,4,811.06,0.15,2757.61,234.61,UPI
ORD01008,2025-12-02,CUST7393,Smartwatch,Electronics,North,1,7961.41,0.12,7006.04,626.39,Net Banking
ORD01009,2025-01-29,CUST3754,Webcam,Accessories,North,4,3760.03,0.18,12332.89,656.52,UPI
ORD01010,2024-07-31,CUST6727,Laptop,Electronics,South,4,71827.32,0.14,247085.97,18869.58,Debit Card
ORD01011,2025-11-04,CUST6849,Webcam,Accessories,West,3,3346.7,0.2,8032.07,825.51,Debit Card
ORD01012,2024-10-24,CUST3051,Printer,Office,North,5,10163.09,0.11,45225.76,8783.17,Credit Card
ORD01013,2025-02-28,CUST9640,Monitor,Electronics,West,3,12415.46,0.12,32776.82,4757.67,Net Banking
ORD01014,2025-12-02,CUST9702,Headphones,Electronics,North,1,2366.19,0.17,1963.94,395.89,UPI
ORD01015,2025-02-04,CUST8684,Smartwatch,Electronics,South,3,7147.52,0.06,20156.01,2969.12,Cash
ORD01016,2025-06-07,CUST8041,Printer,Office,West,2,9209.97,0.1,16577.94,2671.03,Net Banking
ORD01017,2025-08-02,CUST9237,Monitor,Electronics,North,4,10716.15,0.16,36006.27,2600.13,Debit Card
ORD01018,2025-07-06,CUST7269,Tablet,Electronics,West,5,21168.2,0.01,104782.61,21513.09,Net Banking
ORD01019,2025-02-01,CUST8993,Laptop,Electronics,North,1,69666.15,0.11,62002.87,12501.35,Cash
ORD01020,2024-09-16,CUST2894,Mouse,Accessories,East,4,899.88,0.15,3059.61,341.18,Net Banking
ORD01021,2024-05-05,CUST2166,Mouse,Accessories,East,3,789.85,0.24,1800.86,208.39,Credit Card
ORD01022,2024-08-13,CUST2449,Webcam,Accessories,East,2,3649.96,0.22,5693.95,534.87,Cash
ORD01023,2025-12-22,CUST3397,Keyboard,Accessories,North,3,1321.37,0.07,3686.61,784.39,UPI
ORD01024,2024-11-28,CUST4506,Monitor,Electronics,West,4,13456.07,0.13,46827.12,9337.39,Debit Card
ORD01025,2024-11-25,CUST9469,Tablet,Electronics,East,1,22452.79,0.01,22228.26,3819.47,Net Banking
ORD01026,2024-09-21,CUST8261,Printer,Office,South,5,10841.01,0.06,50952.77,4981.37,Cash
ORD01027,2024-06-19,CUST4956,Laptop,Electronics,West,4,70741.6,,229202.8,19337.99,Credit Card
ORD01028,2024-01-01,CUST7473,Monitor,Electronics,East,1,11123.33,0.03,10789.63,647.96,Credit Card
ORD01029,2025-12-21,CUST2473,Tablet,Electronics,South,4,22192.55,0.06,83443.99,4933.4,UPI
ORD01030,2024-08-28,CUST1477,Headphones,Electronics,South,2,2845.36,0.24,4324.95,378.12,Debit Card
ORD01031,2025-08-06,CUST8317,Smartwatch,Electronics,South,3,6138.23,0.21,14547.61,1019.88,Credit Card
ORD01032,2025-08-23,CUST8820,Mouse,Accessories,North,5,843.93,0.2,3375.73,544.24,Debit Card
ORD01033,2024-01-20,CUST8910,Printer,Office,South,1,11386.79,0.22,8881.7,1080.17,Cash
ORD01034,2024-11-10,CUST1509,Mouse,Accessories,West,5,752.14,0.19,3046.16,423.38,Net Banking
ORD01035,2025-04-17,CUST9948,Printer,Office,West,5,11084.34,0.03,53759.07,9075.25,UPI
ORD01036,2024-05-20,CUST6934,Webcam,Accessories,North,5,3955.34,0.13,17205.73,3128.35,Credit Card
ORD01037,2024-11-28,CUST5126,Keyboard,Accessories,South,1,1611.19,0.11,1433.96,257.6,Net Banking
ORD01038,2025-11-17,CUST2061,Printer,Office,West,1,9193.98,0.08,8458.47,864.21,Credit Card
ORD01039,2024-02-19,CUST5646,Mouse,Accessories,North,5,760.16,0.21,3002.63,636.33,UPI
ORD01040,2025-08-28,CUST5771,Webcam,Accessories,South,3,3012.6,0.12,7953.26,1857.42,Credit Card
ORD01041,2025-04-05,CUST1355,,Office,West,4,10994.36,0.02,43097.89,4878.15,UPI
ORD01042,2025-11-10,CUST4008,Headphones,Electronics,South,5,2762.21,0.07,12844.27,686.05,Net Banking
ORD01043,2025-01-25,CUST5362,Keyboard,Accessories,North,2,1559.72,0.06,2932.27,673.93,Cash
ORD01044,2024-02-24,CUST1289,Printer,Office,East,5,9557.58,0.22,37274.58,8748.71,UPI
ORD01045,2024-02-20,CUST8940,Webcam,Accessories,West,1,3055.65,0.16,2566.75,154.49,Cash
ORD01046,2025-05-04,CUST1012,Monitor,Electronics,South,4,12911.01,0.14,44413.87,2264.72,Debit Card
ORD01047,2024-11-27,CUST7792,Smartphone,Electronics,South,2,32038.74,0.13,55747.4,11889.86,Net Banking
ORD01048,2024-09-26,CUST1388,Tablet,Electronics,East,4,24723.18,0.16,83069.87,9162.0,UPI
ORD01049,2024-12-27,CUST2957,Smartphone,Electronics,South,4,32074.79,0.19,103922.31,24205.21,Net Banking
ORD01050,2024-05-24,CUST4677,Smartphone,Electronics,North,2,32958.25,0.14,56688.2,5291.77,Cash
ORD01051,2025-08-11,CUST4419,Laptop,Electronics,North,5,69796.12,0.23,268715.04,59716.79,Cash
ORD01052,2024-05-08,CUST7341,Headphones,Electronics,South,5,2598.02,0.24,9872.46,629.16,Net Banking
ORD01053,2025-01-09,CUST4240,Monitor,Electronics,South,5,11737.08,0.25,44014.05,4495.04,Net Banking
ORD01054,2025-05-19,CUST4755,Smartwatch,Electronics,West,3,7844.45,0.17,19532.67,4778.19,Cash
ORD01055,2025-09-14,CUST3204,Printer,Office,North,5,10452.91,0.23,40243.69,3873.03,Net Banking
ORD01056,2024-01-01,CUST2347,Tablet,Electronics,West,2,21329.15,0.1,38392.46,2940.96,Cash
ORD01057,2025-01-01,CUST9142,Keyboard,Accessories,East,3,1312.56,0.21,3110.77,688.76,Debit Card
ORD01058,2025-06-21,CUST7413,Monitor,Electronics,West,5,11246.54,0.23,43299.17,3185.09,Cash
ORD01059,2025-09-19,CUST9253,Mouse,Accessories,South,3,810.49,0.23,1872.24,130.1,Credit Card
ORD01060,2025-05-09,CUST1497,Smartwatch,Electronics,West,2,6528.83,0.21,10315.56,1183.04,Cash
ORD01061,2024-06-22,CUST8824,Laptop,Electronics,West,5,59564.09,0.1,268038.4,47460.41,Debit Card
ORD01062,2025-06-08,CUST9929,Laptop,Electronics,West,1,65534.17,0.04,62912.81,12088.65,Cash
ORD01063,2024-02-03,CUST7260,Monitor,Electronics,North,2,10811.35,0.08,19892.89,4500.72,Net Banking
ORD01064,2024-11-13,CUST1914,Webcam,Accessories,West,4,3815.43,0.19,12362.0,1955.45,Debit Card
ORD01065,2025-08-07,CUST5963,Smartphone,Electronics,East,4,29859.31,0.06,112271.02,14447.43,UPI
ORD01066,2025-07-16,CUST4649,Mouse,Accessories,West,2,817.73,0.12,1439.2,175.25,Cash
ORD01067,2024-07-29,CUST3374,Laptop,Electronics,West,4,58123.97,0.14,199946.47,43864.37,Net Banking
ORD01068,2025-12-27,CUST6659,Tablet,Electronics,West,2,20842.2,0.15,35431.75,6900.8,UPI
ORD01069,2025-07-06,CUST7876,Laptop,Electronics,South,1,63246.75,0.23,48700.0,11253.88,UPI
ORD01070,2024-11-06,CUST8444,Keyboard,Accessories,South,2,1638.7,0.17,2720.23,660.49,UPI
ORD01071,2024-04-03,CUST6922,Printer,Office,East,5,10810.48,0.2,43241.91,4757.05,Credit Card
ORD01072,2024-07-07,CUST3533,Laptop,Electronics,South,5,59598.06,0.15,253291.76,39497.01,Net Banking
ORD01073,2025-10-08,CUST7675,Keyboard,Accessories,South,3,1552.28,0.21,3678.9,648.83,Credit Card
ORD01074,2025-12-18,CUST2222,Monitor,Electronics,North,4,11076.44,0.07,41204.37,3410.48,Net Banking
ORD01075,2025-05-28,CUST7854,Monitor,Electronics,East,4,13757.69,0.05,52279.22,3171.75,Net Banking
ORD01076,2024-07-22,CUST8263,Smartwatch,Electronics,South,2,7949.46,0.23,12242.17,2736.77,Debit Card
ORD01077,2025-05-05,CUST9062,Laptop,Electronics,North,4,66233.66,0.17,219895.76,34546.66,UPI
ORD01078,2025-10-29,CUST1088,Tablet,Electronics,South,5,23312.76,0.17,96747.94,15881.64,Cash
ORD01079,2024-02-23,CUST8685,Laptop,Electronics,North,1,70877.89,0.12,62372.55,10040.91,Debit Card
ORD01080,2025-04-20,CUST3994,Tablet,Electronics,South,2,23458.59,0.09,42694.63,8581.29,Cash
ORD01081,2024-04-03,CUST8066,Headphones,Electronics,South,4,2649.87,0.14,9115.56,721.04,UPI
ORD01082,2024-11-09,CUST4581,Smartwatch,Electronics,South,5,7962.96,0.03,38620.37,6673.97,Net Banking
ORD01083,2025-07-26,CUST9715,Headphones,Electronics,South,3,2572.34,0.11,6868.15,988.3,Debit Card
ORD01084,2024-12-25,CUST7418,Laptop,Electronics,West,4,67657.9,0.11,240862.13,55251.76,Credit Card
ORD01085,2024-06-16,CUST9656,Smartwatch,Electronics,South,1,7733.46,0.13,6728.11,1035.62,Net Banking
ORD01086,2025-02-01,CUST9846,Headphones,Electronics,East,1,2627.42,0.16,2207.03,526.57,Credit Card
ORD01087,2025-06-20,CUST9644,Smartphone,Electronics,West,4,32096.39,0.24,97573.04,11772.25,Net Banking
ORD01088,2025-01-28,CUST1291,Laptop,Electronics,East,4,59816.29,0.16,200982.73,48914.96,Net Banking
ORD01089,2024-12-21,CUST8161,Headphones,Electronics,West,5,2403.45,0.22,9373.46,2109.32,UPI
ORD01090,2024-02-17,CUST4668,Smartphone,Electronics,West,4,26825.71,0.14,92280.45,15397.24,Debit Card
ORD01091,2025-03-07,CUST2833,Smartphone,Electronics,East,3,30051.89,0.16,75730.76,9143.88,Cash
ORD01092,2025-12-01,CUST4674,Monitor,Electronics,North,5,11840.62,0.02,58019.03,7263.09,UPI
ORD01093,2024-02-22,CUST2917,Laptop,Electronics,East,2,74694.67,0.03,144907.67,29640.92,Cash
ORD01094,2024-08-28,CUST4613,Smartphone,Electronics,South,3,31000.88,0.14,79982.26,13287.16,Net Banking
ORD01095,2025-01-29,CUST2209,Monitor,Electronics,South,5,13031.2,0.1,58640.41,7641.87,Credit Card
ORD01096,2024-01-27,CUST9442,Headphones,Electronics,East,5,2375.51,0.2,9502.04,1683.87,Cash
ORD01097,2024-02-28,CUST3668,Keyboard,Accessories,North,1,1649.2,0.14,1418.31,278.91,Credit Card
ORD01098,2024-07-04,CUST2463,Laptop,Electronics,West,5,67244.16,0.22,262252.21,14313.75,Cash
ORD01099,2024-05-20,CUST4284,Smartwatch,Electronics,West,3,7413.68,0.24,16903.2,1148.95,Credit Card
ORD01100,2024-02-26,CUST9535,Tablet,Electronics,South,4,20643.24,0.04,79270.05,5461.48,UPI
ORD01101,2025-12-07,CUST4925,Tablet,Electronics,,3,22321.01,0.1,60266.74,5808.92,Cash
ORD01102,2025-03-25,CUST8146,Headphones,Electronics,West,2,2600.53,0.17,4316.88,584.5,UPI
ORD01103,2024-04-15,CUST6781,Webcam,Accessories,West,5,3593.55,0.08,16530.33,3483.44,UPI
ORD01104,2024-10-06,CUST6613,Webcam,Accessories,South,5,3935.95,0.07,18302.18,2200.28,Credit Card
ORD01105,2025-04-12,CUST6216,Headphones,Electronics,North,5,2798.7,0.2,11194.82,598.87,Cash
ORD01106,2025-03-08,CUST5962,Smartphone,Electronics,West,5,34238.86,0.25,128395.71,18832.1,Cash
ORD01107,2025-11-10,CUST8801,Laptop,Electronics,North,1,68264.85,0.19,55294.53,13786.35,Debit Card
ORD01108,2024-12-05,CUST1085,Tablet,Electronics,North,1,25114.63,0.13,21849.73,2617.69,Credit Card
ORD01109,2025-12-26,CUST2040,Tablet,Electronics,South,4,24194.35,0.11,86131.9,20865.53,Cash
ORD01110,2025-05-28,CUST3291,Smartphone,Electronics,West,5,27937.49,0.13,121528.08,8539.66,Net Banking
ORD01111,2025-02-02,CUST6917,Tablet,Electronics,South,2,21521.08,0.12,37877.09,3205.16,Debit Card
ORD01112,2024-06-30,CUST8385,Smartwatch,Electronics,East,4,6450.62,0.13,22448.17,4373.45,Cash
ORD01113,2024-10-28,CUST2932,Laptop,Electronics,West,5,55331.84,0.05,262826.26,39487.67,Credit Card
ORD01114,2024-07-01,CUST7149,Printer,Office,North,1,9064.15,0.23,6979.39,1416.99,Net Banking
ORD01115,2025-05-24,CUST1380,Tablet,Electronics,North,2,18726.8,0.19,30337.42,6756.5,Cash
ORD01116,2024-04-04,CUST1778,Headphones,Electronics,West,4,2664.88,0.17,8847.4,886.66,UPI
ORD01117,2025-02-17,CUST4306,Smartwatch,Electronics,South,2,6843.62,0.24,10402.31,1940.71,UPI
ORD01118,2024-06-04,CUST4455,Tablet,Electronics,North,5,20762.99,0.07,96547.92,16559.92,Net Banking
ORD01119,2025-11-22,CUST1123,Smartwatch,Electronics,West,3,7549.61,0.02,22195.86,4934.3,Net Banking
ORD01120,2024-04-06,CUST2083,Monitor,Electronics,North,2,13196.95,0.21,20851.18,2836.19,Net Banking
ORD01121,2025-01-03,CUST3057,Printer,Office,South,2,11425.9,0.25,17138.85,1034.74,Net Banking
ORD01122,2024-08-25,CUST7739,Mouse,Accessories,West,1,834.08,0.14,717.31,118.24,Credit Card
ORD01123,2024-01-13,CUST4218,Headphones,Electronics,South,5,2471.15,0.01,12232.18,2957.44,UPI
ORD01124,2024-10-27,CUST5552,Headphones,Electronics,South,2,2353.95,0.2,3766.32,199.34,Cash
ORD01125,2024-06-30,CUST5707,Laptop,Electronics,West,5,59585.21,0.02,291967.5,28627.88,Cash
ORD01126,2024-06-03,CUST2806,Smartwatch,Electronics,South,1,6397.14,0.14,5501.54,622.85,UPI
ORD01127,2025-01-25,CUST6670,Smartphone,Electronics,South,5,29182.7,0.07,135699.58,27569.78,Cash
ORD01128,2024-06-25,CUST8666,Headphones,Electronics,South,1,2868.84,0.23,2209.01,253.27,UPI
ORD01129,2025-08-05,CUST4669,Smartwatch,Electronics,North,1,5951.79,0.11,5297.1,518.14,Debit Card
ORD01130,2025-08-18,CUST5645,Smartwatch,Electronics,South,4,6364.13,0.22,19856.09,3568.37,UPI
ORD01131,2025-12-01,CUST3739,Keyboard,Accessories,East,5,1359.78,0.07,6322.96,374.83,Cash
ORD01132,2025-08-26,CUST3958,Keyboard,Accessories,North,3,1597.7,0.1,4313.8,362.87,Debit Card
ORD01133,2024-03-09,CUST8186,Mouse,Accessories,East,4,764.6,0.24,2324.37,305.9,Cash
ORD01134,2024-11-03,CUST8330,Monitor,Electronics,South,1,11846.14,0.05,11253.83,1363.06,Credit Card
ORD01135,2025-11-06,CUST1713,Mouse,Accessories,South,3,715.67,0.14,1846.43,220.52,Cash
ORD01136,2025-11-21,CUST8950,Tablet,Electronics,North,2,21372.98,0.1,38471.36,2758.82,Debit Card
ORD01137,2025-06-28,CUST3999,Smartphone,Electronics,South,2,26428.8,0.19,42814.65,5230.58,UPI
ORD01138,2024-02-22,CUST9434,Tablet,Electronics,North,4,22218.09,0.03,86206.17,18068.69,Cash
ORD01139,2024-08-03,CUST9851,Webcam,Accessories,West,3,3077.84,0.11,8217.82,1091.07,UPI
ORD01140,2025-12-14,CUST1996,Tablet,Electronics,North,5,23917.36,0.17,99257.02,16599.17,Cash
ORD01141,2024-02-07,CUST1970,Laptop,Electronics,South,3,66298.73,0.1,179006.58,14806.69,Net Banking
ORD01142,2025-03-03,CUST8944,Tablet,Electronics,North,4,23478.19,0.01,92973.62,5944.94,Cash
ORD01143,2024-09-17,CUST2540,Mouse,Accessories,North,5,780.44,0.18,3199.82,723.13,Net Banking
ORD01144,2025-01-08,CUST1650,Headphones,Electronics,North,5,2411.12,0.13,10488.37,1219.53,Cash
ORD01145,2024-01-31,CUST7246,Headphones,Electronics,South,2,2198.66,0.0,4397.31,527.97,Cash
ORD01146,2025-01-27,CUST6978,Keyboard,Accessories,North,3,1510.74,0.15,3852.37,868.86,Net Banking
ORD01147,2025-02-28,CUST4763,Smartphone,Electronics,East,5,30130.52,0.23,116002.5,22220.77,Credit Card
ORD01148,2024-01-05,CUST3195,Smartphone,Electronics,West,4,29712.92,0.03,115286.12,23201.63,UPI
ORD01149,2025-11-21,CUST5765,Laptop,Electronics,West,2,69690.11,0.15,118473.18,22083.48,Debit Card
ORD01150,2024-02-23,CUST1768,Mouse,Accessories,West,5,879.8,0.18,3607.18,256.68,Cash
ORD01151,2025-12-31,CUST5514,Keyboard,Accessories,North,3,1612.86,0.02,4741.79,1145.61,Debit Card
ORD01152,2025-05-18,CUST2945,Webcam,Accessories,North,2,3126.06,0.01,6189.6,1434.92,Credit Card
ORD01153,2025-05-22,CUST9159,Smartphone,Electronics,West,3,31098.54,0.12,82100.13,7983.75,Cash
ORD01154,2025-03-28,CUST3824,Headphones,Electronics,West,3,2185.24,0.2,5244.58,1105.55,Net Banking
ORD01155,2024-07-18,CUST4184,Tablet,Electronics,South,3,23284.51,0.04,67059.38,8843.74,Net Banking
ORD01156,2024-09-29,CUST5628,Tablet,Electronics,North,2,21220.14,0.21,33527.82,6261.43,Cash
ORD01157,2024-08-13,CUST9419,Keyboard,Accessories,South,5,1334.62,0.16,5605.42,465.93,Net Banking
ORD01158,2025-04-15,CUST2626,Mouse,Accessories,North,1,886.89,0.08,815.94,128.68,Credit Card
ORD01159,2024-01-18,CUST4037,Mouse,Accessories,West,5,827.36,0.13,3599.02,271.09,UPI
ORD01160,2025-09-20,CUST8319,Monitor,Electronics,East,2,11477.01,0.24,17445.06,2742.95,UPI
ORD01161,2024-01-10,CUST5273,Printer,Office,South,1,8592.18,0.05,8162.57,805.8,Credit Card
ORD01162,2024-02-08,CUST3013,Smartphone,Electronics,East,1,30335.79,0.12,26695.5,3750.54,Net Banking
ORD01163,2024-02-10,CUST5563,Mouse,Accessories,North,1,901.57,0.16,757.32,139.04,UPI
ORD01164,2025-09-11,CUST7299,Headphones,Electronics,East,4,2572.28,0.03,9980.47,2249.75,Net Banking
ORD01165,2024-02-13,CUST7403,Keyboard,Accessories,West,2,1712.24,0.01,3390.24,281.59,Net Banking
ORD01166,2024-07-15,CUST7539,Webcam,Accessories,North,4,3118.27,0.0,12473.09,2852.02,Debit Card
ORD01167,2024-10-25,CUST6698,Monitor,Electronics,West,1,12245.9,0.08,11266.23,1442.16,UPI
ORD01168,2024-07-27,CUST1270,Smartwatch,Electronics,North,4,7626.06,0.02,29894.17,6539.63,Net Banking
ORD01169,2025-04-03,CUST8204,Laptop,Electronics,North,4,65498.04,0.2,209593.74,31965.05,Debit Card
ORD01170,2025-11-18,CUST1392,Webcam,Accessories,North,2,3070.62,0.25,4605.93,1024.55,Credit Card
ORD01171,2024-08-23,CUST8391,Smartwatch,Electronics,West,3,7174.06,0.02,21091.74,3850.61,UPI
ORD01172,2025-05-29,CUST5989,Tablet,Electronics,North,4,22737.47,0.11,80945.39,12282.92,Credit Card
ORD01173,2024-12-25,CUST9785,Laptop,Electronics,North,4,69459.83,0.01,275060.93,30946.48,Credit Card
ORD01174,2025-01-17,CUST3609,Smartphone,Electronics,South,1,32350.9,0.03,31380.38,7649.97,Cash
ORD01175,2025-03-02,CUST6197,Headphones,Electronics,West,1,2703.08,0.08,2486.83,522.68,UPI
ORD01176,2024-12-09,CUST9499,Laptop,Electronics,North,1,68187.17,0.1,61368.45,7747.0,Credit Card
ORD01177,2024-09-10,CUST5677,Printer,Office,North,5,9147.43,0.23,35217.62,2935.2,Credit Card
ORD01178,2025-07-01,CUST1559,Smartwatch,Electronics,North,4,6798.9,0.1,24476.02,5039.79,Credit Card
ORD01179,2025-05-21,CUST7002,Smartphone,Electronics,East,1,32485.17,0.12,28586.95,7089.24,Net Banking
ORD01180,2025-06-01,CUST5008,Printer,Office,East,2,11360.28,0.06,21357.33,2259.5,UPI
ORD01181,2024-11-25,CUST2395,Tablet,Electronics,South,5,19221.05,0.0,96105.25,22409.11,UPI
ORD01182,2025-05-02,CUST5372,Printer,Office,East,3,10106.61,0.22,23649.47,1775.46,UPI
ORD01183,2025-04-26,CUST5557,Monitor,Electronics,South,4,11325.08,0.02,44394.31,10674.22,UPI
ORD01184,2025-04-16,CUST7765,Monitor,Electronics,North,4,11011.42,0.24,33474.71,6663.74,UPI
ORD01185,2025-06-15,CUST4480,Keyboard,Accessories,West,2,1502.61,0.03,2915.07,347.82,Credit Card
ORD01186,2025-03-12,CUST7128,Webcam,Accessories,North,3,3611.39,0.15,9209.05,1021.53,Debit Card
ORD01187,2025-02-25,CUST4601,Webcam,Accessories,West,3,2985.26,0.25,6716.84,1200.21,Cash
ORD01188,2024-06-10,CUST9233,Smartphone,Electronics,South,5,32521.86,0.03,157731.02,26609.45,UPI
ORD01189,2025-03-09,CUST2039,Tablet,Electronics,West,4,24111.22,0.11,85835.95,20067.36,Net Banking
ORD01190,2025-07-12,CUST1646,Mouse,Accessories,South,1,911.72,0.2,729.38,148.25,Debit Card
ORD01191,2024-01-16,CUST8900,Monitor,Electronics,South,2,10850.32,0.01,21483.63,3395.98,Net Banking
ORD01192,2025-09-11,CUST1606,Smartphone,Electronics,West,2,30850.97,0.17,51212.62,12061.25,Credit Card
ORD01193,2025-11-19,CUST6617,Mouse,Accessories,North,2,782.39,0.02,1533.48,258.46,Cash
ORD01194,2024-03-05,CUST9849,Webcam,Accessories,East,2,3326.57,0.06,6253.95,1375.47,Credit Card
ORD01195,2025-07-28,CUST7638,Keyboard,Accessories,North,1,1529.54,0.04,1468.35,320.38,Credit Card
ORD01196,2024-03-13,CUST9138,Printer,Office,South,1,10847.15,0.23,8352.3,1953.09,UPI
ORD01197,2024-07-22,CUST1455,Monitor,Electronics,North,5,10282.99,0.05,48844.2,3102.6,Net Banking
ORD01198,2024-09-10,CUST6196,Smartphone,Electronics,North,4,34224.6,0.01,135529.42,22601.42,UPI
ORD01199,2025-07-25,CUST5409,Laptop,Electronics,North,1,71042.69,0.15,60386.29,8676.21,Credit Card
ORD01200,2025-09-04,CUST1922,Mouse,Accessories,East,5,860.28,0.09,3914.26,579.74,Cash
ORD01201,2025-06-12,CUST5057,Printer,Office,West,3,10781.16,0.1,29109.14,4132.98,Debit Card
ORD01202,2024-07-13,CUST6320,Monitor,Electronics,East,4,11600.62,0.03,45010.4,9789.46,Credit Card
ORD01203,2024-09-07,CUST1326,Webcam,Accessories,North,1,3764.2,0.19,3049.0,346.63,Credit Card
ORD01204,2025-07-03,CUST1122,Tablet,Electronics,West,3,21252.68,0.15,54194.34,7725.42,Credit Card
ORD01205,2024-10-11,CUST6127,Mouse,Accessories,North,5,895.69,0.09,4075.39,367.34,Net Banking
ORD01206,2025-06-26,CUST9193,Webcam,Accessories,South,1,3161.08,0.04,3034.64,304.51,Debit Card
ORD01207,2025-04-27,CUST2169,Monitor,Electronics,North,1,11252.45,0.15,9564.58,1741.56,Cash
ORD01208,2024-11-05,CUST3678,Mouse,Accessories,West,3,812.32,0.19,1973.94,144.86,Credit Card
ORD01209,2024-06-29,CUST7625,Printer,Office,East,1,9457.63,0.08,8701.02,761.9,Debit Card
ORD01210,2025-10-14,CUST2065,Monitor,Electronics,East,2,11727.25,0.01,23219.96,3613.19,Credit Card
ORD01211,2024-09-01,CUST2381,Smartwatch,Electronics,North,1,6984.09,0.05,6634.88,389.83,Debit Card
ORD01212,2025-03-16,CUST2674,Smartphone,Electronics,East,4,33207.18,0.17,110247.84,8311.08,Debit Card
ORD01213,2024-10-01,CUST3618,Printer,Office,West,3,10069.58,0.25,22656.55,5044.95,Net Banking
ORD01214,2024-08-11,CUST7835,Mouse,Accessories,East,4,766.99,0.0,3067.96,672.59,Net Banking
ORD01215,2025-01-01,CUST2737,Tablet,Electronics,East,5,20335.06,0.08,93541.27,11183.35,Debit Card
ORD01216,2025-06-22,CUST7364,Webcam,Accessories,North,4,3404.11,0.02,13344.11,1595.93,UPI
ORD01217,2024-09-06,CUST3096,Laptop,Electronics,West,2,65306.85,0.08,120164.61,28515.43,Credit Card
ORD01218,2024-01-13,CUST1951,Webcam,Accessories,West,2,3758.42,0.1,6765.16,373.22,Net Banking
ORD01219,2024-11-03,CUST9551,Mouse,Accessories,South,4,709.05,0.23,2183.88,362.65,Debit Card
ORD01220,2025-09-01,CUST8621,Webcam,Accessories,East,5,3207.69,0.02,15717.68,2663.8,UPI
ORD01221,2024-07-10,CUST1751,Smartphone,Electronics,West,1,28916.89,0.19,23422.68,4862.02,Debit Card
ORD01222,2025-11-28,CUST1639,Monitor,Electronics,South,2,11497.43,0.1,20695.38,4974.14,Cash
ORD01223,2024-01-19,CUST2865,Laptop,Electronics,North,4,62889.09,0.2,201245.08,24383.96,Debit Card
ORD01224,2024-12-04,CUST8965,Headphones,Electronics,South,4,2720.14,0.13,9466.09,1302.22,Cash
ORD01225,2025-08-01,CUST9118,Mouse,Accessories,South,4,757.8,0.01,3000.88,552.94,Net Banking
ORD01226,2024-01-26,CUST8195,Keyboard,Accessories,West,1,1500.85,0.24,1140.65,277.7,Net Banking
ORD01227,2024-01-06,CUST3140,Headphones,Electronics,South,3,2592.93,0.02,7623.22,1739.3,Debit Card
ORD01228,2024-05-20,CUST3738,Webcam,Accessories,North,5,3218.79,0.15,13679.85,2509.03,Net Banking
ORD01229,2024-01-27,CUST7682,Mouse,Accessories,West,3,852.49,0.22,1994.82,441.54,Debit Card
ORD01230,2024-04-14,CUST7782,Smartwatch,Electronics,West,5,7098.93,0.02,34784.78,2332.0,Debit Card
ORD01231,2025-06-05,CUST6427,Keyboard,Accessories,West,5,1476.05,0.14,6347.02,796.08,Cash
ORD01232,2024-10-05,CUST9609,Laptop,Electronics,West,4,71040.79,0.21,224488.89,11812.27,Credit Card
ORD01233,2024-10-29,CUST2951,Tablet,Electronics,North,2,20307.07,0.25,30460.6,2604.21,Debit Card
ORD01234,2024-01-12,CUST7019,Smartwatch,Electronics,North,4,7804.67,0.18,25599.32,4508.0,Credit Card
ORD01235,2025-10-29,CUST1559,Headphones,Electronics,North,1,2545.79,0.07,2367.58,537.71,UPI
ORD01236,2024-03-17,CUST9975,Monitor,Electronics,East,5,12393.03,0.17,51431.07,9080.47,Net Banking
ORD01237,2024-01-18,CUST4771,Smartphone,Electronics,North,2,33375.53,0.18,54735.87,10007.23,UPI
ORD01238,2025-07-23,CUST7958,Tablet,Electronics,South,5,24096.05,0.17,99998.59,7076.33,UPI
ORD01239,2025-10-03,CUST7647,Smartwatch,Electronics,West,5,7213.28,0.21,28492.46,5213.32,Debit Card
ORD01240,2024-06-22,CUST9410,Monitor,Electronics,South,4,12911.48,0.02,50612.98,7129.82,UPI
ORD01241,2025-02-04,CUST9079,Monitor,Electronics,North,2,11759.95,0.03,22814.3,4113.15,Debit Card
ORD01242,2024-03-27,CUST3176,Mouse,Accessories,East,2,811.37,0.16,1363.1,157.08,Net Banking
ORD01243,2024-12-08,CUST5650,Smartwatch,Electronics,East,5,6080.35,0.24,23105.32,3842.35,Net Banking
ORD01244,2025-03-24,CUST1943,Laptop,Electronics,West,2,57002.23,0.12,100323.92,13525.06,UPI
ORD01245,2024-02-23,CUST2743,Webcam,Accessories,North,2,3845.9,0.24,5845.76,945.42,Debit Card
ORD01246,2025-03-02,CUST4982,Keyboard,Accessories,East,4,1301.85,0.23,4009.7,318.44,Cash
ORD01247,2024-03-18,CUST4809,Keyboard,Accessories,South,3,1351.23,0.23,3121.34,403.17,Cash
ORD01248,2025-12-16,CUST2680,Headphones,Electronics,East,1,2721.87,0.23,2095.84,261.68,Credit Card
ORD01249,2025-03-14,CUST1091,Headphones,Electronics,West,3,2125.86,0.22,4974.51,981.37,Credit Card
ORD01250,2025-05-11,CUST5019,Keyboard,Accessories,East,2,1402.08,0.2,2243.33,429.11,Credit Card
ORD01251,2024-06-20,CUST6769,Laptop,Electronics,North,5,66638.75,0.17,276550.83,64096.67,UPI
ORD01252,2025-07-03,CUST5609,Smartphone,Electronics,South,1,30859.05,0.01,30550.46,5389.44,Debit Card
ORD01253,2025-11-28,CUST9631,Printer,Office,West,1,10831.46,0.03,10506.51,1186.28,Credit Card
ORD01254,2024-12-26,CUST9630,Webcam,Accessories,West,5,3506.22,0.03,17005.18,3514.03,Debit Card
ORD01255,2024-08-23,CUST7774,Smartphone,Electronics,East,1,30084.62,0.01,29783.77,4449.68,UPI
ORD01256,2025-03-08,CUST6316,Mouse,Accessories,West,5,854.07,0.03,4142.26,367.41,Debit Card
ORD01257,2024-01-16,CUST6474,Printer,Office,East,1,9995.87,0.23,7696.82,1535.38,Debit Card
ORD01258,2025-05-10,CUST8381,Printer,Office,South,3,10325.47,0.17,25710.43,1967.01,UPI
ORD01259,2025-08-08,CUST8375,Smartwatch,Electronics,East,1,7835.33,0.08,7208.5,617.27,Cash
ORD01260,2024-07-29,CUST9820,Laptop,Electronics,West,4,63078.29,0.2,201850.54,40723.59,Debit Card
ORD01261,2024-11-22,CUST4016,Laptop,Electronics,South,5,62759.94,0.12,276143.73,56341.31,Debit Card
ORD01262,2025-09-18,CUST8075,Printer,Office,East,1,8510.65,0.04,8170.22,1700.68,Net Banking
ORD01263,2024-09-03,CUST4080,Smartwatch,Electronics,West,5,7238.2,0.22,28228.96,3067.5,Net Banking
ORD01264,2025-07-02,CUST5237,Webcam,Accessories,West,4,3006.26,0.08,11063.04,2470.57,Credit Card
ORD01265,2025-05-17,CUST6961,Printer,Office,North,1,10012.45,0.17,8310.33,1616.64,Credit Card
ORD01266,2025-07-20,CUST4752,Tablet,Electronics,East,1,24007.94,0.07,22327.39,4840.43,UPI
ORD01267,2024-06-15,CUST4483,Headphones,Electronics,East,4,2537.44,0.13,8830.29,1692.95,UPI
ORD01268,2025-03-16,CUST9896,Headphones,Electronics,East,4,2327.23,0.2,7447.13,1235.62,Net Banking
ORD01269,2025-11-19,CUST1923,Smartphone,Electronics,South,4,32575.52,0.04,125089.98,8991.34,Net Banking
ORD01270,2024-12-18,CUST8859,Mouse,Accessories,South,5,744.73,0.24,2829.98,543.89,Credit Card
ORD01271,2025-12-03,CUST2555,Headphones,Electronics,North,4,2674.77,0.02,10485.11,1972.17,Net Banking
ORD01272,2024-04-08,CUST6060,Monitor,Electronics,North,5,12396.93,0.13,53926.65,6066.65,Debit Card
ORD01273,2025-09-15,CUST4627,Smartphone,Electronics,North,3,27029.97,0.23,62439.22,12310.76,Debit Card
ORD01274,2024-04-27,CUST5081,Headphones,Electronics,West,1,2803.85,0.24,2130.93,341.14,Net Banking
ORD01275,2025-11-04,CUST6819,Mouse,Accessories,West,1,728.15,0.06,684.47,110.8,UPI
ORD01276,2025-07-22,CUST3017,Laptop,Electronics,North,2,74546.95,0.04,143130.14,17679.57,Credit Card
ORD01277,2024-12-18,CUST5190,Laptop,Electronics,West,3,55392.55,0.18,136265.68,9996.04,Debit Card
ORD01278,2025-07-27,CUST9553,Webcam,Accessories,North,4,3251.66,0.01,12876.56,1202.49,UPI
ORD01279,2025-05-15,CUST8814,Printer,Office,South,4,9099.58,0.12,32030.52,6526.74,Net Banking
ORD01280,2024-02-08,CUST6725,Tablet,Electronics,West,3,18792.36,0.2,45101.66,4703.58,Credit Card
ORD01281,2024-11-25,CUST6685,Laptop,Electronics,West,4,69531.17,0.14,239187.24,12067.14,Credit Card
ORD01282,2024-11-18,CUST4665,Smartwatch,Electronics,North,2,7406.19,0.05,14071.77,3509.55,UPI
ORD01283,2025-05-12,CUST2804,Headphones,Electronics,East,5,2719.26,0.12,11964.76,1102.39,UPI
ORD01284,2024-01-29,CUST9861,Smartwatch,Electronics,North,1,6489.07,0.23,4996.58,904.76,UPI
ORD01285,2025-06-26,CUST6908,Mouse,Accessories,West,3,786.64,0.15,2005.93,472.17,Net Banking
ORD01286,2024-11-11,CUST1799,Laptop,Electronics,West,1,68102.71,0.18,55844.23,9490.31,Net Banking
ORD01287,2025-07-04,CUST1132,Tablet,Electronics,North,5,21602.47,0.08,99371.37,20848.72,UPI
ORD01288,2025-05-27,CUST4433,Mouse,Accessories,North,3,847.36,0.05,2414.97,592.33,Net Banking
ORD01289,2025-07-21,CUST7492,Monitor,Electronics,North,5,12482.3,0.06,58666.83,13028.3,Credit Card
ORD01290,2025-04-11,CUST9738,Monitor,Electronics,West,4,10612.73,0.13,36932.31,5967.55,Cash
ORD01291,2025-11-28,CUST9954,Smartwatch,Electronics,West,4,7590.19,0.07,28235.51,3465.64,Net Banking
ORD01292,2025-08-25,CUST6678,Printer,Office,West,4,10662.03,0.14,36677.38,5372.98,Credit Card
ORD01293,2024-07-17,CUST6924,Smartphone,Electronics,South,5,31402.51,0.18,128750.29,28114.59,Cash
ORD01294,2025-11-13,CUST2067,Printer,Office,North,5,8965.28,0.18,36757.65,8111.34,Cash
ORD01295,2024-06-30,CUST2301,Webcam,Accessories,South,5,3256.4,0.04,15630.7,3425.8,UPI
ORD01296,2024-05-09,CUST6974,Printer,Office,North,1,9679.53,0.19,7840.42,1328.52,UPI
ORD01297,2025-10-15,CUST8404,Webcam,Accessories,South,5,3268.93,0.17,13566.04,1972.38,Credit Card
ORD01298,2024-05-10,CUST9457,Webcam,Accessories,North,4,3214.2,0.0,12856.8,1443.4,UPI
ORD01299,2025-10-15,CUST2239,Tablet,Electronics,East,2,24015.36,0.01,47550.41,2409.48,Cash
ORD01300,2024-01-05,CUST1116,Laptop,Electronics,South,5,67695.53,0.16,284321.22,57687.94,Credit Card
ORD01301,2024-06-15,CUST8423,Tablet,Electronics,West,2,22432.12,0.1,40377.81,4255.81,Credit Card
ORD01302,2025-01-19,CUST8923,Webcam,Accessories,West,4,3212.25,0.04,12335.04,1430.07,Credit Card
ORD01303,2025-09-23,CUST9015,Mouse,Accessories,South,5,900.34,0.01,4456.67,974.66,UPI
ORD01304,2025-07-08,CUST2974,Monitor,Electronics,North,1,10888.26,0.04,10452.73,631.87,UPI
ORD01305,2024-04-01,CUST3481,Webcam,Accessories,South,1,3809.7,0.24,2895.37,681.93,UPI
ORD01306,2024-07-05,CUST8107,Tablet,Electronics,West,2,25080.04,0.18,41131.26,2067.77,Net Banking
ORD01307,2025-08-12,CUST5329,Mouse,Accessories,West,1,854.5,0.13,743.42,176.81,Net Banking
ORD01308,2025-04-09,CUST1608,Tablet,Electronics,West,1,25252.87,0.24,19192.18,2705.17,Net Banking
ORD01309,2025-07-11,CUST1529,Printer,Office,South,1,10453.15,0.15,8885.18,625.73,Credit Card
ORD01310,2025-06-02,CUST8278,Headphones,Electronics,South,4,2288.1,0.18,7504.95,1387.16,UPI
ORD01311,2025-11-12,CUST2876,Smartwatch,Electronics,East,1,6378.02,0.07,5931.56,1359.34,Net Banking
ORD01312,2024-04-24,CUST2658,Smartphone,Electronics,North,3,28421.08,0.15,72473.75,9973.44,Credit Card
ORD01313,2024-09-19,CUST1408,Tablet,Electronics,East,5,18747.06,0.04,89985.88,16941.78,Cash
ORD01314,2024-12-09,CUST1217,Smartphone,Electronics,West,1,31635.29,0.1,28471.76,7000.42,Net Banking
ORD01315,2024-08-26,CUST3531,Keyboard,Accessories,East,1,1395.9,0.01,1381.94,135.62,Credit Card
ORD01316,2024-11-04,CUST5208,Tablet,Electronics,West,1,24080.21,0.05,22876.2,4897.56,Debit Card
ORD01317,2024-01-16,CUST8619,Headphones,Electronics,North,3,2394.38,0.02,7039.48,767.64,Net Banking
ORD01318,2024-03-02,CUST5256,Smartphone,Electronics,East,1,29819.61,0.1,26837.65,3630.26,Cash
ORD01319,2025-12-06,CUST6189,Webcam,Accessories,West,1,3988.97,0.21,3151.29,335.15,Credit Card
ORD01320,2024-11-16,CUST9037,Tablet,Electronics,East,5,20298.34,0.09,92357.43,12856.37,Net Banking
ORD01321,2025-01-02,CUST7242,Laptop,Electronics,South,3,69314.45,0.21,164275.26,8380.96,Net Banking
ORD01322,2025-03-10,CUST1314,Smartwatch,Electronics,South,3,7535.75,0.16,18990.08,2101.97,Debit Card
ORD01323,2024-10-18,CUST6153,Headphones,Electronics,North,1,2290.75,0.13,1992.95,277.14,Credit Card
ORD01324,2024-06-11,CUST1225,Smartphone,Electronics,North,3,30008.97,0.06,84625.3,14931.97,Credit Card
ORD01325,2024-08-28,CUST9670,Headphones,Electronics,East,2,2387.65,0.23,3676.98,652.56,Credit Card
ORD01326,2024-11-20,CUST9414,Mouse,Accessories,North,3,865.26,0.01,2569.81,428.53,UPI
ORD01327,2025-01-09,CUST7026,Smartwatch,Electronics,North,3,7257.21,0.17,18070.47,1962.57,Debit Card
ORD01328,2024-05-08,CUST5615,Webcam,Accessories,South,3,3474.78,0.16,8756.45,2097.0,Credit Card
ORD01329,2024-05-02,CUST7386,Tablet,Electronics,East,4,23843.8,0.11,84883.92,10898.58,Debit Card
ORD01330,2025-10-10,CUST9279,Tablet,Electronics,South,4,20252.03,0.06,76147.62,7110.57,UPI
ORD01331,2025-04-08,CUST6078,Tablet,Electronics,South,4,23673.9,0.11,84279.1,13560.73,Credit Card
ORD01332,2025-06-10,CUST1479,Smartwatch,Electronics,South,3,7767.29,0.22,18175.45,3631.2,Debit Card
ORD01333,2024-08-16,CUST1308,Laptop,Electronics,East,2,72383.12,0.21,114365.33,5998.09,Debit Card
ORD01334,2024-05-23,CUST7798,Keyboard,Accessories,East,3,1627.65,0.24,3711.05,390.66,UPI
ORD01335,2024-06-24,CUST1539,Monitor,Electronics,East,1,11668.85,0.08,10735.34,2308.05,Debit Card
ORD01336,2024-02-22,CUST8309,Printer,Office,South,2,11445.42,0.1,20601.76,3119.19,UPI
ORD01337,2024-11-30,CUST1089,Smartphone,Electronics,North,4,28916.34,0.0,115665.37,15232.86,Net Banking
ORD01338,2025-10-20,CUST3360,Laptop,Electronics,East,5,67703.2,0.24,257272.14,60762.6,Debit Card
ORD01339,2025-07-06,CUST9371,Webcam,Accessories,North,2,3144.13,0.08,5785.2,392.86,UPI
ORD01340,2024-10-19,CUST1548,Smartphone,Electronics,South,4,34324.04,0.1,123566.54,21391.1,Cash
ORD01341,2024-08-27,CUST1001,Tablet,Electronics,West,2,23346.31,0.23,35953.31,4258.23,Credit Card
ORD01342,2025-03-18,CUST2057,Headphones,Electronics,East,2,2690.03,0.13,4680.66,300.33,Credit Card
ORD01343,2025-12-07,CUST8752,Webcam,Accessories,North,3,3044.07,0.14,7853.69,728.42,Credit Card
ORD01344,2024-05-15,CUST6626,Smartphone,Electronics,,1,32370.76,0.04,31075.93,5456.52,UPI
ORD01345,2025-08-22,CUST6045,Tablet,Electronics,South,5,23813.17,0.12,104777.97,5831.46,UPI
ORD01346,2025-12-01,CUST5211,Smartphone,Electronics,East,4,31545.95,0.23,97161.54,16366.84,Credit Card
ORD01347,2024-03-11,CUST3161,Headphones,Electronics,South,2,2343.93,0.14,4031.56,973.1,UPI
ORD01348,2024-01-08,CUST9130,Tablet,Electronics,West,5,21931.95,0.06,103080.19,21545.74,Debit Card
ORD01349,2025-03-08,CUST1594,Keyboard,Accessories,South,2,1324.7,0.01,2622.9,312.44,Debit Card
ORD01350,2024-12-01,CUST7622,Laptop,Electronics,West,1,64445.95,0.08,59290.27,4603.39,Debit Card
ORD01351,2025-09-18,CUST7007,Mouse,Accessories,West,5,738.52,0.14,3175.63,454.16,Net Banking
ORD01352,2025-02-22,CUST6271,Printer,Office,West,4,9547.29,0.01,37807.27,4861.64,Credit Card
ORD01353,2024-10-27,CUST8327,Smartwatch,Electronics,North,2,6291.46,0.15,10695.48,2613.4,Cash
ORD01354,2024-08-24,CUST8516,Printer,Office,South,1,9190.16,0.13,7995.44,1982.66,Credit Card
ORD01355,2025-08-10,CUST7825,Webcam,Accessories,West,5,3055.4,0.2,12221.59,1614.68,Debit Card
ORD01356,2025-05-20,CUST5282,Printer,Office,South,2,11259.7,0.01,22294.21,1778.12,Credit Card
ORD01357,2025-02-02,CUST7482,Tablet,Electronics,East,2,22200.71,0.2,35521.14,8245.23,Net Banking
ORD01358,2025-09-02,CUST8336,Keyboard,Accessories,South,4,1453.53,0.13,5058.3,1055.71,Debit Card
ORD01359,2024-11-18,CUST5920,Mouse,Accessories,South,1,808.41,0.09,735.65,112.01,Net Banking
ORD01360,2024-01-02,CUST1052,Laptop,Electronics,South,3,67501.72,0.24,153903.92,18941.1,Net Banking
ORD01361,2025-09-25,CUST1256,Laptop,Electronics,South,2,73226.64,0.04,140595.14,19631.74,Net Banking
ORD01362,2024-07-03,CUST6691,Headphones,Electronics,North,5,2259.02,0.14,9713.78,2237.83,Debit Card
ORD01363,2024-01-16,CUST8755,Smartwatch,Electronics,West,4,6570.66,0.08,24180.03,2101.94,Net Banking
ORD01364,2024-10-05,CUST3093,Smartphone,Electronics,West,4,34282.1,0.13,119301.72,25215.22,Net Banking
ORD01365,2024-12-16,CUST9206,Keyboard,Accessories,West,2,1442.04,0.14,2480.3,133.04,Cash
ORD01366,2025-01-04,CUST3896,Smartphone,Electronics,East,2,25703.05,0.02,50377.99,11794.21,Credit Card
ORD01367,2025-07-06,CUST3675,Mouse,Accessories,East,2,715.43,0.17,1187.62,178.21,Cash
ORD01368,2025-01-12,CUST5107,Printer,Office,South,3,8579.02,0.16,21619.12,2061.37,Credit Card
ORD01369,2024-02-24,CUST3048,Laptop,Electronics,North,2,74553.5,0.19,120776.67,6107.83,Debit Card
ORD01370,2024-07-26,CUST3124,Mouse,Accessories,North,1,746.93,0.02,731.99,118.52,Cash
ORD01371,2024-05-11,CUST4785,Printer,Office,South,5,11270.63,0.07,52408.42,5183.07,UPI
ORD01372,2024-12-31,CUST3949,Laptop,Electronics,South,2,74669.78,0.16,125445.23,22110.08,Debit Card
ORD01373,2024-12-21,CUST7984,Printer,Office,West,3,10299.52,0.03,29971.61,3184.0,Debit Card
ORD01374,2024-06-26,CUST2665,Smartwatch,Electronics,East,5,6019.71,0.17,24981.81,1688.89,Credit Card
ORD01375,2024-08-29,CUST7218,Keyboard,Accessories,East,4,1311.72,0.01,5194.4,784.41,Credit Card
ORD01376,2024-10-10,CUST3898,Webcam,Accessories,East,2,3480.67,0.08,6404.43,1043.26,Net Banking
ORD01377,2025-09-26,CUST8441,Mouse,Accessories,East,5,777.48,0.21,3071.05,431.54,UPI
ORD01378,2025-03-12,CUST6836,Mouse,Accessories,South,4,825.48,0.19,2674.56,378.74,Debit Card
ORD01379,2025-11-09,CUST3803,Monitor,Electronics,South,3,11779.85,0.16,29685.23,4985.04,Debit Card
ORD01380,2025-06-08,CUST2245,Tablet,Electronics,East,1,24864.91,0.22,19394.63,3011.42,Cash
ORD01381,2024-03-11,CUST3325,Smartwatch,Electronics,West,2,7072.95,0.18,11599.64,887.53,Credit Card
ORD01382,2024-02-23,CUST8525,Smartwatch,Electronics,West,1,7406.82,0.13,6443.94,576.2,Cash
ORD01383,2024-01-13,CUST9876,Smartphone,Electronics,West,3,33568.37,0.24,76535.88,5997.21,Credit Card
ORD01384,2025-01-10,CUST3365,Printer,Office,East,5,8940.62,0.17,37103.55,6999.92,Credit Card
ORD01385,2025-07-24,CUST4138,Tablet,Electronics,West,5,20216.25,0.15,85919.06,13379.29,Cash
ORD01386,2024-09-16,CUST9334,Keyboard,Accessories,South,3,1323.29,0.1,3572.89,485.81,Cash
ORD01387,2024-03-20,CUST9345,Keyboard,Accessories,East,3,1337.84,0.23,3090.4,647.96,Cash
ORD01388,2025-04-20,CUST8261,Smartwatch,Electronics,West,2,7026.43,0.07,13069.15,1505.03,Credit Card
ORD01389,2024-02-29,CUST4268,Keyboard,Accessories,South,4,1419.53,0.0,5678.12,929.06,UPI
ORD01390,2024-02-16,CUST5473,Monitor,Electronics,East,1,11723.42,0.05,11137.25,722.6,Cash
ORD01391,2025-05-04,CUST6726,Mouse,Accessories,South,1,915.8,0.03,888.32,176.67,Credit Card
ORD01392,2025-12-14,CUST8550,Headphones,Electronics,West,5,2242.53,0.08,10315.63,1950.05,Cash
ORD01393,2024-02-05,CUST9185,Webcam,Accessories,North,5,3542.85,0.21,13994.27,2945.46,UPI
ORD01394,2025-06-14,CUST9725,Smartphone,Electronics,West,2,26389.84,0.16,44334.93,10059.38,UPI
ORD01395,2024-09-12,CUST7780,Printer,Office,South,3,9455.49,0.04,27231.81,5490.09,Net Banking
ORD01396,2024-10-12,CUST7969,Webcam,Accessories,North,1,3528.9,0.2,2823.12,617.98,Net Banking
ORD01397,2025-01-01,CUST1786,Printer,Office,North,2,11339.9,0.13,19731.42,2350.62,UPI
ORD01398,2025-07-06,CUST7305,Laptop,Electronics,East,5,62878.95,0.13,273523.43,32458.33,Cash
ORD01399,2024-08-15,CUST1465,Webcam,Accessories,North,5,3043.15,0.09,13846.34,3307.34,Net Banking
ORD01400,2024-06-19,CUST8565,Headphones,Electronics,East,1,2416.12,0.22,1884.57,438.95,Credit Card
ORD01401,2025-05-11,CUST1140,Smartwatch,Electronics,North,5,6256.06,0.08,28777.86,4595.81,UPI
ORD01402,2024-09-01,CUST8802,Monitor,Electronics,North,5,11027.96,0.02,54037.02,6663.4,Cash
ORD01403,2025-01-27,CUST2727,Mouse,Accessories,East,4,828.34,0.08,3048.3,680.38,Credit Card
ORD01404,2025-06-07,CUST2991,Mouse,Accessories,South,3,696.18,0.18,1712.61,196.41,UPI
ORD01405,2025-12-27,CUST3881,Monitor,Electronics,East,5,11873.01,0.16,49866.62,4025.58,UPI
ORD01406,2025-10-13,CUST1702,Tablet,Electronics,North,4,22722.45,0.05,86345.3,15360.7,Cash
ORD01407,2024-10-24,CUST9361,Laptop,Electronics,West,2,63476.24,0.03,123143.9,7206.92,Cash
ORD01408,2025-04-01,CUST3081,Printer,Office,East,5,8557.38,0.17,35513.12,4468.27,Debit Card
ORD01409,2025-03-12,CUST6155,Headphones,Electronics,East,2,2864.14,0.17,4754.47,1005.73,Cash
ORD01410,2024-12-11,CUST1264,Keyboard,Accessories,North,5,1440.2,0.09,6552.92,714.55,Credit Card
ORD01411,2025-04-22,CUST8465,Webcam,Accessories,North,1,3792.51,0.21,2996.08,707.86,Net Banking
ORD01412,2024-07-03,CUST2763,Laptop,Electronics,West,4,61600.11,0.24,187264.32,45161.59,Cash
ORD01413,2025-12-24,CUST8746,Webcam,Accessories,North,4,3473.77,0.05,13200.32,2813.82,Cash
ORD01414,2024-09-28,CUST9198,Headphones,Electronics,East,1,2416.35,0.14,2078.06,514.38,Net Banking
ORD01415,2025-04-05,CUST9204,Smartphone,Electronics,East,3,28582.85,0.0,85748.56,13389.88,Net Banking
ORD01416,2024-04-08,CUST6879,Smartphone,Electronics,East,4,25696.66,0.18,84285.05,13809.26,UPI
ORD01417,2025-03-09,CUST3767,Laptop,Electronics,South,2,62270.41,0.1,112086.73,24348.98,UPI
ORD01418,2025-10-05,CUST1947,Smartwatch,Electronics,East,4,7817.93,0.05,29708.13,4413.47,Net Banking
ORD01419,2025-09-18,CUST4781,Headphones,Electronics,South,3,2642.8,0.19,6421.99,843.49,Net Banking
ORD01420,2025-04-17,CUST4346,Headphones,Electronics,North,2,2234.07,0.2,3574.51,618.21,Net Banking
ORD01421,2024-09-25,CUST2810,Monitor,Electronics,South,2,12328.16,0.03,23916.63,4341.63,Credit Card
ORD01422,2025-07-25,CUST8209,Smartwatch,Electronics,East,1,7823.68,0.01,7745.45,1550.48,Debit Card
ORD01423,2025-09-12,CUST3712,Printer,Office,North,5,10600.1,0.08,48760.47,8954.38,Credit Card
ORD01424,2025-01-30,CUST8458,Printer,Office,South,1,8946.05,0.16,7514.68,1496.51,Debit Card
ORD01425,2025-02-11,CUST7879,Keyboard,Accessories,North,5,1665.52,0.2,6662.1,1231.9,UPI
ORD01426,2025-01-21,CUST5535,Mouse,Accessories,North,1,752.37,0.14,647.04,94.53,Net Banking
ORD01427,2025-06-17,CUST4109,Smartphone,Electronics,South,5,29586.69,0.15,125743.41,9680.6,Credit Card
ORD01428,2024-12-06,CUST5204,Printer,Office,North,4,10078.43,0.2,32250.97,6678.81,Net Banking
ORD01429,2025-06-22,CUST3477,Smartwatch,Electronics,North,2,7736.06,0.13,13460.75,755.9,Net Banking
ORD01430,2024-08-01,CUST7489,Headphones,Electronics,East,5,2823.71,0.15,12000.75,2982.19,Net Banking
ORD01431,2025-01-31,CUST1380,Printer,Office,West,4,11288.96,0.13,39285.58,8473.57,Credit Card
ORD01432,2024-02-13,CUST3621,Headphones,Electronics,West,3,2130.97,0.22,4986.46,918.42,Net Banking
ORD01433,2025-08-14,CUST4581,Printer,Office,North,1,11265.67,0.06,10589.73,2576.71,UPI
ORD01434,2024-12-31,CUST6662,Smartphone,Electronics,South,3,25989.48,0.07,72510.66,12507.66,Debit Card
ORD01435,2024-06-22,CUST4101,Webcam,Accessories,West,4,3254.06,0.03,12625.76,773.79,Cash
ORD01436,2024-09-29,CUST4649,Printer,Office,South,3,10044.96,0.2,24107.91,3902.5,UPI
ORD01437,2025-07-03,CUST3205,Smartwatch,Electronics,West,3,6957.84,0.1,18786.18,1980.83,Debit Card
ORD01438,2025-07-24,CUST4439,Printer,Office,East,4,10314.13,0.09,37543.43,4651.46,Cash
ORD01439,2025-05-04,CUST2382,Mouse,Accessories,East,2,795.07,0.25,1192.6,169.25,Net Banking
ORD01440,2024-06-30,CUST9814,Smartphone,Electronics,South,5,33909.38,0.23,130551.12,26752.55,UPI
ORD01441,2025-09-08,CUST3771,Smartwatch,Electronics,South,1,6455.15,0.24,4905.92,738.76,Cash
ORD01442,2024-04-05,CUST6522,Monitor,Electronics,East,5,11186.49,0.04,53695.15,7782.36,Cash
ORD01443,2025-08-24,CUST7792,Smartwatch,Electronics,South,1,7883.55,0.22,6149.17,678.83,Cash
ORD01444,2024-03-11,CUST9021,Mouse,Accessories,North,5,698.42,0.08,3212.72,507.53,Net Banking
ORD01445,2025-09-03,CUST1133,Webcam,Accessories,East,3,3615.04,0.0,10845.12,1081.02,Debit Card
ORD01446,2024-11-06,CUST5796,Smartphone,Electronics,East,2,31635.62,0.1,56944.12,5819.62,Debit Card
ORD01447,2024-11-22,CUST6796,Monitor,Electronics,East,3,12019.95,0.13,31372.07,6319.96,UPI
ORD01448,2025-11-13,CUST7086,Mouse,Accessories,East,2,846.62,0.03,1642.43,194.64,Net Banking
ORD01449,2024-12-12,CUST7291,Mouse,Accessories,North,4,721.46,0.13,2510.68,151.34,Debit Card
ORD01450,2024-06-14,CUST9699,Laptop,Electronics,East,1,71876.33,0.2,57501.06,6827.41,UPI
ORD01451,2024-08-03,CUST8965,Smartphone,Electronics,East,1,26760.23,0.09,24351.81,4327.67,Debit Card
ORD01452,2024-12-09,CUST1529,Smartwatch,Electronics,South,4,6791.71,0.09,24721.81,5260.73,Credit Card
ORD01453,2024-03-01,CUST3238,Headphones,Electronics,East,5,2181.44,0.08,10034.64,2432.27,Net Banking
ORD01454,2024-07-04,CUST7076,Webcam,Accessories,West,4,3547.47,0.23,10926.21,2176.98,Credit Card
ORD01455,2024-12-29,CUST1405,Headphones,Electronics,South,4,2627.31,0.01,10404.15,1412.57,Debit Card
ORD01456,2024-06-30,CUST5183,Smartwatch,Electronics,South,2,7926.57,0.11,14109.29,1549.54,Debit Card
ORD01457,2025-12-31,CUST5702,Smartwatch,Electronics,West,4,7502.61,0.07,27909.69,2119.07,Credit Card
ORD01458,2024-02-03,CUST6552,Smartphone,Electronics,South,1,30369.93,0.22,23688.54,4158.22,Net Banking
ORD01459,2025-02-08,CUST5369,Smartwatch,Electronics,North,3,7908.5,0.02,23250.98,3533.61,UPI
ORD01460,2025-07-10,CUST9252,Laptop,Electronics,East,2,64579.52,0.1,116243.13,21567.79,Cash
ORD01461,2024-05-17,CUST9273,Monitor,Electronics,East,2,12220.34,0.1,21996.61,2143.06,Credit Card
ORD01462,2025-11-28,CUST4779,Smartwatch,Electronics,South,5,7201.81,0.22,28087.05,3222.39,Net Banking
ORD01463,2024-01-28,CUST4974,Headphones,Electronics,East,3,2432.48,0.05,6932.58,751.62,Net Banking
ORD01464,2024-04-15,CUST6440,Smartwatch,Electronics,South,2,7710.81,0.16,12954.17,2714.29,Cash
ORD01465,2024-06-05,CUST8719,Laptop,Electronics,East,4,58860.93,0.03,228380.41,19240.13,UPI
ORD01466,2024-04-16,CUST4110,Printer,Office,South,2,10164.53,0.24,15450.08,2652.69,UPI
ORD01467,2024-08-20,CUST5994,Printer,Office,South,2,10666.7,0.15,18133.39,1092.92,Debit Card
ORD01468,2024-07-14,CUST9299,Mouse,Accessories,South,2,896.95,0.16,1506.88,240.96,Debit Card
ORD01469,2024-07-20,CUST8906,Webcam,Accessories,North,5,3903.11,0.11,17368.86,1090.47,Credit Card
ORD01470,2024-04-18,CUST4334,Keyboard,Accessories,South,2,1503.93,0.09,2737.16,233.14,UPI
ORD01471,2025-06-26,CUST2021,Monitor,Electronics,North,2,12515.38,0.05,23779.22,1726.49,Credit Card
ORD01472,2024-02-10,CUST2880,Tablet,Electronics,North,5,21301.97,0.15,90533.37,10804.71,Debit Card
ORD01473,2024-03-04,CUST4006,Mouse,Accessories,West,3,792.36,0.24,1806.59,214.53,Credit Card
ORD01474,2025-11-12,CUST7477,Webcam,Accessories,South,1,3926.58,0.09,3573.19,769.25,Cash
ORD01475,2025-02-18,CUST2215,Printer,Office,North,5,11292.11,0.22,44039.24,4189.78,Credit Card
ORD01476,2025-01-06,CUST1320,Headphones,Electronics,West,5,2796.56,0.04,13423.49,903.1,Debit Card
ORD01477,2025-10-12,CUST2051,Tablet,Electronics,East,2,19613.25,0.23,30204.4,5155.96,Debit Card
ORD01478,2024-12-29,CUST4385,Webcam,Accessories,North,2,3867.59,0.09,7039.01,1319.75,Cash
ORD01479,2024-08-23,CUST7161,Webcam,Accessories,North,1,3970.78,0.09,3613.41,393.73,Cash
ORD01480,2025-04-15,CUST4181,Mouse,Accessories,North,2,766.7,0.12,1349.39,230.16,UPI
ORD01481,2025-05-14,CUST5728,Tablet,Electronics,West,4,22123.07,0.18,72563.65,14890.88,Cash
ORD01482,2025-02-26,CUST7955,Smartphone,Electronics,West,2,32511.86,0.18,53319.45,6372.24,Cash
ORD01483,2025-08-01,CUST8716,Keyboard,Accessories,North,2,1527.94,0.12,2689.17,417.01,UPI
ORD01484,2024-07-06,CUST2538,Smartphone,Electronics,South,4,34441.35,0.13,119855.9,9507.77,Cash
ORD01485,2025-06-23,CUST7413,Tablet,Electronics,West,1,21707.71,0.01,21490.63,1176.17,Net Banking
ORD01486,2025-02-06,CUST7278,Smartphone,Electronics,West,4,31925.48,0.08,117485.78,28933.65,Net Banking
ORD01487,2025-05-08,CUST3448,Laptop,Electronics,East,5,70705.53,0.09,321710.15,35370.8,Net Banking
ORD01488,2025-12-23,CUST2518,Printer,Office,East,4,9982.3,0.14,34339.12,3632.41,Cash
ORD01489,2024-08-21,CUST6202,Laptop,Electronics,North,3,71961.18,0.14,185659.86,45421.5,Debit Card
ORD01490,2025-05-06,CUST2742,Smartwatch,Electronics,East,5,7096.92,0.18,29097.39,5692.81,Debit Card
ORD01491,2025-06-14,CUST5174,Smartphone,Electronics,South,2,29204.86,0.18,47895.97,8001.48,UPI
ORD01492,2024-11-07,CUST2331,Smartwatch,Electronics,North,5,6176.43,0.06,29029.22,5511.62,Debit Card
ORD01493,2024-04-22,CUST3214,Headphones,Electronics,North,1,2420.06,0.19,1960.25,376.34,Debit Card
ORD01494,2025-05-15,CUST9876,Monitor,Electronics,West,1,12842.17,0.0,12842.17,2602.69,UPI
ORD01495,2024-12-09,CUST1460,Headphones,Electronics,North,4,2815.96,0.18,9236.36,585.94,Net Banking
ORD01496,2024-12-23,CUST4940,Tablet,Electronics,East,5,20361.08,0.03,98751.26,13091.09,UPI
ORD01497,2024-05-05,CUST4664,Webcam,Accessories,North,2,3348.0,0.18,5490.72,598.63,Debit Card
ORD01498,2025-12-20,CUST3221,Printer,Office,North,1,8961.88,0.13,7796.84,499.89,Debit Card
ORD01499,2024-03-22,CUST7730,Smartphone,Electronics,East,2,31716.51,0.11,56455.38,7481.46,UPI
ORD01500,2024-09-08,CUST7697,Mouse,Accessories,West,3,910.45,0.17,2267.01,392.72,Cash
ORD01501,2025-07-06,CUST4168,Monitor,Electronics,South,1,12507.43,0.01,12382.35,1061.16,Debit Card
ORD01502,2025-01-16,CUST9358,Keyboard,Accessories,East,4,1552.68,0.06,5838.09,648.06,Debit Card
ORD01503,2025-12-17,CUST7341,Keyboard,Accessories,South,3,1524.07,0.15,3886.38,691.13,UPI
ORD01504,2024-04-08,CUST8782,Keyboard,Accessories,South,5,1314.81,0.21,5193.48,861.42,Debit Card
ORD01505,2025-03-27,CUST7583,Smartphone,Electronics,South,2,32065.53,0.1,57717.96,12914.8,Cash
ORD01506,2025-08-17,CUST1558,Keyboard,Accessories,North,1,1545.92,0.06,1453.17,302.62,Cash
ORD01507,2024-01-24,CUST4749,Laptop,Electronics,South,3,68148.8,0.13,177868.36,43243.75,UPI
ORD01508,2025-02-20,CUST2553,Monitor,Electronics,West,3,13435.72,0.16,33858.01,5736.86,Credit Card
ORD01509,2024-12-18,CUST5609,Laptop,Electronics,West,1,70537.24,0.11,62778.14,11908.6,Net Banking
ORD01510,2024-03-13,CUST8784,Webcam,Accessories,West,5,3794.96,0.22,14800.35,3287.18,Cash
ORD01511,2025-11-25,CUST6221,Monitor,Electronics,North,5,13537.86,0.13,58889.7,12837.87,Cash
ORD01512,2025-05-29,CUST6301,Laptop,Electronics,East,4,74553.73,0.01,295232.78,57199.68,Net Banking
ORD01513,2024-01-30,CUST3461,Monitor,Electronics,West,5,12292.62,0.06,57775.3,8669.26,UPI
ORD01514,2025-10-19,CUST3538,Webcam,Accessories,South,4,3089.33,0.11,10998.0,1150.85,Debit Card
ORD01515,2025-03-25,CUST8383,Smartwatch,Electronics,North,3,6914.17,0.17,17216.29,3881.29,UPI
ORD01516,2025-04-24,CUST6891,Smartphone,Electronics,North,1,32588.41,0.05,30958.99,6356.84,Credit Card
ORD01517,2025-04-01,CUST4590,Smartphone,Electronics,West,5,25749.53,0.24,97848.21,21289.95,Credit Card
ORD01518,2025-12-24,CUST2756,Keyboard,Accessories,South,4,1300.6,0.08,4786.21,374.08,Net Banking
ORD01519,2024-01-27,CUST7896,Headphones,Electronics,South,3,2175.37,0.13,5677.71,641.37,Credit Card
ORD01520,2024-12-21,CUST3731,Keyboard,Accessories,West,5,1603.97,0.0,8019.83,1082.49,Credit Card
ORD01521,2025-09-08,CUST9172,Tablet,Electronics,South,2,22007.7,0.22,34332.01,7473.06,Net Banking
ORD01522,2025-09-13,CUST8372,Laptop,Electronics,North,3,62443.51,0.2,149864.42,34255.61,Net Banking
ORD01523,2024-01-19,CUST9679,Monitor,Electronics,North,5,10580.22,0.05,50256.05,5376.32,Net Banking
ORD01524,2025-06-11,CUST2948,Headphones,Electronics,West,3,2674.18,0.23,6177.36,1156.93,Net Banking
ORD01525,2024-09-26,CUST1368,Webcam,Accessories,South,1,3312.07,0.08,3047.11,199.78,Net Banking
ORD01526,2025-07-12,CUST1958,Tablet,Electronics,East,1,20451.14,0.17,16974.45,2239.18,Cash
ORD01527,2024-05-25,CUST9449,Webcam,Accessories,West,1,3659.94,0.2,2927.95,431.39,Debit Card
ORD01528,2025-10-29,CUST7863,Smartphone,Electronics,North,2,30531.1,0.19,49460.38,10046.72,Net Banking
ORD01529,2025-06-25,CUST8271,Smartphone,Electronics,West,1,28761.7,0.23,22146.51,5058.14,Debit Card
ORD01530,2025-09-08,CUST9168,Keyboard,Accessories,West,2,1563.67,0.22,2439.32,286.51,Credit Card
ORD01531,2024-05-28,CUST9670,Laptop,Electronics,,1,60538.82,0.25,45404.11,7062.51,Cash
ORD01532,2025-07-13,CUST5335,Headphones,Electronics,East,3,2721.12,0.05,7755.2,1391.98,Net Banking
ORD01533,2024-07-01,CUST3415,Printer,Office,West,5,9187.96,0.08,42264.6,4891.6,Cash
ORD01534,2025-10-31,CUST8458,Tablet,Electronics,East,5,19748.33,0.16,82942.98,20495.84,UPI
ORD01535,2024-02-11,CUST4569,Tablet,Electronics,East,1,23864.1,0.18,19568.56,4405.96,Debit Card
ORD01536,2024-06-13,CUST9479,Keyboard,Accessories,North,5,1593.55,0.13,6931.95,757.53,Net Banking
ORD01537,2025-11-16,CUST5229,Smartphone,Electronics,West,1,27143.75,0.02,26600.88,4032.41,Debit Card
ORD01538,2024-04-03,CUST6916,Keyboard,Accessories,West,1,1327.31,0.21,1048.58,100.84,Debit Card
ORD01539,2024-08-01,CUST6950,Monitor,Electronics,East,4,13218.24,0.24,40183.44,6144.08,UPI
ORD01540,2024-07-06,CUST5320,Headphones,Electronics,West,4,2707.45,0.1,9746.82,1819.4,Debit Card
ORD01541,2024-03-28,CUST3684,Laptop,Electronics,East,4,61631.52,0.06,231734.51,15550.36,Credit Card
ORD01542,2025-04-02,CUST3031,Smartwatch,Electronics,North,2,7332.21,0.0,14664.43,3285.18,Debit Card
ORD01543,2025-04-16,CUST3896,Mouse,Accessories,North,4,709.8,0.06,2668.84,450.36,UPI
ORD01544,2024-02-23,CUST1899,Mouse,Accessories,North,1,801.69,0.17,665.4,164.97,UPI
ORD01545,2025-01-06,CUST5921,Keyboard,Accessories,East,3,1283.43,0.23,2964.72,163.41,Net Banking
ORD01546,2025-10-17,CUST7046,Monitor,Electronics,West,4,11609.77,0.02,45510.29,9843.86,Credit Card
ORD01547,2025-05-31,CUST8061,Headphones,Electronics,West,4,2181.13,0.14,7503.09,1563.59,Debit Card
ORD01548,2024-12-30,CUST1410,Printer,Office,South,3,9925.44,0.17,24714.35,1892.39,UPI
ORD01549,2024-02-06,CUST9565,Mouse,Accessories,South,1,781.2,0.07,726.52,85.05,UPI
ORD01550,2024-04-28,CUST5179,Headphones,Electronics,North,2,2458.29,0.14,4228.26,959.64,Debit Card
ORD01551,2025-02-12,CUST1481,Laptop,Electronics,West,4,56133.96,0.18,184119.39,28297.47,Debit Card
ORD01552,2024-12-28,CUST8510,Webcam,Accessories,East,3,3354.7,0.21,7950.63,1035.62,Net Banking
ORD01553,2025-01-03,CUST9171,Monitor,Electronics,East,1,12923.34,0.11,11501.77,2658.05,Net Banking
ORD01554,2024-06-01,CUST1271,Smartphone,Electronics,East,5,28820.23,0.19,116721.93,8015.17,Credit Card
ORD01555,2024-11-18,CUST4535,Headphones,Electronics,West,2,2661.38,0.08,4896.94,708.22,Net Banking
ORD01556,2024-10-20,CUST5614,Laptop,Electronics,West,3,62454.84,0.05,177996.28,32123.85,Net Banking
ORD01557,2025-04-24,CUST4074,Printer,Office,North,3,9769.72,0.05,27843.7,4780.99,Cash
ORD01558,2025-12-24,CUST9179,Smartwatch,Electronics,South,3,7134.17,0.09,19476.29,2003.24,Debit Card
ORD01559,2025-04-22,CUST1796,Smartphone,Electronics,West,4,34056.14,0.01,134862.3,21937.05,Net Banking
ORD01560,2025-03-23,CUST9166,Smartwatch,Electronics,East,5,6178.61,0.07,28730.52,5508.0,Cash
ORD01561,2024-05-09,CUST8555,Printer,Office,West,2,8598.74,0.16,14445.89,2412.13,Cash
ORD01562,2025-12-04,CUST3534,Laptop,Electronics,South,1,67105.17,0.16,56368.34,10534.82,Net Banking
ORD01563,2025-12-09,CUST2191,Mouse,Accessories,South,1,907.78,0.02,889.63,90.04,UPI
ORD01564,2025-10-21,CUST1936,Smartwatch,Electronics,East,5,8028.42,0.07,37332.15,8085.02,Net Banking
ORD01565,2024-12-07,CUST7097,Smartphone,Electronics,North,3,29857.48,0.14,77032.29,10779.74,Net Banking
ORD01566,2024-09-23,CUST1022,Keyboard,Accessories,South,3,1485.64,0.08,4100.36,1014.61,Debit Card
ORD01567,2024-12-03,CUST4203,Tablet,Electronics,South,3,22956.76,0.1,61983.25,3387.82,UPI
ORD01568,2025-04-19,CUST1451,Headphones,Electronics,South,3,2541.73,0.18,6252.65,788.23,Credit Card
ORD01569,2025-02-18,CUST1273,Mouse,Accessories,South,3,832.18,0.0,2496.54,214.94,Net Banking
ORD01570,2024-10-17,CUST2024,Smartwatch,Electronics,South,5,7785.4,0.07,36202.1,5832.95,Net Banking
ORD01571,2024-06-20,CUST9357,Webcam,Accessories,West,4,3758.62,0.04,14433.11,1423.7,Debit Card
ORD01572,2025-03-14,CUST7553,Headphones,Electronics,East,2,2497.66,0.03,4845.46,956.96,Credit Card
ORD01573,2024-10-27,CUST9488,Keyboard,Accessories,West,3,1482.84,0.24,3380.87,765.34,Cash
ORD01574,2024-05-28,CUST8856,Printer,Office,North,4,10418.81,0.09,37924.45,3495.76,UPI
ORD01575,2025-10-21,CUST9020,Tablet,Electronics,South,1,21707.66,0.13,18885.67,1551.18,Credit Card
ORD01576,2024-09-21,CUST8796,Laptop,Electronics,North,5,64176.7,0.18,263124.46,59221.8,Net Banking
ORD01577,2024-04-04,CUST9287,Keyboard,Accessories,North,4,1282.34,0.01,5078.06,620.81,Cash
ORD01578,2025-11-28,CUST1570,Keyboard,Accessories,East,3,1353.33,0.06,3816.39,522.53,Debit Card
ORD01579,2025-02-20,CUST9332,Printer,Office,West,3,9965.54,0.21,23618.33,2224.7,Net Banking
ORD01580,2024-09-13,CUST6436,Monitor,Electronics,North,3,13161.55,0.22,30798.03,4159.67,Debit Card
ORD01581,2025-12-23,CUST7706,Printer,Office,North,4,9336.18,0.09,33983.7,3271.27,UPI
ORD01582,2025-05-29,CUST1766,Monitor,Electronics,North,3,12081.52,0.09,32982.54,6041.92,Debit Card
ORD01583,2025-11-09,CUST2626,Monitor,Electronics,North,4,11441.86,0.19,37071.64,5552.42,Credit Card
ORD01584,2024-12-15,CUST7320,Mouse,Accessories,South,3,705.15,0.07,1967.38,408.45,Credit Card
ORD01585,2024-07-23,CUST5710,Mouse,Accessories,East,1,909.99,0.03,882.69,99.34,UPI
ORD01586,2025-11-20,CUST1653,Smartphone,Electronics,East,1,33192.06,0.06,31200.54,4714.99,UPI
ORD01587,2024-12-09,CUST9333,Smartwatch,Electronics,East,2,6114.83,0.1,11006.7,1121.63,UPI
ORD01588,2025-04-09,CUST6834,Smartwatch,Electronics,North,3,7461.55,0.01,22160.81,5249.78,Credit Card
ORD01589,2025-06-22,CUST6624,Laptop,Electronics,North,3,62027.81,0.12,163753.41,25281.42,Net Banking
ORD01590,2024-01-29,CUST7042,Smartwatch,Electronics,South,4,8039.18,0.19,26046.96,2205.98,Credit Card
ORD01591,2025-09-30,CUST3877,Mouse,Accessories,North,4,752.58,0.13,2618.96,273.82,Debit Card
ORD01592,2025-01-10,CUST5606,Smartphone,Electronics,West,3,27648.65,0.02,81287.02,5412.12,UPI
ORD01593,2024-04-14,CUST4525,Smartphone,Electronics,West,2,30611.01,0.11,54487.61,3027.51,Cash
ORD01594,2024-11-29,CUST6394,Monitor,Electronics,North,3,13206.45,0.18,32487.88,5041.61,Credit Card
ORD01595,2024-03-09,CUST5555,Printer,Office,West,4,9077.56,0.01,35947.12,4221.08,Cash
ORD01596,2024-04-16,CUST8155,Laptop,Electronics,West,3,69083.35,0.01,205177.56,49807.82,Net Banking
ORD01597,2025-11-22,CUST1383,Monitor,Electronics,East,4,10421.06,0.09,37932.67,3196.45,Credit Card
ORD01598,2024-04-11,CUST3198,Printer,Office,North,3,11256.8,0.05,32081.89,6698.14,Net Banking
ORD01599,2024-09-18,CUST6367,Smartwatch,Electronics,East,5,6120.26,0.23,23562.99,2667.2,Net Banking
ORD01600,2025-10-25,CUST1570,Monitor,Electronics,West,4,13491.23,0.15,45870.19,4344.25,Credit Card
ORD01601,2025-07-05,CUST3642,Headphones,Electronics,East,2,2493.11,0.07,4637.18,1131.13,Credit Card
ORD01602,2024-10-15,CUST6221,Smartwatch,Electronics,West,5,6890.99,0.18,28253.06,5947.7,Net Banking
ORD01603,2024-05-16,CUST4731,Printer,Office,East,3,11419.92,0.09,31176.38,5490.92,UPI
ORD01604,2025-05-04,CUST3988,Laptop,Electronics,North,4,74562.49,0.03,289302.47,54800.89,Credit Card
ORD01605,2025-11-19,CUST7474,Printer,Office,West,5,10450.53,0.06,49117.51,12194.71,Net Banking
ORD01606,2024-03-07,CUST1761,Monitor,Electronics,North,2,10657.63,0.16,17904.82,3019.49,Debit Card
ORD01607,2024-05-30,CUST8402,Monitor,Electronics,South,4,12022.21,0.01,47607.96,3350.65,Cash
ORD01608,2024-10-04,CUST1927,Keyboard,Accessories,West,5,1513.12,0.07,7036.02,443.08,Debit Card
ORD01609,2024-07-30,CUST3144,Laptop,Electronics,East,5,65281.71,0.05,310088.1,56845.77,Credit Card
ORD01610,2024-12-15,CUST2798,Webcam,Accessories,South,5,3572.97,0.05,16971.59,3080.69,Credit Card
ORD01611,2025-09-19,CUST8518,Smartwatch,Electronics,North,1,5989.32,0.17,4971.14,992.41,Credit Card
ORD01612,2025-10-09,CUST8597,Smartphone,Electronics,North,3,31901.05,0.21,75605.48,5425.13,Credit Card
ORD01613,2024-05-26,CUST5247,Laptop,Electronics,North,4,69141.69,0.18,226784.74,54197.12,Debit Card
ORD01614,2024-12-30,CUST1450,Smartphone,Electronics,South,4,26539.23,0.16,89171.81,14288.15,UPI
ORD01615,2025-11-08,CUST7391,Laptop,Electronics,West,4,66369.67,0.23,204418.58,36777.17,Net Banking
ORD01616,2024-08-15,CUST5580,Laptop,Electronics,West,5,66333.04,0.01,328348.56,18706.17,Net Banking
ORD01617,2025-10-07,CUST7585,Printer,Office,North,3,10547.35,0.04,30376.37,7357.0,Net Banking
ORD01618,2025-11-22,CUST4885,Laptop,Electronics,North,2,56915.25,0.1,102447.46,16649.59,Cash
ORD01619,2024-10-16,CUST3547,Keyboard,Accessories,North,4,1556.93,0.09,5667.21,921.9,Credit Card
ORD01620,2024-11-25,CUST4032,Webcam,Accessories,South,3,3269.79,0.1,8828.43,2107.44,Debit Card
ORD01621,2025-01-29,CUST4739,Monitor,Electronics,South,3,12025.21,0.05,34271.85,8083.7,Debit Card
ORD01622,2025-07-08,CUST2209,Tablet,Electronics,North,1,23803.94,0.04,22851.78,2149.43,Debit Card
ORD01623,2024-05-18,CUST5022,Smartphone,Electronics,East,4,31850.81,0.13,110840.83,26182.79,UPI
ORD01624,2025-02-27,CUST8667,Monitor,Electronics,West,5,10628.05,0.23,40918.0,8074.11,Credit Card
ORD01625,2024-09-09,CUST1984,Tablet,Electronics,South,3,22601.82,0.1,61024.91,3281.93,Net Banking
ORD01626,2025-02-19,CUST5644,Webcam,Accessories,West,3,3992.57,0.01,11857.94,1161.71,Net Banking
ORD01627,2025-05-21,CUST6928,Webcam,Accessories,South,2,3139.61,0.18,5148.96,682.73,Credit Card
ORD01628,2024-12-11,CUST7354,Smartphone,Electronics,East,1,33176.16,0.07,30853.83,5139.15,Net Banking
ORD01629,2025-11-27,CUST6205,Smartphone,Electronics,South,3,31822.93,0.06,89740.67,17074.59,Net Banking
ORD01630,2025-07-30,CUST6624,Webcam,Accessories,West,3,3787.7,0.08,10454.06,962.21,Credit Card
ORD01631,2024-06-28,CUST7351,Tablet,Electronics,East,5,20560.92,0.18,84299.79,18321.73,Debit Card
ORD01632,2024-08-01,CUST5867,Laptop,Electronics,East,5,60863.83,0.2,243455.34,53351.55,Cash
ORD01633,2025-03-13,CUST3672,Smartwatch,Electronics,East,2,7852.64,0.15,13349.49,2362.86,Credit Card
ORD01634,2025-04-24,CUST8771,Headphones,Electronics,East,2,2394.87,0.08,4406.57,1032.1,Net Banking
ORD01635,2024-06-01,CUST6877,Monitor,Electronics,West,2,10426.86,0.08,19185.41,4078.75,Net Banking
ORD01636,2025-02-16,CUST3906,Printer,Office,East,5,10301.79,0.03,49963.68,4712.81,Cash
ORD01637,2024-05-02,CUST3051,Monitor,Electronics,West,5,10649.34,0.23,40999.97,8599.14,Cash
ORD01638,2025-08-28,CUST9687,Printer,Office,South,1,10889.79,0.16,9147.42,2201.24,Cash
ORD01639,2025-08-16,CUST7522,Tablet,Electronics,West,4,22935.53,0.01,90824.69,7040.85,Credit Card
ORD01640,2025-09-11,CUST5451,Printer,Office,North,4,11124.18,0.17,36932.28,9075.72,Debit Card
ORD01641,2025-08-01,CUST5563,Smartphone,Electronics,East,1,32563.54,0.11,28981.55,1593.94,Cash
ORD01642,2024-08-30,CUST5533,Smartwatch,Electronics,West,4,6185.44,0.24,18803.73,2903.93,UPI
ORD01643,2024-11-01,CUST5059,Smartwatch,Electronics,South,5,6750.25,0.2,27000.99,5529.23,Debit Card
ORD01644,2024-05-15,CUST8708,Smartphone,Electronics,North,4,32471.04,0.04,124688.8,25946.2,Cash
ORD01645,2024-06-07,CUST5796,Keyboard,Accessories,North,5,1462.8,0.18,5997.5,1181.11,Net Banking
ORD01646,2024-05-31,CUST8155,Tablet,Electronics,South,1,25117.61,0.12,22103.5,3445.28,Credit Card
ORD01647,2025-03-31,CUST5141,Keyboard,Accessories,North,2,1606.08,0.05,3051.56,549.87,Net Banking
ORD01648,2025-07-07,CUST5704,Keyboard,Accessories,North,1,1281.97,0.17,1064.04,202.15,Net Banking
ORD01649,2024-11-29,CUST5144,Monitor,Electronics,West,4,13367.95,0.14,45985.74,6847.64,Credit Card
ORD01650,2025-04-07,CUST3167,Webcam,Accessories,East,5,3080.85,0.01,15250.18,2579.37,Debit Card
ORD01651,2025-04-13,CUST4145,Monitor,Electronics,West,4,10705.89,0.16,35971.77,7887.66,Net Banking
ORD01652,2024-01-26,CUST8274,Webcam,Accessories,East,4,3746.22,0.16,12587.29,1417.02,Debit Card
ORD01653,2024-06-14,CUST6651,Headphones,Electronics,West,2,2773.73,0.04,5325.55,823.55,Credit Card
ORD01654,2024-12-31,CUST2362,Printer,Office,South,4,10109.05,0.09,36796.94,1902.25,Cash
ORD01655,2025-03-14,CUST1458,Webcam,Accessories,East,2,3278.5,0.15,5573.45,1044.95,Net Banking
ORD01656,2024-04-06,CUST5785,Smartphone,Electronics,North,5,28661.84,0.03,139009.92,12382.6,Net Banking
ORD01657,2025-01-28,CUST4701,Monitor,Electronics,North,5,11434.4,0.21,45165.89,6603.26,Credit Card
ORD01658,2025-04-11,CUST8054,Tablet,Electronics,West,2,20856.08,0.01,41295.03,3800.84,Credit Card
ORD01659,2024-09-23,CUST4742,Printer,Office,East,1,9228.73,0.03,8951.87,489.73,Cash
ORD01660,2024-05-02,CUST4127,Headphones,Electronics,South,5,2581.65,0.03,12521.0,1836.13,Credit Card
ORD01661,2025-06-18,CUST3042,Webcam,Accessories,South,1,3920.43,0.13,3410.77,460.34,UPI
ORD01662,2024-07-16,CUST1239,Headphones,Electronics,East,5,2355.31,0.16,9892.31,1335.76,UPI
ORD01663,2024-02-10,CUST5933,Tablet,Electronics,South,5,19932.18,0.1,89694.82,8230.51,Credit Card
ORD01664,2024-04-30,CUST5763,Keyboard,Accessories,West,3,1652.36,0.07,4610.08,1103.84,Cash
ORD01665,2025-02-28,CUST4663,Smartwatch,Electronics,South,4,7507.74,0.2,24024.78,1218.09,UPI
ORD01666,2024-01-04,CUST8712,Tablet,Electronics,North,4,24843.52,0.02,97386.62,22234.25,Net Banking
ORD01667,2024-09-11,CUST2000,Mouse,Accessories,East,1,719.72,0.07,669.34,132.12,Cash
ORD01668,2025-10-04,CUST2455,Tablet,Electronics,East,4,19652.06,0.01,77822.15,6569.31,Credit Card
ORD01669,2025-04-12,CUST6621,Headphones,Electronics,North,1,2531.07,0.0,2531.07,365.58,UPI
ORD01670,2024-07-01,CUST6694,Smartphone,Electronics,North,5,31029.9,0.09,141186.06,34981.67,Cash
ORD01671,2024-04-16,CUST5700,Monitor,Electronics,East,3,11928.62,0.05,33996.58,6076.54,Net Banking
ORD01672,2025-05-13,CUST5295,Smartphone,Electronics,East,3,30890.7,0.07,86185.05,6504.85,Credit Card
ORD01673,2025-03-22,CUST8786,Headphones,Electronics,North,5,2260.28,0.21,8928.13,1263.58,Debit Card
ORD01674,2024-06-25,CUST6366,Monitor,Electronics,South,2,11926.61,0.04,22899.09,3289.24,UPI
ORD01675,2024-03-12,CUST2907,Mouse,Accessories,West,2,837.94,0.2,1340.71,282.16,Net Banking
ORD01676,2024-03-10,CUST4588,Smartwatch,Electronics,North,4,6858.68,0.17,22770.83,5310.9,Cash
ORD01677,2025-08-03,CUST8983,Printer,Office,West,1,10538.34,0.08,9695.27,644.23,UPI
ORD01678,2024-05-02,CUST9656,Headphones,Electronics,South,3,2463.39,0.14,6355.56,716.95,UPI
ORD01679,2025-01-26,CUST2257,Webcam,Accessories,East,4,3325.28,0.11,11838.0,1298.48,Credit Card
ORD01680,2024-08-14,CUST3207,Headphones,Electronics,East,5,2352.7,0.03,11410.61,2843.63,Net Banking
ORD01681,2025-01-02,CUST9971,Headphones,Electronics,East,3,2433.18,0.23,5620.64,909.67,UPI
ORD01682,2025-04-02,CUST8267,Monitor,Electronics,East,1,10283.12,0.14,8843.49,1998.33,UPI
ORD01683,2024-07-01,CUST1555,Laptop,Electronics,East,1,68286.24,0.22,53263.27,7201.54,Net Banking
ORD01684,2024-08-14,CUST9160,Tablet,Electronics,North,2,24277.7,0.21,38358.76,7462.49,Cash
ORD01685,2024-03-12,CUST7825,Laptop,Electronics,East,4,62165.23,0.02,243687.7,26151.86,Credit Card
ORD01686,2025-05-26,CUST4092,Mouse,Accessories,West,5,691.05,0.05,3282.48,762.71,UPI
ORD01687,2024-01-08,CUST2273,Webcam,Accessories,East,3,4011.11,0.04,11552.01,1629.17,Net Banking
ORD01688,2024-03-12,CUST2212,Smartwatch,Electronics,West,1,6503.77,0.21,5137.98,1082.8,Debit Card
ORD01689,2025-12-24,CUST9985,Keyboard,Accessories,West,3,1331.98,0.22,3116.83,315.31,Cash
ORD01690,2024-02-15,CUST3719,Mouse,Accessories,East,5,768.74,0.13,3344.02,631.09,Credit Card
ORD01691,2024-05-29,CUST7659,Keyboard,Accessories,East,3,1607.35,0.03,4677.39,612.89,Debit Card
ORD01692,2025-08-15,CUST2062,Keyboard,Accessories,South,4,1407.26,0.03,5460.18,307.34,Cash
ORD01693,2025-04-26,CUST8163,Smartwatch,Electronics,East,2,7156.88,0.2,11451.0,1518.42,UPI
ORD01694,2025-02-12,CUST1700,Smartphone,Electronics,West,3,29240.04,0.23,67544.49,10807.41,Credit Card
ORD01695,2024-06-23,CUST7489,Laptop,Electronics,South,2,57546.4,0.05,109338.16,8785.57,Cash
ORD01696,2025-03-02,CUST9494,Headphones,Electronics,West,5,2372.72,0.0,11863.58,1029.55,Cash
ORD01697,2025-10-16,CUST6249,Printer,Office,South,2,10674.61,0.08,19641.29,2808.16,Cash
ORD01698,2025-12-04,CUST7611,Keyboard,Accessories,West,3,1550.4,0.01,4604.69,545.87,Cash
ORD01699,2025-11-01,CUST7977,Webcam,Accessories,East,3,3100.77,0.21,7348.82,1015.23,Debit Card
ORD01700,2024-08-24,CUST9367,Mouse,Accessories,South,1,719.2,0.12,632.89,89.98,Credit Card
ORD01701,2025-08-17,CUST7337,Smartphone,Electronics,West,3,31266.6,0.16,78791.83,6146.96,UPI
ORD01702,2025-11-17,CUST3991,Keyboard,Accessories,East,2,1641.04,0.1,2953.87,254.74,Credit Card
ORD01703,2024-05-19,CUST4857,Smartphone,Electronics,South,1,28645.27,0.09,26067.2,5725.22,Debit Card
ORD01704,2024-03-04,CUST6871,Smartphone,Electronics,North,3,30857.8,0.06,87018.99,7182.87,Credit Card
ORD01705,2024-10-05,CUST3691,Keyboard,Accessories,East,3,1351.79,0.19,3284.85,601.73,Debit Card
ORD01706,2024-02-19,CUST5176,Monitor,Electronics,West,5,11320.95,0.17,46981.96,6281.75,Debit Card
ORD01707,2024-08-02,CUST5502,Tablet,Electronics,East,1,18833.78,0.09,17138.74,4175.81,Debit Card
ORD01708,2025-09-28,CUST2204,Webcam,Accessories,West,5,3781.69,0.08,17395.77,1099.78,Debit Card
ORD01709,2024-02-05,CUST2292,Headphones,Electronics,West,5,2425.76,0.0,12128.79,2620.76,Cash
ORD01710,2025-10-12,CUST2593,Headphones,Electronics,West,5,2737.09,0.02,13411.76,1988.83,Credit Card
ORD01711,2025-08-20,CUST3238,Webcam,Accessories,West,4,3718.79,0.16,12495.14,638.13,Net Banking
ORD01712,2025-03-06,CUST1553,Monitor,Electronics,South,5,13183.48,0.13,57348.14,5891.49,Debit Card
ORD01713,2025-05-19,CUST7499,Headphones,Electronics,North,2,2339.24,0.11,4163.85,547.71,Debit Card
ORD01714,2025-07-21,CUST4933,Smartphone,Electronics,East,3,27165.98,0.21,64383.37,7264.95,Credit Card
ORD01715,2024-09-05,CUST4173,Smartwatch,Electronics,West,4,7991.0,0.13,27808.69,3406.28,Cash
ORD01716,2025-04-12,CUST8119,Mouse,Accessories,South,5,852.16,0.1,3834.71,894.77,UPI
ORD01717,2025-05-24,CUST9864,Laptop,Electronics,South,3,71513.82,0.04,205959.81,25165.57,Debit Card
ORD01718,2025-01-28,CUST3414,Headphones,Electronics,West,1,2134.85,0.21,1686.53,225.6,Cash
ORD01719,2025-03-15,CUST6831,Webcam,Accessories,East,1,3347.18,0.14,2878.58,582.12,Cash
ORD01720,2025-12-26,CUST6504,Smartwatch,Electronics,West,3,7509.92,0.02,22079.15,4609.39,Net Banking
ORD01721,2024-06-06,CUST2689,Keyboard,Accessories,South,2,1310.09,0.16,2200.96,147.06,Debit Card
ORD01722,2024-04-03,CUST9143,Tablet,Electronics,East,3,22444.44,0.11,59926.66,11434.85,Cash
ORD01723,2025-04-30,CUST4952,Webcam,Accessories,North,3,3425.53,0.2,8221.26,1204.53,Net Banking
ORD01724,2025-03-14,CUST7182,Smartphone,Electronics,North,4,25658.55,0.23,79028.33,6067.07,Cash
ORD01725,2024-06-14,CUST2133,Tablet,Electronics,North,1,20257.44,0.15,17218.82,1772.54,Net Banking
ORD01726,2024-02-25,CUST5281,Mouse,Accessories,North,1,748.35,0.18,613.65,36.21,Net Banking
ORD01727,2025-03-30,CUST7102,Mouse,Accessories,West,5,706.85,0.01,3498.89,427.03,Net Banking
ORD01728,2025-01-04,CUST2344,Monitor,Electronics,South,3,12473.53,0.14,32181.71,3252.97,Cash
ORD01729,2025-01-12,CUST2980,Printer,Office,South,3,9227.19,0.19,22422.08,2834.61,UPI
ORD01730,2025-01-29,CUST9252,Monitor,Electronics,South,2,11199.43,0.12,19711.0,3273.37,Credit Card
ORD01731,2025-01-25,CUST9040,Smartwatch,Electronics,East,1,7836.3,0.15,6660.86,1308.64,Net Banking
ORD01732,2024-12-17,CUST4413,Tablet,Electronics,North,2,21783.01,0.22,33981.5,5813.23,Debit Card
ORD01733,2024-03-22,CUST2891,Printer,Office,East,4,9676.38,0.05,36770.26,6827.34,Credit Card
ORD01734,2025-06-29,CUST6248,Keyboard,Accessories,North,5,1600.74,0.02,7843.64,1750.13,UPI
ORD01735,2024-03-03,CUST8742,Smartphone,Electronics,East,2,33686.52,0.17,55919.63,12568.77,Credit Card
ORD01736,2025-05-28,CUST4356,Tablet,Electronics,South,1,18865.24,0.21,14903.54,3310.73,Credit Card
ORD01737,2025-12-02,CUST2938,Monitor,Electronics,South,4,11813.66,0.21,37331.17,3010.15,UPI
ORD01738,2025-07-08,CUST8722,Laptop,Electronics,South,3,67160.24,0.16,169243.8,16960.57,Debit Card
ORD01739,2025-08-29,CUST8423,Printer,Office,East,4,9455.69,0.21,29879.98,4495.89,Net Banking
ORD01740,2024-05-27,CUST6142,Printer,Office,West,2,10817.22,0.18,17740.25,2159.84,Cash
ORD01741,2025-06-02,CUST1768,Smartphone,Electronics,South,1,34243.29,0.02,33558.43,2561.64,Debit Card
ORD01742,2025-12-26,CUST2084,Headphones,Electronics,South,2,2832.57,0.19,4588.76,493.52,Debit Card
ORD01743,2024-11-03,CUST9398,Mouse,Accessories,North,3,743.84,0.04,2142.25,525.03,Net Banking
ORD01744,2025-05-19,CUST5888,Mouse,Accessories,East,3,734.32,0.06,2070.79,247.22,Debit Card
ORD01745,2024-04-07,CUST8299,Laptop,Electronics,East,1,73921.07,0.1,66528.96,8900.43,Debit Card
ORD01746,2024-10-28,CUST5972,Smartwatch,Electronics,South,5,6913.12,0.08,31800.35,1630.73,Credit Card
ORD01747,2024-02-11,CUST1758,Smartwatch,Electronics,West,4,6387.43,0.08,23505.72,4557.36,Credit Card
ORD01748,2024-11-11,CUST6257,Keyboard,Accessories,East,4,1593.15,0.04,6117.69,811.88,UPI
ORD01749,2025-01-18,CUST7465,Tablet,Electronics,West,3,20577.17,0.07,57410.32,4054.78,UPI
ORD01750,2024-04-13,CUST8052,Webcam,Accessories,West,2,3255.61,0.0,6511.22,1586.86,UPI
ORD01751,2024-12-01,CUST2626,Headphones,Electronics,South,2,2784.44,0.12,4900.61,1007.01,Cash
ORD01752,2025-08-12,CUST6096,Monitor,Electronics,West,5,10784.92,0.19,43678.95,8527.44,Net Banking
ORD01753,2025-09-27,CUST1125,Webcam,Accessories,East,2,3042.61,0.22,4746.48,1146.63,Cash
ORD01754,2024-02-01,CUST8408,Webcam,Accessories,West,4,3257.65,0.21,10294.16,1353.64,Cash
ORD01755,2025-11-09,CUST7281,Printer,Office,North,2,10320.84,0.1,18577.51,3598.59,UPI
ORD01756,2024-10-08,CUST4317,Laptop,Electronics,East,5,57650.21,0.18,236365.87,21566.4,Net Banking
ORD01757,2024-01-30,CUST6357,Mouse,Accessories,South,4,793.18,0.07,2950.64,558.92,Cash
ORD01758,2025-11-11,CUST6422,Keyboard,Accessories,East,2,1557.3,0.01,3083.46,162.86,Credit Card
ORD01759,2025-01-27,CUST3568,Smartwatch,Electronics,East,4,7732.35,0.17,25671.39,1932.06,Cash
ORD01760,2024-02-01,CUST2069,Laptop,Electronics,West,3,59732.46,0.16,150525.79,20328.78,Credit Card
ORD01761,2025-11-26,CUST4195,Printer,Office,North,3,10952.04,0.2,26284.89,1377.82,Cash
ORD01762,2025-07-18,CUST8235,Monitor,Electronics,West,3,11045.66,0.15,28166.44,4010.71,Net Banking
ORD01763,2024-05-28,CUST6443,Keyboard,Accessories,West,2,1579.54,0.04,3032.73,468.73,Credit Card
ORD01764,2024-03-16,CUST1643,Printer,Office,West,5,9792.02,0.21,38678.48,6742.48,Credit Card
ORD01765,2025-02-10,CUST8528,Mouse,Accessories,West,4,707.52,0.16,2377.28,166.59,UPI
ORD01766,2025-08-03,CUST1748,Mouse,Accessories,West,1,851.42,0.2,681.14,58.72,Credit Card
ORD01767,2024-09-30,CUST4796,Mouse,Accessories,East,3,732.26,0.19,1779.4,307.23,Cash
ORD01768,2025-07-02,CUST6000,Laptop,Electronics,North,3,58694.16,0.07,163756.7,29744.36,Cash
ORD01769,2025-10-08,CUST2773,Laptop,Electronics,North,1,62237.3,0.02,60992.55,3365.57,UPI
ORD01770,2024-03-01,CUST8577,Smartwatch,Electronics,North,1,7321.91,0.04,7029.03,1111.1,Debit Card
ORD01771,2024-05-10,CUST5919,Smartwatch,Electronics,South,2,6441.39,0.02,12625.13,2613.36,Credit Card
ORD01772,2025-05-27,CUST3748,Monitor,Electronics,North,4,10861.18,0.06,40838.04,2606.29,Credit Card
ORD01773,2024-02-29,CUST1520,Keyboard,Accessories,East,3,1279.48,0.11,3416.21,453.11,Credit Card
ORD01774,2025-01-14,CUST5489,Smartphone,Electronics,West,5,29744.79,0.23,114517.43,13204.12,Cash
ORD01775,2024-12-12,CUST5191,Smartphone,Electronics,West,2,29357.81,0.22,45798.18,10658.75,Net Banking
ORD01776,2025-03-17,CUST9276,Printer,Office,East,2,9201.6,0.18,15090.63,1315.31,Net Banking
ORD01777,2025-06-26,CUST2059,Mouse,Accessories,West,5,692.88,0.01,3429.74,389.87,Net Banking
ORD01778,2025-02-02,CUST1415,Keyboard,Accessories,West,5,1468.17,0.09,6680.15,1534.36,UPI
ORD01779,2024-01-07,CUST7087,Webcam,Accessories,North,5,3802.62,0.17,15780.85,1832.64,UPI
ORD01780,2025-01-25,CUST5316,Laptop,Electronics,North,1,69198.0,0.03,67122.06,10489.13,Cash
ORD01781,2024-05-14,CUST4901,Tablet,Electronics,North,3,24381.25,0.2,58514.99,3312.36,Net Banking
ORD01782,2024-01-20,CUST2342,Headphones,Electronics,South,1,2132.19,0.23,1641.78,405.49,Debit Card
ORD01783,2024-11-22,CUST3492,Monitor,Electronics,North,3,13679.11,0.09,37343.97,8028.56,Credit Card
ORD01784,2025-03-09,CUST5414,Mouse,Accessories,North,1,761.94,0.18,624.79,110.51,Net Banking
ORD01785,2025-10-15,CUST5611,Mouse,Accessories,North,4,917.7,0.04,3523.95,219.02,Debit Card
ORD01786,2025-01-08,CUST2079,Mouse,Accessories,North,3,740.63,0.17,1844.17,119.82,Credit Card
ORD01787,2024-05-22,CUST9761,Laptop,Electronics,North,2,64444.96,0.01,127601.02,20287.89,Credit Card
ORD01788,2025-12-22,CUST5857,Laptop,Electronics,East,3,62151.59,0.04,178996.58,19154.94,UPI
ORD01789,2025-01-28,CUST9500,Headphones,Electronics,East,3,2391.82,0.18,5883.88,1027.08,Debit Card
ORD01790,2025-04-27,CUST5113,Webcam,Accessories,East,3,3859.4,0.18,9494.11,1610.57,Net Banking
ORD01791,2025-09-28,CUST3872,Keyboard,Accessories,West,4,1610.89,0.16,5412.59,1178.48,Net Banking
ORD01792,2025-05-05,CUST5947,Mouse,Accessories,West,1,918.12,0.12,807.94,85.86,Cash
ORD01793,2024-11-16,CUST9345,Smartphone,Electronics,South,2,31021.63,0.17,51495.91,8526.32,Debit Card
ORD01794,2025-02-15,CUST9301,Smartwatch,Electronics,West,1,6922.84,0.19,5607.5,1152.19,Credit Card
ORD01795,2024-12-19,CUST9529,Smartphone,Electronics,South,1,26310.66,0.24,19996.11,2962.51,UPI
ORD01796,2025-03-07,CUST7060,Printer,Office,East,5,11489.68,0.22,44809.77,9684.68,Cash
ORD01797,2024-01-03,CUST1506,Smartphone,Electronics,North,4,30463.78,0.2,97484.08,7433.67,UPI
ORD01798,2024-05-10,CUST4065,Printer,Office,North,5,10601.43,0.17,43995.94,8657.5,Credit Card
ORD01799,2024-03-15,CUST9163,Tablet,Electronics,South,4,21384.5,0.14,73562.68,17551.79,Credit Card
ORD01800,2024-11-19,CUST4217,Smartwatch,Electronics,South,1,7100.2,0.03,6887.2,801.51,UPI
ORD01801,2025-04-22,CUST5894,Smartphone,Electronics,North,1,33983.2,0.04,32623.87,4021.46,Cash
ORD01802,2024-06-08,CUST1988,Tablet,Electronics,South,4,19798.37,0.21,62562.84,4173.56,Credit Card
ORD01803,2024-01-17,CUST6368,Monitor,Electronics,North,1,11252.54,0.2,9002.03,1605.05,Net Banking
ORD01804,2025-01-29,CUST8744,Keyboard,Accessories,East,1,1343.43,0.15,1141.91,183.27,Net Banking
ORD01805,2024-12-21,CUST9676,Tablet,Electronics,South,2,23928.62,0.11,42592.95,2473.34,Net Banking
ORD01806,2024-02-01,CUST1173,Keyboard,Accessories,East,5,1302.92,0.01,6449.46,1292.74,Cash
ORD01807,2025-04-27,CUST8055,Smartphone,Electronics,South,5,26234.68,0.08,120679.55,26049.51,Cash
ORD01808,2024-06-03,CUST2462,Webcam,Accessories,East,5,3288.42,0.11,14633.46,3386.53,Debit Card
ORD01809,2025-09-15,CUST8644,Tablet,Electronics,East,3,22093.64,0.12,58327.21,9282.59,Debit Card
ORD01810,2025-09-01,CUST1784,Smartwatch,Electronics,West,2,6803.18,0.23,10476.89,1472.17,Net Banking
ORD01811,2025-08-26,CUST6657,Smartphone,Electronics,West,5,25903.35,0.03,125631.23,28295.6,UPI
ORD01812,2025-10-19,CUST6237,Mouse,Accessories,South,5,909.8,0.13,3957.62,513.46,UPI
ORD01813,2025-05-29,CUST6476,Laptop,Electronics,South,2,73830.96,0.09,134372.34,24333.3,Net Banking
ORD01814,2024-12-07,CUST9439,Tablet,Electronics,East,1,20543.75,0.25,15407.81,2666.67,Debit Card
ORD01815,2025-02-09,CUST2630,Smartwatch,Electronics,East,5,7486.2,0.22,29196.19,3632.95,Cash
ORD01816,2025-01-07,CUST1725,Monitor,Electronics,North,1,12282.87,0.11,10931.76,736.56,UPI
ORD01817,2024-10-12,CUST8149,Mouse,Accessories,West,5,736.99,0.25,2763.73,150.02,Cash
ORD01818,2025-07-13,CUST8298,Monitor,Electronics,East,4,11143.82,0.13,38780.49,5260.48,Net Banking
ORD01819,2025-07-30,CUST4483,Smartphone,Electronics,South,3,29920.38,0.04,86170.69,12601.63,Cash
ORD01820,2024-08-08,CUST3691,Laptop,Electronics,North,5,63425.12,0.14,272728.02,58509.88,UPI
ORD01821,2024-05-26,CUST8079,Tablet,Electronics,West,4,20622.11,0.06,77539.15,10303.58,Debit Card
ORD01822,2024-06-28,CUST5152,Tablet,Electronics,North,2,24029.58,0.16,40369.69,4288.55,UPI
ORD01823,2025-05-24,CUST5526,Webcam,Accessories,East,4,3480.54,0.23,10720.05,1526.74,Credit Card
ORD01824,2024-10-23,CUST3511,Webcam,Accessories,North,2,3662.59,0.2,5860.14,571.94,Cash
ORD01825,2024-12-14,CUST5257,Smartphone,Electronics,South,5,27203.46,0.07,126496.1,8636.16,Cash
ORD01826,2025-05-05,CUST2964,Smartphone,Electronics,South,2,30301.57,0.07,56360.92,4092.29,Cash
ORD01827,2024-12-18,CUST3079,Laptop,Electronics,East,4,61450.53,0.02,240886.09,27420.28,Net Banking
ORD01828,2024-03-21,CUST6101,Webcam,Accessories,North,3,3527.73,0.07,9842.38,517.07,Net Banking
ORD01829,2025-12-05,CUST9330,Smartwatch,Electronics,East,1,7589.73,0.02,7437.94,699.47,UPI
ORD01830,2025-03-09,CUST4027,Smartwatch,Electronics,West,1,7564.72,0.12,6656.95,1381.35,Debit Card
ORD01831,2024-05-02,CUST9389,Laptop,Electronics,East,3,62157.3,0.18,152906.97,14820.27,Credit Card
ORD01832,2024-10-15,CUST2444,Smartwatch,Electronics,East,1,7407.98,0.19,6000.47,432.91,Debit Card
ORD01833,2025-04-14,CUST7275,Printer,Office,West,5,11323.87,0.01,56053.16,13442.45,Debit Card
ORD01834,2025-05-24,CUST5633,Keyboard,Accessories,North,5,1556.55,0.08,7160.14,1249.4,Credit Card
ORD01835,2025-08-16,CUST7215,Laptop,Electronics,South,4,58144.0,0.07,216295.67,13411.45,Net Banking
ORD01836,2025-04-24,CUST5018,Laptop,Electronics,South,4,68504.32,0.03,265796.75,16598.69,Cash
ORD01837,2025-08-18,CUST9494,Headphones,Electronics,North,2,2203.68,0.09,4010.69,691.54,Net Banking
ORD01838,2025-03-14,CUST8584,Mouse,Accessories,East,4,889.31,0.07,3308.22,522.78,Cash
ORD01839,2025-12-27,CUST3026,Mouse,Accessories,South,5,804.0,0.16,3376.79,215.02,Cash
ORD01840,2024-06-22,CUST8375,Printer,Office,East,4,9655.42,0.22,30124.92,2857.74,Net Banking
ORD01841,2024-12-11,CUST5310,Webcam,Accessories,West,1,3034.86,0.11,2701.02,636.92,Debit Card
ORD01842,2024-04-14,CUST6235,Smartphone,Electronics,South,2,28927.05,0.19,46861.83,7704.19,Cash
ORD01843,2025-07-22,CUST9335,Smartphone,Electronics,East,2,33628.86,0.04,64567.41,8914.5,Net Banking
ORD01844,2025-11-11,CUST8479,Monitor,Electronics,East,5,10275.54,0.22,40074.6,4008.71,Debit Card
ORD01845,2025-08-09,CUST4619,Printer,Office,East,4,9923.94,0.04,38107.95,2924.39,Credit Card
ORD01846,2025-03-30,CUST7379,Laptop,Electronics,South,1,73407.58,0.05,69737.2,9102.54,Cash
ORD01847,2024-10-20,CUST2887,Printer,Office,East,4,9684.52,0.03,37575.95,8810.56,Debit Card
ORD01848,2025-01-27,CUST7991,Printer,Office,South,3,9784.53,0.08,27005.29,1613.36,Cash
ORD01849,2024-07-14,CUST7839,Printer,Office,South,4,10235.68,0.14,35210.74,8739.16,Debit Card
ORD01850,2025-02-25,CUST3012,Mouse,Accessories,South,5,791.1,0.25,2966.64,271.63,Credit Card
ORD01851,2025-04-21,CUST2327,Printer,Office,South,4,9005.81,0.2,28818.58,3796.95,Cash
ORD01852,2024-08-05,CUST6612,Keyboard,Accessories,North,2,1283.35,0.1,2310.03,136.32,Net Banking
ORD01853,2024-06-01,CUST3830,Smartphone,Electronics,West,1,30988.3,0.14,26649.94,4449.38,Debit Card
ORD01854,2024-02-06,CUST7030,Monitor,Electronics,West,5,13514.9,0.16,56762.6,8327.7,Credit Card
ORD01855,2025-11-20,CUST7292,Keyboard,Accessories,South,3,1322.86,0.21,3135.19,574.81,Cash
ORD01856,2024-12-13,CUST7612,Monitor,Electronics,East,1,10959.43,0.18,8986.73,1424.72,Credit Card
ORD01857,2025-12-12,CUST9326,Headphones,Electronics,South,1,2402.67,0.14,2066.3,267.87,Credit Card
ORD01858,2024-06-18,CUST5915,Monitor,Electronics,East,2,13111.47,0.17,21765.04,4299.71,Cash
ORD01859,2024-11-05,CUST5114,Smartphone,Electronics,North,2,27923.34,0.19,45235.82,2488.16,Cash
ORD01860,2025-09-28,CUST3645,Smartphone,Electronics,West,2,33438.49,0.03,64870.67,10262.92,Debit Card
ORD01861,2025-11-05,CUST5236,Printer,Office,South,5,8664.87,0.05,41158.15,2995.29,Net Banking
ORD01862,2024-12-19,CUST1034,Tablet,Electronics,North,4,24910.31,0.17,82702.24,11346.89,Credit Card
ORD01863,2024-09-06,CUST8810,Headphones,Electronics,South,1,2545.56,0.21,2010.99,418.74,Cash
ORD01864,2025-01-13,CUST8534,Laptop,Electronics,South,4,68096.16,0.1,245146.19,19242.05,Credit Card
ORD01865,2024-05-24,CUST5751,Smartwatch,Electronics,North,4,6722.15,0.24,20435.33,4846.49,Debit Card
ORD01866,2025-09-16,CUST5751,Monitor,Electronics,East,2,13015.18,0.05,24728.84,5630.78,Debit Card
ORD01867,2025-05-03,CUST4777,Tablet,Electronics,East,4,19799.34,0.1,71277.61,9478.57,Debit Card
ORD01868,2024-04-01,CUST9016,Printer,Office,East,1,8646.74,0.09,7868.53,402.83,Net Banking
ORD01869,2024-06-29,CUST4749,Mouse,Accessories,South,1,774.92,0.23,596.69,124.08,UPI
ORD01870,2024-05-07,CUST4029,Laptop,Electronics,East,3,71897.07,0.07,200592.82,45369.91,UPI
ORD01871,2024-10-04,CUST5529,Webcam,Accessories,East,5,3767.67,0.12,16577.76,1408.24,UPI
ORD01872,2025-03-17,CUST3262,Tablet,Electronics,South,4,22113.23,0.05,84030.27,19599.09,Net Banking
ORD01873,2025-11-11,CUST1363,Mouse,Accessories,North,5,817.31,0.13,3555.31,827.75,Net Banking
ORD01874,2024-09-15,CUST3514,Headphones,Electronics,West,5,2222.42,0.21,8778.56,1266.38,Credit Card
ORD01875,2024-12-13,CUST1824,Printer,Office,East,5,11022.04,0.08,50701.4,10627.37,Credit Card
ORD01876,2025-07-28,CUST7379,Laptop,Electronics,North,5,70595.71,0.2,282382.86,39248.28,Debit Card
ORD01877,2025-04-28,CUST2146,Laptop,Electronics,South,1,68051.17,0.23,52399.4,8531.11,Net Banking
ORD01878,2024-10-28,CUST1597,Laptop,Electronics,South,4,64340.73,0.02,252215.64,28744.46,UPI
ORD01879,2024-07-30,CUST8245,Headphones,Electronics,East,3,2848.34,0.19,6921.48,566.83,UPI
ORD01880,2025-05-02,CUST9795,Monitor,Electronics,East,5,13364.52,0.06,62813.22,12519.13,Credit Card
ORD01881,2025-04-28,CUST4685,Webcam,Accessories,North,3,3651.65,0.04,10516.76,528.77,Debit Card
ORD01882,2025-10-09,CUST6456,Headphones,Electronics,East,1,2403.85,0.15,2043.27,339.0,Debit Card
ORD01883,2025-07-04,CUST3120,Smartwatch,Electronics,North,1,7247.85,0.18,5943.23,1324.97,Cash
ORD01884,2025-04-07,CUST7973,Webcam,Accessories,South,2,3579.21,0.1,6442.58,607.25,Net Banking
ORD01885,2024-12-15,CUST8693,Smartphone,Electronics,North,5,29048.18,0.01,143788.48,16762.85,UPI
ORD01886,2024-10-29,CUST1233,Printer,Office,South,2,9420.02,0.23,14506.83,2429.85,UPI
ORD01887,2025-02-21,CUST2300,Headphones,Electronics,East,3,2430.26,0.18,5978.43,594.1,Credit Card
ORD01888,2024-03-08,CUST3466,Mouse,Accessories,West,4,817.74,0.07,3041.99,667.71,Credit Card
ORD01889,2024-02-26,CUST3000,Webcam,Accessories,North,2,3424.54,0.12,6027.19,743.28,Net Banking
ORD01890,2025-04-14,CUST9614,Smartwatch,Electronics,West,1,6503.51,0.01,6438.47,1070.86,Credit Card
ORD01891,2024-06-01,CUST3072,Smartphone,Electronics,North,5,32348.67,0.08,148803.88,14169.73,Credit Card
ORD01892,2024-07-19,CUST2451,Monitor,Electronics,North,3,12113.28,0.13,31615.67,1842.47,UPI
ORD01893,2025-08-21,CUST6306,Mouse,Accessories,West,1,696.24,0.13,605.73,51.33,Net Banking
ORD01894,2024-02-08,CUST5003,Webcam,Accessories,West,4,3361.73,0.05,12774.58,756.76,UPI
ORD01895,2025-05-26,CUST7255,Printer,Office,East,5,11154.74,0.19,45176.7,6492.83,UPI
ORD01896,2024-09-04,CUST5736,Mouse,Accessories,West,4,861.26,0.07,3203.88,536.1,Credit Card
ORD01897,2024-04-23,CUST1529,Smartphone,Electronics,West,4,28409.22,0.15,96591.35,5692.62,UPI
ORD01898,2025-01-12,CUST1931,Mouse,Accessories,East,5,905.16,0.07,4209.01,286.62,Net Banking
ORD01899,2025-12-16,CUST8813,Keyboard,Accessories,West,5,1309.47,0.11,5827.15,857.2,Credit Card
ORD01900,2025-12-18,CUST4786,Tablet,Electronics,West,4,25044.15,0.05,95167.77,19969.62,Net Banking
ORD01901,2024-05-14,CUST6035,Monitor,Electronics,East,3,11084.54,0.16,27933.04,4905.09,Debit Card
ORD01902,2024-05-02,CUST4101,Smartphone,Electronics,West,5,25581.85,0.11,113839.22,8075.99,Net Banking
ORD01903,2025-08-17,CUST2465,Mouse,Accessories,North,1,784.11,0.0,784.11,178.39,Net Banking
ORD01904,2024-07-31,CUST4510,Tablet,Electronics,North,2,21069.2,0.01,41717.03,9740.51,Cash
ORD01905,2025-05-16,CUST7307,Tablet,Electronics,West,3,22257.99,0.12,58761.09,6757.02,Net Banking
ORD01906,2024-06-23,CUST5430,Mouse,Accessories,West,5,871.23,0.05,4138.32,716.77,UPI
ORD01907,2024-10-01,CUST1589,Printer,Office,West,5,11027.29,0.15,46865.99,6957.98,UPI
ORD01908,2024-08-23,CUST6462,Keyboard,Accessories,South,3,1455.55,0.1,3929.99,936.93,Credit Card
ORD01909,2025-06-29,CUST8952,Headphones,Electronics,West,2,2447.38,0.16,4111.61,623.93,Debit Card
ORD01910,2024-06-19,CUST3330,Keyboard,Accessories,North,4,1341.68,0.24,4078.71,987.02,Credit Card
ORD01911,2025-10-14,CUST4469,Mouse,Accessories,West,1,691.41,0.13,601.53,54.06,Net Banking
ORD01912,2025-02-23,CUST1170,Monitor,Electronics,South,5,12508.37,0.2,50033.5,5959.36,Net Banking
ORD01913,2025-06-20,CUST5298,Headphones,Electronics,East,2,2173.33,0.19,3520.79,726.23,UPI
ORD01914,2024-04-06,CUST6760,Smartphone,Electronics,South,1,32104.47,0.23,24720.44,5110.26,Net Banking
ORD01915,2024-01-21,CUST5375,Keyboard,Accessories,South,3,1517.59,0.05,4325.13,849.61,Net Banking
ORD01916,2024-10-16,CUST1403,Mouse,Accessories,North,5,727.66,0.21,2874.26,637.86,UPI
ORD01917,2025-09-13,CUST4527,Keyboard,Accessories,West,4,1517.79,0.23,4674.78,890.59,Debit Card
ORD01918,2024-03-22,CUST3065,Headphones,Electronics,North,3,2262.25,0.1,6108.07,1082.45,Net Banking
ORD01919,2024-04-16,CUST8669,Smartwatch,Electronics,South,5,6871.35,0.08,31608.2,4481.57,Cash
ORD01920,2025-11-19,CUST2902,,Accessories,South,2,3814.54,0.24,5798.1,831.55,Debit Card
ORD01921,2024-10-12,CUST5690,Keyboard,Accessories,West,1,1482.86,0.16,1245.61,163.46,Debit Card
ORD01922,2025-09-12,CUST6516,Smartphone,Electronics,East,1,26838.29,0.1,24154.46,4203.9,UPI
ORD01923,2025-07-03,CUST5584,Smartphone,Electronics,North,5,32014.46,0.2,128057.83,16818.19,Credit Card
ORD01924,2024-11-26,CUST7331,Laptop,Electronics,East,3,58891.98,0.08,162541.88,12921.89,Net Banking
ORD01925,2025-12-28,CUST6273,Keyboard,Accessories,South,4,1607.35,0.04,6172.21,440.12,Net Banking
ORD01926,2024-05-11,CUST1123,Webcam,Accessories,East,2,3478.32,0.14,5982.71,1405.31,Credit Card
ORD01927,2024-12-04,CUST8476,Printer,Office,North,5,9861.23,0.14,42403.27,2329.97,Net Banking
ORD01928,2024-08-08,CUST9798,Tablet,Electronics,South,2,24319.47,0.21,38424.76,2731.75,Cash
ORD01929,2024-03-17,CUST3921,Webcam,Accessories,South,1,3719.03,0.11,3309.94,460.28,Credit Card
ORD01930,2025-12-27,CUST3151,Tablet,Electronics,East,4,18917.21,0.2,60535.08,6210.01,UPI
ORD01931,2025-08-27,CUST3713,Tablet,Electronics,West,2,20654.75,0.08,38004.74,4985.07,Credit Card
ORD01932,2025-10-12,CUST8923,Smartwatch,Electronics,West,5,7778.93,0.14,33449.41,2458.18,Debit Card
ORD01933,2025-08-14,CUST2715,Laptop,Electronics,North,4,55607.36,0.05,211307.97,16097.73,UPI
ORD01934,2024-02-19,CUST4459,Webcam,Accessories,West,3,3547.52,0.1,9578.29,2012.7,Debit Card
ORD01935,2024-12-08,CUST7894,Webcam,Accessories,South,5,3739.22,0.21,14769.91,2980.89,UPI
ORD01936,2024-11-27,CUST2889,Smartwatch,Electronics,South,2,7255.9,0.05,13786.21,976.76,Credit Card
ORD01937,2024-10-20,CUST5656,Keyboard,Accessories,East,4,1617.24,0.2,5175.17,949.94,Debit Card
ORD01938,2024-05-31,CUST2895,Keyboard,Accessories,South,5,1601.56,0.07,7447.26,1279.9,UPI
ORD01939,2024-04-04,CUST3927,Keyboard,Accessories,South,4,1586.41,0.01,6282.2,1210.41,Net Banking
ORD01940,2025-11-08,CUST3693,Monitor,Electronics,North,4,13157.54,0.03,51051.27,7396.81,Debit Card
ORD01941,2025-01-15,CUST6252,Tablet,Electronics,West,4,22961.56,0.19,74395.45,7736.93,Cash
ORD01942,2025-03-15,CUST5241,Monitor,Electronics,West,2,11648.71,0.07,21666.59,3959.26,UPI
ORD01943,2024-11-16,CUST6250,Laptop,Electronics,West,5,64452.23,0.16,270699.36,33640.21,Net Banking
ORD01944,2024-03-30,CUST3561,Smartwatch,Electronics,North,1,7455.12,0.17,6187.75,580.35,Net Banking
ORD01945,2025-06-12,CUST2826,Webcam,Accessories,West,1,3895.12,0.09,3544.56,466.91,Credit Card
ORD01946,2024-10-09,CUST4506,Tablet,Electronics,East,2,20496.64,0.12,36074.09,7310.56,Credit Card
ORD01947,2024-12-10,CUST5931,Monitor,Electronics,West,2,11431.48,0.1,20576.66,2986.88,Debit Card
ORD01948,2024-08-20,CUST8202,Monitor,Electronics,South,4,13550.66,0.24,41194.01,4530.22,Debit Card
ORD01949,2024-12-17,CUST3475,Mouse,Accessories,North,5,818.84,0.08,3766.68,815.01,Cash
ORD01950,2025-12-16,CUST7477,Monitor,Electronics,East,5,10844.26,0.05,51510.25,11658.25,Net Banking
ORD01951,2025-03-08,CUST6417,Printer,Office,North,3,10491.09,0.09,28640.66,3913.75,UPI
ORD01952,2024-11-09,CUST4184,Webcam,Accessories,East,3,4015.3,0.17,9998.1,1249.14,Cash
ORD01953,2025-01-14,CUST5721,Printer,Office,East,1,10970.36,0.17,9105.4,1571.04,Cash
ORD01954,2024-09-13,CUST5152,Webcam,Accessories,South,3,3758.03,0.23,8681.05,534.71,Cash
ORD01955,2025-01-31,CUST4244,Smartwatch,Electronics,West,3,6386.9,0.22,14945.34,2813.68,UPI
ORD01956,2024-09-13,CUST1693,Webcam,Accessories,West,1,3894.95,0.07,3622.3,747.85,Cash
ORD01957,2024-06-07,CUST4073,Printer,Office,East,1,10077.37,0.11,8968.86,1161.36,Credit Card
ORD01958,2024-07-21,CUST7599,Webcam,Accessories,East,3,3908.75,0.19,9498.27,806.62,Credit Card
ORD01959,2025-02-16,CUST4540,Smartwatch,Electronics,West,5,6642.64,0.23,25574.16,1426.11,Credit Card
ORD01960,2025-11-18,CUST2619,Smartwatch,Electronics,North,3,6080.31,0.08,16781.65,2977.89,Cash
ORD01961,2024-03-22,CUST4914,Laptop,Electronics,East,4,64531.53,0.11,229732.25,23845.9,Cash
ORD01962,2025-03-21,CUST4873,Webcam,Accessories,East,4,3258.33,0.22,10165.99,1451.48,Net Banking
ORD01963,2024-01-25,CUST1564,Mouse,Accessories,North,4,851.66,0.09,3100.02,394.54,Debit Card
ORD01964,2024-01-18,CUST9687,Keyboard,Accessories,North,2,1705.7,0.12,3002.03,255.1,Net Banking
ORD01965,2025-05-11,CUST9992,Smartphone,Electronics,West,4,31718.77,0.23,97693.8,14817.58,Credit Card
ORD01966,2024-04-25,CUST1640,Smartwatch,Electronics,West,5,7812.56,0.2,31250.25,4434.99,Debit Card
ORD01967,2024-05-28,CUST1162,Headphones,Electronics,North,2,2464.77,0.06,4633.76,810.12,Net Banking
ORD01968,2024-11-21,CUST5346,Keyboard,Accessories,North,2,1622.24,0.08,2984.92,299.62,UPI
ORD01969,2024-01-21,CUST8704,Tablet,Electronics,South,4,24264.09,0.09,88321.28,8207.5,UPI
ORD01970,2025-08-28,CUST9835,Webcam,Accessories,South,3,3721.42,0.23,8596.48,1829.92,UPI
ORD01971,2024-05-27,CUST5424,Printer,Office,,1,10023.33,0.25,7517.5,1431.62,Credit Card
ORD01972,2025-09-29,CUST5464,Smartphone,Electronics,East,3,31132.79,0.19,75652.69,15466.53,Debit Card
ORD01973,2025-09-24,CUST4708,Headphones,Electronics,North,3,2650.38,0.12,6997.0,522.38,Credit Card
ORD01974,2025-10-01,CUST7749,Keyboard,Accessories,West,2,1388.89,0.0,2777.78,263.36,UPI
ORD01975,2025-03-21,CUST1137,Webcam,Accessories,South,2,3825.06,0.17,6349.6,1048.36,Cash
ORD01976,2024-10-13,CUST8106,Laptop,Electronics,East,2,73781.33,0.1,132806.39,29408.68,Credit Card
ORD01977,2025-10-26,CUST8242,Tablet,Electronics,South,5,21770.58,0.16,91436.43,20886.18,Debit Card
ORD01978,2024-11-20,CUST5251,Smartphone,Electronics,South,5,31809.6,0.15,135190.82,29252.86,Credit Card
ORD01979,2024-07-18,CUST2058,Mouse,Accessories,South,1,856.89,0.12,754.06,44.25,Debit Card
ORD01980,2024-05-27,CUST5614,Laptop,Electronics,East,2,68163.83,0.24,103609.02,22190.55,Cash
ORD01981,2025-01-01,CUST5277,Headphones,Electronics,South,4,2535.34,0.01,10039.93,2307.36,Net Banking
ORD01982,2024-08-08,CUST9361,Smartphone,Electronics,West,2,33434.83,0.18,54833.12,3364.0,Debit Card
ORD01983,2024-08-15,CUST6413,Laptop,Electronics,,5,64004.07,0.1,288018.32,38380.22,Debit Card
ORD01984,2024-11-01,CUST6842,Tablet,Electronics,North,2,19103.28,0.18,31329.38,4928.8,UPI
ORD01985,2024-06-27,CUST4903,Mouse,Accessories,North,5,882.69,0.17,3663.18,353.68,UPI
ORD01986,2025-04-20,CUST8224,Laptop,Electronics,North,2,68392.63,0.0,136785.27,20974.26,Cash
ORD01987,2025-02-20,CUST4051,Monitor,Electronics,North,4,13257.33,0.07,49317.27,11204.45,Credit Card
ORD01988,2025-09-01,CUST4666,Mouse,Accessories,South,1,713.25,0.05,677.59,151.37,Net Banking
ORD01989,2025-09-19,CUST3760,Headphones,Electronics,South,4,2148.06,0.04,8248.57,1962.89,Net Banking
ORD01990,2024-05-02,CUST4835,Tablet,Electronics,North,5,24866.87,0.18,101954.18,14969.11,Cash
ORD01991,2024-10-11,CUST2360,Webcam,Accessories,East,3,3130.11,0.06,8826.92,1166.15,Net Banking
ORD01992,2025-12-07,CUST9614,Printer,Office,South,4,10928.96,0.12,38469.93,7046.06,Credit Card
ORD01993,2025-12-27,CUST4973,Printer,Office,South,2,10969.63,0.06,20622.9,2750.11,UPI
ORD01994,2024-01-03,CUST3829,Printer,Office,East,1,10626.12,0.15,9032.2,527.38,Cash
ORD01995,2024-09-18,CUST1145,Smartphone,Electronics,East,2,26681.36,0.18,43757.43,8488.25,Net Banking
ORD01996,2025-11-10,CUST3373,Headphones,Electronics,West,2,2625.55,0.08,4831.01,513.04,Cash
ORD01997,2025-04-15,CUST1229,Tablet,Electronics,East,4,24567.97,0.15,83531.1,4996.59,Cash
ORD01998,2024-11-27,CUST6388,Mouse,Accessories,North,1,782.13,0.21,617.88,33.44,Debit Card
ORD01999,2024-09-17,CUST5680,Smartphone,Electronics,North,3,29221.65,0.02,85911.66,20298.54,Debit Card
ORD02000,2024-01-03,CUST9049,Headphones,Electronics,East,2,2457.14,0.18,4029.72,404.64,Cash
ORD02001,2025-03-22,CUST3665,Webcam,Accessories,West,1,3061.39,0.08,2816.47,393.12,Debit Card
ORD02002,2024-08-03,CUST4593,Monitor,Electronics,West,3,13411.29,0.03,39026.86,9370.95,Net Banking
ORD02003,2025-04-23,CUST3829,Tablet,Electronics,North,2,24436.61,0.14,42030.96,6031.59,Cash
ORD02004,2025-07-22,CUST4336,Printer,Office,North,1,11493.73,0.06,10804.1,710.07,Debit Card
ORD02005,2025-11-12,CUST8816,Laptop,Electronics,East,4,66661.07,0.21,210648.99,33785.4,Net Banking
ORD02006,2025-08-17,CUST2241,Tablet,Electronics,South,2,23657.86,0.01,46842.57,3168.42,UPI
ORD02007,2025-03-15,CUST6048,Smartwatch,Electronics,West,2,6375.61,0.02,12496.2,862.46,UPI
ORD02008,2024-07-18,CUST4295,Headphones,Electronics,North,1,2625.65,0.13,2284.31,503.22,Cash
ORD02009,2025-10-29,CUST4362,Keyboard,Accessories,East,2,1567.38,0.15,2664.55,287.46,Credit Card
ORD02010,2024-10-05,CUST2388,Webcam,Accessories,East,3,3921.27,0.18,9646.32,1791.65,Net Banking
ORD02011,2024-05-14,CUST9297,Monitor,Electronics,East,2,13190.85,0.06,24798.81,3764.08,Cash
ORD02012,2024-10-20,CUST6752,Webcam,Accessories,West,5,3960.39,0.21,15643.54,1477.77,Debit Card
ORD02013,2024-07-23,CUST2821,Tablet,Electronics,South,3,24434.3,0.24,55710.21,8555.09,UPI
ORD02014,2025-11-27,CUST9476,Keyboard,Accessories,East,1,1665.91,0.12,1466.0,93.53,Debit Card
ORD02015,2024-03-25,CUST1595,Smartwatch,Electronics,East,3,6083.82,0.19,14783.68,1765.8,Net Banking
ORD02016,2024-10-19,CUST7655,Mouse,Accessories,South,5,883.03,0.13,3841.18,593.72,Cash
ORD02017,2025-01-24,CUST9743,Laptop,Electronics,East,5,67095.83,0.02,328769.56,31456.3,UPI
ORD02018,2024-05-17,CUST8877,Keyboard,Accessories,North,2,1446.2,0.08,2661.01,484.4,Net Banking
ORD02019,2025-02-14,CUST6784,Headphones,Electronics,West,2,2167.39,0.02,4248.08,256.42,UPI
ORD02020,2025-05-23,CUST7884,Printer,Office,South,4,10533.02,0.25,31599.06,4643.86,UPI
ORD02021,2024-08-05,CUST7049,Smartwatch,Electronics,South,3,6639.22,0.06,18722.61,3613.45,Cash
ORD02022,2025-09-09,CUST4605,Laptop,Electronics,West,4,64371.64,0.16,216288.7,29412.93,Cash
ORD02023,2024-02-26,CUST8287,Monitor,Electronics,East,5,12654.22,0.07,58842.13,13234.61,Credit Card
ORD02024,2024-04-01,CUST1695,Printer,Office,West,2,11235.32,0.16,18875.34,3330.34,Credit Card
ORD02025,2025-01-04,CUST4044,Tablet,Electronics,North,2,24147.88,0.05,45880.98,11089.37,Credit Card
ORD02026,2025-07-24,CUST2946,Keyboard,Accessories,South,2,1477.77,0.2,2364.43,252.58,Credit Card
ORD02027,2025-02-15,CUST3722,Laptop,Electronics,East,1,62811.77,0.03,60927.42,14485.97,Debit Card
ORD02028,2024-07-11,CUST2806,Smartphone,Electronics,East,5,27658.02,0.22,107866.27,18484.45,Credit Card
ORD02029,2024-04-26,CUST9141,Mouse,Accessories,West,2,769.38,0.21,1215.62,241.95,Debit Card
ORD02030,2025-12-07,CUST9301,Mouse,Accessories,South,5,706.65,0.17,2932.6,675.77,UPI
ORD02031,2025-10-31,CUST9983,Smartwatch,Electronics,West,2,7989.32,0.02,15659.07,2509.2,Debit Card
ORD02032,2024-10-01,CUST9125,Monitor,Electronics,South,3,12266.1,0.05,34958.39,7776.01,UPI
ORD02033,2024-12-18,CUST3639,Smartwatch,Electronics,West,5,6218.39,0.21,24562.65,3889.23,Credit Card
ORD02034,2025-03-21,CUST4883,Smartphone,Electronics,East,4,28675.25,0.03,111259.99,18896.37,Debit Card
ORD02035,2024-02-05,CUST4725,Headphones,Electronics,West,1,2535.28,0.04,2433.87,338.36,UPI
ORD02036,2025-09-15,CUST9264,Monitor,Electronics,South,4,12118.39,0.14,41687.26,3298.62,Credit Card
ORD02037,2024-07-15,CUST5973,Webcam,Accessories,North,5,3012.28,0.07,14007.1,2250.95,UPI
ORD02038,2024-10-16,CUST3764,,Electronics,West,2,2838.13,0.06,5335.69,1309.86,Cash
ORD02039,2025-11-25,CUST4989,Monitor,Electronics,North,5,11191.35,0.14,48122.82,9982.46,UPI
ORD02040,2025-04-30,CUST1591,Monitor,Electronics,East,1,10258.26,0.09,9335.02,1862.33,Credit Card
ORD02041,2025-02-14,CUST9216,Smartphone,Electronics,West,5,26188.0,0.04,125702.38,22458.21,Net Banking
ORD02042,2025-02-26,CUST7320,Tablet,Electronics,North,2,22529.29,0.13,39200.96,4687.72,Cash
ORD02043,2024-08-26,CUST6398,Smartphone,Electronics,West,4,26740.07,0.1,96264.25,8078.79,Debit Card
ORD02044,2024-10-24,CUST6339,Monitor,Electronics,West,3,10350.21,0.18,25461.51,2416.56,Cash
ORD02045,2024-02-11,CUST4899,Laptop,Electronics,East,4,62652.72,0.03,243092.54,12462.0,Credit Card
ORD02046,2024-03-28,CUST7837,Headphones,Electronics,South,2,2592.07,0.16,4354.68,804.29,UPI
ORD02047,2024-06-24,CUST8320,Smartphone,Electronics,South,2,26506.56,0.11,47181.67,10020.23,Net Banking
ORD02048,2024-10-04,CUST2876,Tablet,Electronics,West,1,20767.96,0.1,18691.17,1939.81,Credit Card
ORD02049,2024-12-08,CUST8670,Keyboard,Accessories,East,5,1462.99,0.06,6876.06,470.12,UPI
ORD02050,2024-10-23,CUST1158,Smartwatch,Electronics,West,5,6284.87,0.01,31110.09,3644.4,Credit Card
ORD02051,2024-10-06,CUST1733,Monitor,Electronics,East,4,12021.87,0.21,37989.1,4118.41,Net Banking
ORD02052,2025-02-27,CUST5454,Webcam,Accessories,South,3,3064.47,0.08,8457.95,1185.6,UPI
ORD02053,2025-02-19,CUST3028,Keyboard,Accessories,East,3,1295.93,0.17,3226.87,331.79,Net Banking
ORD02054,2024-02-02,CUST7843,Mouse,Accessories,West,1,804.76,0.24,611.62,72.14,UPI
ORD02055,2024-01-28,CUST1764,Printer,Office,North,2,9243.69,0.14,15899.15,3680.83,Cash
ORD02056,2024-07-27,CUST1191,Tablet,Electronics,North,1,19329.47,0.1,17396.52,2034.82,Credit Card
ORD02057,2025-08-24,CUST9435,Webcam,Accessories,West,5,3420.11,0.07,15903.5,3293.67,Debit Card
ORD02058,2025-08-16,CUST8137,Printer,Office,North,2,11245.42,0.23,17317.95,3033.53,Debit Card
ORD02059,2024-09-04,CUST2100,Tablet,Electronics,West,1,23479.67,0.17,19488.13,2290.0,Credit Card
ORD02060,2025-01-12,CUST9924,Laptop,Electronics,West,4,71154.51,0.17,236232.97,50449.36,Debit Card
ORD02061,2024-12-23,CUST5052,Smartwatch,Electronics,South,5,7781.02,0.11,34625.54,5852.24,Net Banking
ORD02062,2025-12-03,CUST9972,Keyboard,Accessories,South,3,1712.68,0.21,4059.06,209.95,Debit Card
ORD02063,2024-01-18,CUST1793,Headphones,Electronics,South,1,2697.43,0.18,2211.9,141.0,Credit Card
ORD02064,2024-07-31,CUST6098,Tablet,Electronics,West,5,22715.49,0.07,105627.04,21181.17,Cash
ORD02065,2025-12-23,CUST9282,Headphones,Electronics,East,5,2399.07,0.15,10196.04,1420.37,Credit Card
ORD02066,2025-05-28,CUST7711,Smartwatch,Electronics,West,3,6331.45,0.11,16904.97,2216.27,Credit Card
ORD02067,2024-04-03,CUST2641,Monitor,Electronics,South,3,12671.98,0.0,38015.93,3009.55,UPI
ORD02068,2024-01-17,CUST4358,Mouse,Accessories,South,3,918.79,0.2,2205.09,179.63,Debit Card
ORD02069,2024-08-26,CUST4856,Keyboard,Accessories,North,1,1485.31,0.03,1440.75,301.91,Debit Card
ORD02070,2025-06-11,CUST9627,Smartwatch,Electronics,South,3,7469.73,0.13,19495.99,4207.3,UPI
ORD02071,2025-10-28,CUST2916,Smartwatch,Electronics,East,4,6989.69,0.08,25722.07,4166.99,Net Banking
ORD02072,2024-06-25,CUST1046,Laptop,Electronics,West,5,63672.7,0.09,289710.79,31585.88,Net Banking
ORD02073,2024-05-10,CUST9182,Printer,Office,East,3,9730.92,0.12,25689.62,6076.63,UPI
ORD02074,2024-10-24,CUST3354,Mouse,Accessories,West,5,801.11,0.25,3004.16,525.1,Debit Card
ORD02075,2024-03-03,CUST1113,Keyboard,Accessories,North,2,1440.1,0.1,2592.19,542.62,Net Banking
ORD02076,2024-05-09,CUST2081,Monitor,Electronics,North,2,12895.58,0.05,24501.61,1241.17,Net Banking
ORD02077,2024-12-28,CUST5139,Monitor,Electronics,East,3,13347.38,0.15,34035.82,4767.19,Cash
ORD02078,2025-09-07,CUST8150,Smartphone,Electronics,North,5,33445.97,0.06,157196.05,35241.75,Net Banking
ORD02079,2024-09-26,CUST9585,Smartwatch,Electronics,West,2,6428.17,0.03,12470.64,1467.13,Debit Card
ORD02080,2024-09-24,CUST2589,Tablet,Electronics,North,3,24613.0,0.01,73100.61,14277.3,Cash
ORD02081,2025-05-14,CUST8713,Laptop,Electronics,West,5,61910.25,0.01,306455.73,55632.43,Cash
ORD02082,2025-06-23,CUST5855,Mouse,Accessories,West,3,754.23,0.11,2013.8,162.0,Debit Card
ORD02083,2025-05-01,CUST7030,Monitor,Electronics,East,5,12816.32,0.11,57032.63,11690.59,UPI
ORD02084,2024-08-04,CUST2525,Keyboard,Accessories,West,2,1412.11,0.05,2683.02,194.53,Credit Card
ORD02085,2024-12-22,CUST7567,Smartphone,Electronics,North,3,25976.7,0.2,62344.07,12193.43,Net Banking
ORD02086,2025-10-07,CUST5595,Keyboard,Accessories,East,2,1443.13,0.03,2799.67,694.86,UPI
ORD02087,2024-10-12,CUST8445,Laptop,Electronics,West,3,69318.58,0.23,160125.92,38685.83,Credit Card
ORD02088,2025-04-23,CUST6599,Tablet,Electronics,West,1,20857.93,0.15,17729.24,3724.0,Debit Card
ORD02089,2025-06-29,CUST5310,Smartphone,Electronics,West,2,31166.03,0.01,61708.74,9682.32,Net Banking
ORD02090,2025-12-23,CUST9935,Smartphone,Electronics,East,2,31441.07,0.24,47790.43,8839.55,UPI
ORD02091,2025-11-28,CUST3165,Printer,Office,West,4,10701.21,0.08,39380.45,7703.67,Credit Card
ORD02092,2025-02-15,CUST7704,Mouse,Accessories,East,2,895.31,0.11,1593.65,82.36,Debit Card
ORD02093,2024-11-26,CUST6569,Smartphone,Electronics,North,5,29393.08,0.07,136677.82,9632.13,Cash
ORD02094,2025-11-23,CUST6778,Printer,Office,East,3,8999.3,0.18,22138.27,3750.48,Cash
ORD02095,2025-03-24,CUST4811,Printer,Office,South,1,9456.78,0.12,8321.96,426.97,Cash
ORD02096,2025-11-27,CUST4469,Laptop,Electronics,South,5,63677.26,0.03,308834.72,71582.06,Debit Card
ORD02097,2024-01-27,CUST1262,Headphones,Electronics,West,5,2660.42,0.03,12903.03,1908.78,Credit Card
ORD02098,2024-04-21,CUST5431,Keyboard,Accessories,West,5,1280.9,0.18,5251.71,533.33,Debit Card
ORD02099,2025-05-06,CUST4801,Tablet,Electronics,South,5,20784.18,0.06,97685.66,12578.42,Cash
ORD02100,2024-05-16,CUST1983,Webcam,Accessories,North,1,3793.83,0.03,3680.02,810.18,Debit Card
ORD02101,2025-06-21,CUST8671,Keyboard,Accessories,East,4,1576.89,0.12,5550.64,1306.83,Net Banking
ORD02102,2024-09-18,CUST2559,Smartphone,Electronics,South,2,32085.66,0.2,51337.06,3760.29,Credit Card
ORD02103,2025-10-08,CUST3702,Tablet,Electronics,East,5,24057.95,0.07,111869.47,22999.48,Net Banking
ORD02104,2025-11-19,CUST6686,Monitor,Electronics,North,2,13019.65,0.07,24216.55,4011.36,Cash
ORD02105,2025-06-05,CUST8521,Headphones,Electronics,North,2,2636.64,0.21,4165.89,696.12,Credit Card
ORD02106,2024-10-25,CUST5497,Monitor,Electronics,South,5,11782.78,0.04,56557.35,11644.62,Net Banking
ORD02107,2024-04-19,CUST6802,Monitor,Electronics,West,4,13740.95,0.15,46719.24,4418.19,Debit Card
ORD02108,2025-03-08,CUST7628,Mouse,Accessories,North,2,816.58,0.24,1241.2,193.89,UPI
ORD02109,2025-04-23,CUST9581,Keyboard,Accessories,North,3,1366.25,0.21,3238.0,368.71,Debit Card
ORD02110,2025-09-15,CUST5268,Webcam,Accessories,East,2,3282.45,0.02,6433.61,443.29,Cash
ORD02111,2025-09-04,CUST5048,Laptop,Electronics,East,5,68774.47,0.08,316362.55,22466.77,UPI
ORD02112,2024-09-23,CUST1506,Webcam,Accessories,South,1,3945.98,0.04,3788.14,292.8,Credit Card
ORD02113,2025-10-29,CUST7287,Monitor,Electronics,South,2,10843.39,0.24,16481.96,2851.05,UPI
ORD02114,2024-07-31,CUST1246,Smartphone,Electronics,East,4,26241.12,0.25,78723.36,5602.43,Credit Card
ORD02115,2024-11-04,CUST7684,Headphones,Electronics,North,3,2786.15,0.06,7856.94,1288.7,Net Banking
ORD02116,2024-02-23,CUST8552,Smartwatch,Electronics,West,3,7872.08,0.17,19601.49,3286.37,Net Banking
ORD02117,2025-10-26,CUST3714,Webcam,Accessories,West,1,3265.2,0.21,2579.51,595.3,Net Banking
ORD02118,2025-01-29,CUST7755,Monitor,Electronics,South,1,11558.23,0.06,10864.73,1904.32,Net Banking
ORD02119,2025-05-26,CUST3639,Headphones,Electronics,East,2,2620.14,0.05,4978.27,1230.22,Net Banking
ORD02120,2024-11-20,CUST7684,Tablet,Electronics,North,5,20877.54,0.0,104387.69,5866.43,UPI
ORD02121,2024-04-05,CUST5157,Keyboard,Accessories,West,4,1669.72,0.1,6011.0,1147.07,Credit Card
ORD02122,2024-06-22,CUST2918,Printer,Office,West,3,8822.74,0.22,20645.2,1141.6,Net Banking
ORD02123,2024-12-09,CUST6921,Mouse,Accessories,West,1,689.12,0.23,530.62,103.94,Net Banking
ORD02124,2024-07-23,CUST1943,Headphones,Electronics,North,4,2281.36,0.03,8851.69,1125.67,Credit Card
ORD02125,2024-02-24,CUST9308,Smartphone,Electronics,North,5,28074.79,0.05,133355.25,22971.98,UPI
ORD02126,2025-12-10,CUST3557,Smartphone,Electronics,South,3,26516.34,0.1,71594.12,8011.93,Net Banking
ORD02127,2024-08-13,CUST7698,Headphones,Electronics,South,3,2174.27,0.2,5218.24,426.96,UPI
ORD02128,2024-11-02,CUST1988,Smartphone,Electronics,East,5,32300.47,0.15,137277.0,26728.17,Net Banking
ORD02129,2024-10-07,CUST8936,Keyboard,Accessories,East,3,1348.92,0.13,3520.69,813.01,UPI
ORD02130,2025-09-08,CUST7693,Smartphone,Electronics,East,5,33725.3,0.15,143332.52,12429.29,Cash
ORD02131,2025-11-20,CUST9155,Webcam,Accessories,East,3,3361.4,0.02,9882.51,2313.9,Net Banking
ORD02132,2024-10-28,CUST5279,Printer,Office,East,2,10511.82,0.12,18500.8,1443.74,Net Banking
ORD02133,2024-07-23,CUST4567,Smartphone,Electronics,South,5,27528.62,0.25,103232.32,20350.43,Debit Card
ORD02134,2024-08-07,CUST8160,Printer,Office,North,4,9220.97,0.02,36146.2,8743.37,Debit Card
ORD02135,2025-03-03,CUST4113,Monitor,Electronics,West,2,12268.95,0.13,21347.98,1696.61,UPI
ORD02136,2024-05-20,CUST9707,Laptop,Electronics,North,4,66182.54,0.07,246199.04,33733.7,Debit Card
ORD02137,2025-03-30,CUST5214,Keyboard,Accessories,South,3,1620.93,0.13,4230.62,497.06,UPI
ORD02138,2024-05-24,CUST4148,Laptop,Electronics,West,4,70027.36,0.14,240894.12,30761.11,Net Banking
ORD02139,2025-06-09,CUST5887,Monitor,Electronics,West,2,12614.48,0.14,21696.9,4353.0,Net Banking
ORD02140,2024-06-06,CUST3886,Keyboard,Accessories,North,5,1477.11,0.21,5834.58,1063.28,Cash
ORD02141,2024-04-14,CUST8290,Headphones,Electronics,West,1,2792.98,0.1,2513.68,612.68,Cash
ORD02142,2024-10-15,CUST3481,Headphones,Electronics,South,4,2591.93,0.13,9019.93,785.6,Debit Card
ORD02143,2025-09-23,CUST3010,Printer,Office,West,1,11470.6,0.0,11470.6,1819.83,Net Banking
ORD02144,2025-11-24,CUST2425,Monitor,Electronics,North,4,13149.73,0.2,42079.14,5883.73,UPI
ORD02145,2024-07-03,CUST8517,Printer,Office,North,4,8632.93,0.06,32459.81,7588.17,Debit Card
ORD02146,2024-08-04,CUST1667,Mouse,Accessories,East,5,756.94,0.2,3027.77,157.82,Cash
ORD02147,2024-01-31,CUST6532,Smartphone,Electronics,South,3,30646.88,0.07,85504.8,21191.0,Credit Card
ORD02148,2024-10-05,CUST7472,Smartwatch,Electronics,West,2,7465.09,0.0,14930.17,2179.01,UPI
ORD02149,2025-04-19,CUST1102,Mouse,Accessories,West,2,812.08,0.04,1559.2,273.03,Credit Card
ORD02150,2024-08-12,CUST6460,Smartphone,Electronics,West,2,32575.17,0.25,48862.76,5961.77,Debit Card
ORD02151,2025-11-17,CUST4685,Keyboard,Accessories,North,3,1402.2,0.08,3870.06,853.37,Debit Card
ORD02152,2024-06-25,CUST6164,Printer,Office,South,1,9051.74,0.03,8780.18,1425.88,Credit Card
ORD02153,2024-03-24,CUST7488,Keyboard,Accessories,West,2,1299.26,0.03,2520.57,460.16,Debit Card
ORD02154,2025-07-21,CUST1048,Keyboard,Accessories,South,1,1532.99,0.08,1410.35,253.55,Debit Card
ORD02155,2024-04-01,CUST5947,Smartphone,Electronics,West,3,31697.4,0.01,94141.27,11560.21,Net Banking
ORD02156,2024-01-08,CUST9659,Monitor,Electronics,East,3,11374.14,0.13,29686.5,1935.51,UPI
ORD02157,2025-10-23,CUST9238,Smartphone,Electronics,East,5,31022.26,0.05,147355.72,31171.81,Cash
ORD02158,2025-07-27,CUST5719,Tablet,Electronics,East,2,19044.24,0.13,33136.97,3576.91,Net Banking
ORD02159,2024-02-23,CUST4827,Headphones,Electronics,North,5,2199.47,0.04,10557.46,2320.38,Debit Card
ORD02160,2024-06-11,CUST2293,Headphones,Electronics,West,2,2651.32,0.11,4719.34,810.45,Cash
ORD02161,2025-09-22,CUST7100,Mouse,Accessories,North,3,768.34,0.15,1959.26,236.56,Debit Card
ORD02162,2025-04-23,CUST7908,Headphones,Electronics,North,3,2628.5,0.02,7727.79,1304.83,UPI
ORD02163,2024-04-17,CUST2316,Smartphone,Electronics,North,4,32985.49,0.1,118747.76,21267.55,Debit Card
ORD02164,2024-09-27,CUST8750,Webcam,Accessories,East,4,3870.25,0.08,14242.53,2725.12,Credit Card
ORD02165,2025-09-17,CUST1498,Printer,Office,South,3,9016.5,0.06,25426.54,5453.17,Credit Card
ORD02166,2024-08-24,CUST1486,Smartphone,Electronics,South,3,29876.57,0.15,76185.25,6243.46,Credit Card
ORD02167,2024-09-17,CUST8579,Smartphone,Electronics,South,1,32105.34,0.15,27289.54,6517.53,Credit Card
ORD02168,2025-06-12,CUST5474,Smartwatch,Electronics,West,1,7575.36,0.16,6363.3,841.03,Cash
ORD02169,2025-08-26,CUST9966,Printer,Office,North,5,10854.03,0.04,52099.33,11570.74,Credit Card
ORD02170,2025-09-20,CUST6740,Tablet,Electronics,North,4,20205.9,0.07,75165.96,7072.81,Debit Card
ORD02171,2025-01-21,CUST1888,Headphones,Electronics,West,4,2269.4,0.05,8623.72,481.25,Net Banking
ORD02172,2025-02-06,CUST5787,Printer,Office,North,3,10270.04,0.14,26496.7,4363.18,Debit Card
ORD02173,2024-12-23,CUST8332,Headphones,Electronics,South,3,2680.81,0.12,7077.35,813.42,Debit Card
ORD02174,2024-08-06,CUST5109,Mouse,Accessories,North,5,756.59,0.08,3480.33,859.27,Debit Card
ORD02175,2025-04-09,CUST8736,Printer,Office,West,4,8814.12,0.2,28205.17,1999.48,Debit Card
ORD02176,2025-02-24,CUST8171,Headphones,Electronics,West,1,2662.56,0.02,2609.31,155.15,Net Banking
ORD02177,2024-05-28,CUST2104,Tablet,Electronics,South,2,20678.01,0.24,31430.57,1854.52,Credit Card
ORD02178,2024-12-22,CUST1180,Laptop,Electronics,North,5,58494.07,0.03,283696.25,26490.06,UPI
ORD02179,2024-02-20,CUST5767,Keyboard,Accessories,West,2,1341.48,0.19,2173.19,360.4,Cash
ORD02180,2024-02-23,CUST1869,Keyboard,Accessories,West,1,1416.71,0.09,1289.21,194.82,Net Banking
ORD02181,2024-05-18,CUST9408,Tablet,Electronics,West,1,22611.68,0.22,17637.11,2116.72,Net Banking
ORD02182,2025-10-31,CUST6385,Smartwatch,Electronics,South,2,6702.64,0.02,13137.18,890.16,Net Banking
ORD02183,2024-04-22,CUST3810,Laptop,Electronics,North,5,55652.91,0.09,253220.72,24498.45,Cash
ORD02184,2025-03-02,CUST9816,Mouse,Accessories,East,2,703.26,0.08,1293.99,112.36,Debit Card
ORD02185,2025-05-12,CUST7333,Tablet,Electronics,North,5,20617.32,0.25,77314.96,15395.99,Cash
ORD02186,2024-10-18,CUST1631,Keyboard,Accessories,South,5,1571.87,0.25,5894.5,1214.2,Net Banking
ORD02187,2024-12-11,CUST8567,,Accessories,South,3,1319.33,0.05,3760.1,772.33,Debit Card
ORD02188,2025-05-25,CUST1130,Keyboard,Accessories,West,4,1527.3,0.16,5131.71,1251.15,Net Banking
ORD02189,2025-03-16,CUST9721,Monitor,Electronics,West,4,10631.59,0.13,36997.93,8392.89,UPI
ORD02190,2025-09-23,CUST7559,Tablet,Electronics,South,1,20096.66,0.04,19292.79,2885.45,Credit Card
ORD02191,2025-08-25,CUST2147,Smartphone,Electronics,East,3,27049.7,0.04,77903.13,10360.12,Credit Card
ORD02192,2025-12-22,CUST1561,Mouse,Accessories,East,4,696.13,0.25,2088.4,486.92,Net Banking
ORD02193,2025-04-25,CUST4586,Keyboard,Accessories,South,5,1577.1,0.11,7018.09,1208.83,Debit Card
ORD02194,2024-08-15,CUST2095,Headphones,Electronics,West,5,2472.55,0.03,11991.88,1305.67,UPI
ORD02195,2025-09-01,CUST3172,Tablet,Electronics,South,2,24184.95,0.05,45951.41,7485.15,UPI
ORD02196,2024-03-30,CUST8172,Monitor,Electronics,West,2,10556.01,0.07,19634.17,4877.72,Debit Card
ORD02197,2025-06-19,CUST1083,Tablet,Electronics,West,5,19655.24,0.13,85500.28,18801.0,Debit Card
ORD02198,2025-01-30,CUST3987,Mouse,Accessories,South,5,753.55,0.08,3466.33,368.32,UPI
ORD02199,2024-03-15,CUST7875,Monitor,Electronics,North,2,12957.12,0.11,23063.67,5548.91,Credit Card
ORD02200,2025-10-22,CUST6142,Mouse,Accessories,South,4,753.38,0.04,2892.99,712.52,Credit Card
ORD02201,2024-12-01,CUST6079,Tablet,Electronics,North,1,21395.56,0.08,19683.92,1894.25,UPI
ORD02202,2024-06-12,CUST1905,Smartphone,Electronics,East,2,28214.43,0.02,55300.29,12670.31,Cash
ORD02203,2025-06-02,CUST7793,Mouse,Accessories,West,4,699.25,0.22,2181.67,494.46,UPI
ORD02204,2025-07-18,CUST4232,Monitor,Electronics,East,4,13581.96,0.05,51611.45,2990.92,Net Banking
ORD02205,2024-06-04,CUST4144,Monitor,Electronics,West,4,12174.74,0.19,39446.16,7255.64,Cash
ORD02206,2025-05-17,CUST9730,Mouse,Accessories,West,3,869.08,0.09,2372.59,263.49,Debit Card
ORD02207,2024-11-29,CUST7205,Webcam,Accessories,South,3,3666.27,0.12,9678.97,1789.86,UPI
ORD02208,2025-05-05,CUST9593,Tablet,Electronics,West,4,22094.08,0.07,82189.97,19126.57,UPI
ORD02209,2025-08-29,CUST1198,Webcam,Accessories,East,5,3069.16,0.17,12737.02,1907.44,Cash
ORD02210,2024-11-23,CUST6333,Smartwatch,Electronics,West,3,7299.74,0.21,17300.38,2298.92,UPI
ORD02211,2024-01-01,CUST7921,Tablet,Electronics,North,2,19725.44,0.07,36689.33,8596.54,Net Banking
ORD02212,2024-12-25,CUST5122,Mouse,Accessories,North,3,779.45,0.06,2198.05,538.13,Credit Card
ORD02213,2025-09-18,CUST6100,Laptop,Electronics,South,5,67517.71,0.17,280198.48,17497.63,UPI
ORD02214,2024-12-02,CUST1971,Mouse,Accessories,South,1,867.73,0.05,824.35,193.37,Credit Card
ORD02215,2025-07-06,CUST6314,Webcam,Accessories,West,3,3694.3,0.16,9309.63,619.59,Debit Card
ORD02216,2024-07-05,CUST6558,Smartphone,Electronics,East,4,31543.8,0.02,123651.7,14523.79,Debit Card
ORD02217,2024-09-25,CUST9042,Mouse,Accessories,South,4,715.77,0.16,2404.99,487.05,UPI
ORD02218,2025-03-06,CUST3370,Mouse,Accessories,South,4,763.07,0.13,2655.49,545.46,Debit Card
ORD02219,2025-06-22,CUST9089,Smartphone,Electronics,South,1,25886.21,0.03,25109.62,4900.5,UPI
ORD02220,2024-05-02,CUST8981,Mouse,Accessories,North,5,852.67,0.16,3581.23,207.08,Credit Card
ORD02221,2025-07-05,CUST6321,Keyboard,Accessories,East,2,1703.66,0.11,3032.52,232.27,Cash
ORD02222,2024-08-06,CUST8618,Laptop,Electronics,South,5,60400.15,0.05,286900.72,68065.27,UPI
ORD02223,2025-02-19,CUST9951,Headphones,Electronics,West,1,2190.77,0.09,1993.6,132.16,Cash
ORD02224,2024-07-04,CUST2371,Laptop,Electronics,South,4,64523.62,0.12,227123.13,14924.08,Credit Card
ORD02225,2025-08-10,CUST3058,Mouse,Accessories,South,5,885.61,0.02,4339.48,942.23,Credit Card
ORD02226,2025-07-17,CUST9626,Keyboard,Accessories,North,2,1523.39,0.24,2315.55,412.75,Cash
ORD02227,2024-07-23,CUST4103,Tablet,Electronics,North,4,19008.73,0.17,63108.98,7593.98,UPI
ORD02228,2024-12-01,CUST1839,Mouse,Accessories,South,2,913.83,0.03,1772.82,147.4,Cash
ORD02229,2025-01-24,CUST7291,Webcam,Accessories,East,3,3845.08,0.21,9112.85,2067.1,UPI
ORD02230,2024-10-30,CUST7412,Keyboard,Accessories,North,2,1334.22,0.08,2454.96,608.11,UPI
ORD02231,2025-11-09,CUST8801,Smartphone,Electronics,South,4,33796.18,0.15,114907.01,6893.77,Cash
ORD02232,2025-05-26,CUST5738,Keyboard,Accessories,East,3,1477.81,0.07,4123.09,663.09,Credit Card
ORD02233,2024-08-13,CUST6006,Smartphone,Electronics,South,4,28847.08,0.18,94618.43,9675.75,Net Banking
ORD02234,2025-05-27,CUST7907,Smartwatch,Electronics,East,4,6918.21,0.18,22691.74,4912.25,Debit Card
ORD02235,2024-01-29,CUST3299,Headphones,Electronics,West,3,2750.93,0.14,7097.4,846.11,Net Banking
ORD02236,2025-08-26,CUST3615,Printer,Office,North,2,10478.44,0.06,19699.47,3800.54,Credit Card
ORD02237,2025-09-06,CUST1891,Keyboard,Accessories,West,1,1301.66,0.06,1223.56,193.21,Debit Card
ORD02238,2025-05-26,CUST5010,Monitor,Electronics,East,1,13647.38,0.1,12282.64,1944.4,Cash
ORD02239,2025-09-26,CUST9952,Webcam,Accessories,North,1,3130.17,0.04,3004.97,665.9,Net Banking
ORD02240,2025-09-05,CUST2225,Mouse,Accessories,North,1,858.94,0.08,790.22,113.86,UPI
ORD02241,2024-12-19,CUST3296,Webcam,Accessories,West,5,3642.94,0.17,15118.21,3312.7,Credit Card
ORD02242,2025-12-25,CUST5909,Laptop,Electronics,East,1,58906.8,0.21,46536.37,5709.33,Credit Card
ORD02243,2025-04-16,CUST7516,Printer,Office,North,3,9012.2,0.08,24873.66,2113.18,Credit Card
ORD02244,2025-11-19,CUST9367,Laptop,Electronics,East,1,72221.39,0.06,67888.1,9578.7,Net Banking
ORD02245,2024-11-10,CUST4176,Smartwatch,Electronics,East,4,6831.36,0.21,21587.1,3230.97,UPI
ORD02246,2025-07-10,CUST1864,Printer,Office,North,1,10463.73,0.22,8161.71,1188.97,Net Banking
ORD02247,2024-10-05,CUST7582,Printer,Office,North,2,10012.21,0.1,18021.98,3814.64,UPI
ORD02248,2024-10-14,CUST3101,Laptop,Electronics,North,3,69433.39,0.01,206217.18,33600.16,Debit Card
ORD02249,2025-01-01,CUST3368,Smartphone,Electronics,West,3,29813.18,0.17,74234.82,16902.44,Cash
ORD02250,2024-11-26,CUST2242,Laptop,Electronics,North,5,60853.91,0.2,243415.63,37202.94,Credit Card
ORD02251,2025-01-31,CUST1927,Webcam,Accessories,North,4,3356.55,0.0,13426.21,1274.72,UPI
ORD02252,2025-01-19,CUST6588,Smartphone,Electronics,South,3,33231.7,0.15,84740.83,6431.76,Net Banking
ORD02253,2025-07-31,CUST7891,Webcam,Accessories,South,2,3466.44,0.15,5892.94,1318.09,Net Banking
ORD02254,2025-05-25,CUST3943,Smartwatch,Electronics,West,1,6398.24,0.09,5822.4,356.53,Credit Card
ORD02255,2025-07-11,CUST5499,Mouse,Accessories,West,3,904.31,0.19,2197.46,161.56,Credit Card
ORD02256,2024-01-30,CUST1346,Tablet,Electronics,South,2,23957.56,0.11,42644.46,2675.16,Credit Card
ORD02257,2024-07-15,CUST7819,Smartphone,Electronics,West,1,26001.0,0.17,21580.83,2907.95,Debit Card
ORD02258,2024-09-19,CUST1488,Smartwatch,Electronics,South,5,8047.78,0.13,35007.84,5479.54,Cash
ORD02259,2025-02-11,CUST3847,Monitor,Electronics,South,3,12701.74,0.06,35818.9,1933.32,UPI
ORD02260,2024-04-04,CUST3406,Smartwatch,Electronics,East,3,6286.56,0.15,16030.73,2454.58,Credit Card
ORD02261,2024-02-12,CUST8708,Laptop,Electronics,West,2,59874.77,0.18,98194.62,12642.74,UPI
ORD02262,2024-02-05,CUST8085,Laptop,Electronics,North,4,68752.69,0.24,209008.17,42790.04,Net Banking
ORD02263,2025-04-02,CUST2110,Tablet,Electronics,South,5,23846.42,0.1,107308.9,23177.79,Cash
ORD02264,2024-05-08,CUST3425,Smartwatch,Electronics,East,4,6451.98,0.02,25291.74,4729.39,Cash
ORD02265,2025-06-02,CUST7222,Headphones,Electronics,East,3,2317.73,0.25,5214.88,754.59,UPI
ORD02266,2024-02-13,CUST1969,Mouse,Accessories,South,4,753.71,0.16,2532.46,236.1,Net Banking
ORD02267,2024-03-01,CUST5403,Laptop,Electronics,West,1,66911.36,0.24,50852.63,11158.24,Net Banking
ORD02268,2025-06-21,CUST2934,Tablet,Electronics,South,5,19833.99,0.03,96194.84,11383.1,Debit Card
ORD02269,2024-12-28,CUST4160,Mouse,Accessories,West,4,705.02,0.09,2566.27,311.18,Credit Card
ORD02270,2024-04-30,CUST5786,Smartwatch,Electronics,South,1,7375.61,0.03,7154.35,1668.41,Net Banking
ORD02271,2025-05-11,CUST8454,Smartwatch,Electronics,South,2,7586.11,0.21,11986.05,2938.01,Credit Card
ORD02272,2024-06-06,CUST7799,Printer,Office,East,4,10002.79,0.22,31208.7,7166.33,Credit Card
ORD02273,2024-09-13,CUST1163,Tablet,Electronics,North,5,21101.3,0.13,91790.64,22915.25,UPI
ORD02274,2025-07-28,CUST6414,Laptop,Electronics,North,1,63674.83,0.05,60491.09,13536.8,Credit Card
ORD02275,2024-09-27,CUST9842,Headphones,Electronics,East,4,2416.31,0.03,9375.27,1789.47,UPI
ORD02276,2024-11-06,CUST8920,Smartwatch,Electronics,West,2,7965.97,0.15,13542.15,1472.9,Cash
ORD02277,2024-11-08,CUST8922,Headphones,Electronics,South,4,2701.07,0.13,9399.71,2261.49,Net Banking
ORD02278,2024-04-26,CUST8641,Smartwatch,Electronics,West,1,6386.98,0.17,5301.2,1194.49,UPI
ORD02279,2024-12-10,CUST3094,Laptop,Electronics,North,4,62741.69,0.08,230889.41,22661.65,Debit Card
ORD02280,2024-06-26,CUST5101,Mouse,Accessories,West,5,810.56,0.1,3647.53,539.22,UPI
ORD02281,2024-04-26,CUST5852,Keyboard,Accessories,South,3,1550.84,0.01,4606.01,294.84,Credit Card
ORD02282,2025-11-06,CUST6007,Mouse,Accessories,North,1,792.36,0.15,673.51,162.09,Debit Card
ORD02283,2024-06-13,CUST3568,Smartwatch,Electronics,West,1,7651.27,0.11,6809.63,1120.55,Credit Card
ORD02284,2024-06-22,CUST5938,Webcam,Accessories,West,1,3780.99,0.23,2911.36,288.34,Debit Card
ORD02285,2025-09-22,CUST4796,Keyboard,Accessories,West,1,1502.32,0.16,1261.95,136.9,UPI
ORD02286,2024-06-03,CUST6933,Keyboard,Accessories,North,4,1659.49,0.1,5974.18,1470.43,Credit Card
ORD02287,2025-10-20,CUST3374,Headphones,Electronics,North,5,2688.32,0.07,12500.67,2164.15,UPI
ORD02288,2025-08-17,CUST2931,Tablet,Electronics,West,2,23838.64,0.23,36711.51,4924.36,Net Banking
ORD02289,2025-05-24,CUST8026,Headphones,Electronics,East,5,2842.3,0.0,14211.5,2131.29,Debit Card
ORD02290,2024-11-05,CUST7887,Headphones,Electronics,South,1,2324.85,0.08,2138.86,149.1,Cash
ORD02291,2025-12-25,CUST8173,Webcam,Accessories,North,4,3256.03,0.24,9898.33,643.44,Cash
ORD02292,2024-08-21,CUST5138,Mouse,Accessories,North,4,893.35,0.16,3001.65,505.9,UPI
ORD02293,2024-12-16,CUST8449,Mouse,Accessories,North,1,865.33,0.13,752.84,114.73,Debit Card
ORD02294,2024-06-10,CUST2589,Monitor,Electronics,South,4,13535.56,0.05,51435.14,6266.38,Debit Card
ORD02295,2025-08-13,CUST3943,Smartwatch,Electronics,North,1,6082.57,0.21,4805.23,784.32,UPI
ORD02296,2025-11-21,CUST8818,Webcam,Accessories,East,5,3634.14,0.05,17262.19,1114.02,Cash
ORD02297,2024-10-18,CUST6334,Monitor,Electronics,North,3,10720.66,0.06,30232.27,7219.41,Net Banking
ORD02298,2024-05-06,CUST4096,Laptop,Electronics,North,4,65076.0,0.05,247288.78,26890.76,Cash
ORD02299,2025-11-23,CUST1907,Smartwatch,Electronics,East,1,6277.07,0.04,6025.99,387.81,Credit Card
ORD02300,2025-08-24,CUST5672,Smartwatch,Electronics,South,1,6218.96,0.24,4726.41,396.55,Cash
ORD02301,2024-04-03,CUST9451,Printer,Office,South,4,8536.51,0.15,29024.12,2005.42,Credit Card
ORD02302,2025-03-21,CUST9128,Printer,Office,North,2,10390.72,0.16,17456.4,1496.38,Credit Card
ORD02303,2024-03-29,CUST6537,Smartphone,Electronics,South,1,28731.2,0.24,21835.71,2911.81,Net Banking
ORD02304,2025-01-22,CUST6594,Smartphone,Electronics,East,4,26446.69,0.06,99439.57,19650.27,Net Banking
ORD02305,2024-09-05,CUST3762,Headphones,Electronics,South,1,2367.13,0.0,2367.13,247.29,Cash
ORD02306,2024-06-29,CUST1869,Laptop,Electronics,North,2,58544.41,0.15,99525.5,13653.44,UPI
ORD02307,2024-03-01,CUST3031,Keyboard,Accessories,East,3,1698.76,0.13,4433.77,1045.27,Cash
ORD02308,2024-05-26,CUST9124,Keyboard,Accessories,North,2,1419.0,0.12,2497.44,272.63,Net Banking
ORD02309,2025-09-22,CUST6237,Printer,Office,East,5,9501.86,0.02,46559.12,9728.25,Credit Card
ORD02310,2025-11-26,CUST9766,Printer,Office,East,4,11019.57,0.11,39229.68,3199.71,Credit Card
ORD02311,2024-10-07,CUST9332,Printer,Office,North,2,10443.27,0.07,19424.48,1663.99,UPI
ORD02312,2025-07-19,CUST5094,Webcam,Accessories,North,3,3720.68,0.07,10380.7,1466.07,Cash
ORD02313,2024-04-21,CUST4372,Tablet,Electronics,South,1,22897.61,0.06,21523.76,2083.94,UPI
ORD02314,2025-11-17,CUST7368,Smartphone,Electronics,West,4,34015.77,0.08,125178.02,28866.75,UPI
ORD02315,2024-10-23,CUST7304,Webcam,Accessories,South,2,3192.35,0.09,5810.08,349.48,Cash
ORD02316,2025-11-21,CUST1396,Mouse,Accessories,North,3,917.37,0.08,2531.94,429.05,Debit Card
ORD02317,2025-07-15,CUST2864,Keyboard,Accessories,North,2,1648.93,0.24,2506.37,428.2,Cash
ORD02318,2024-04-26,CUST7372,Smartwatch,Electronics,South,5,7186.84,0.23,27669.34,1748.85,UPI
ORD02319,2024-01-27,CUST9629,Smartphone,Electronics,West,4,31461.34,0.14,108227.03,21268.0,Debit Card
ORD02320,2025-03-07,CUST7557,Monitor,Electronics,West,1,12535.77,0.25,9401.83,1351.79,UPI
ORD02321,2024-11-06,CUST7752,Mouse,Accessories,North,3,694.02,0.25,1561.53,303.9,UPI
ORD02322,2025-12-03,CUST6951,Smartphone,Electronics,West,2,27462.15,0.09,49981.11,10765.18,UPI
ORD02323,2025-01-24,CUST1651,Webcam,Accessories,East,4,3984.54,0.11,14184.98,1625.31,Credit Card
ORD02324,2025-11-05,CUST3177,Laptop,Electronics,South,2,65670.11,0.24,99818.56,14663.06,Cash
ORD02325,2025-04-06,CUST9846,Smartwatch,Electronics,West,4,6744.54,0.15,22931.44,2342.5,Net Banking
ORD02326,2024-01-06,CUST1848,Smartphone,Electronics,West,5,32358.35,0.05,153702.14,13879.72,Credit Card
ORD02327,2025-12-03,CUST9669,Tablet,Electronics,South,2,22161.83,0.17,36788.63,1843.81,Cash
ORD02328,2025-06-13,CUST2061,Printer,Office,East,5,8539.49,0.05,40562.57,9845.6,Credit Card
ORD02329,2024-06-07,CUST1975,Printer,Office,West,3,10708.71,0.08,29556.05,4084.22,Cash
ORD02330,2024-11-03,CUST6883,Smartwatch,Electronics,East,5,7487.66,0.06,35191.99,1851.59,Debit Card
ORD02331,2025-10-17,CUST1518,Webcam,Accessories,North,4,3148.41,0.06,11838.01,613.06,Net Banking
ORD02332,2024-07-13,CUST3948,Printer,Office,North,3,11369.98,0.0,34109.94,3672.63,Debit Card
ORD02333,2025-04-23,CUST8996,Smartphone,Electronics,East,2,27515.17,0.22,42923.67,2265.83,Debit Card
ORD02334,2024-08-17,CUST4802,Monitor,Electronics,East,2,11847.9,0.07,22037.09,2752.5,Cash
ORD02335,2025-05-20,CUST9256,Keyboard,Accessories,South,4,1326.63,0.02,5200.39,325.48,UPI
ORD02336,2025-12-02,CUST5032,Keyboard,Accessories,South,1,1546.48,0.02,1515.55,87.67,UPI
ORD02337,2024-12-02,CUST9197,Mouse,Accessories,South,1,770.11,0.14,662.29,121.78,UPI
ORD02338,2025-11-22,CUST5359,Headphones,Electronics,West,2,2389.88,0.25,3584.82,829.41,UPI
ORD02339,2024-05-12,CUST5148,Laptop,Electronics,North,4,71376.05,0.04,274084.03,36145.47,Net Banking
ORD02340,2025-12-20,CUST3312,Smartwatch,Electronics,South,1,5970.08,0.02,5850.68,1271.67,Debit Card
ORD02341,2025-10-18,CUST3853,Mouse,Accessories,West,5,871.51,0.11,3878.21,216.61,Credit Card
ORD02342,2024-06-07,CUST7303,Headphones,Electronics,West,2,2553.59,0.14,4392.17,902.76,Net Banking
ORD02343,2024-09-28,CUST8190,Webcam,Accessories,East,5,4010.4,0.07,18648.38,1166.64,Cash
ORD02344,2025-06-16,CUST3432,Tablet,Electronics,South,4,22590.33,0.08,83132.4,18096.92,Net Banking
ORD02345,2025-11-11,CUST5970,Tablet,Electronics,East,5,19065.5,0.11,84841.49,19214.33,Net Banking
ORD02346,2024-10-21,CUST1617,Laptop,Electronics,East,1,56237.58,0.08,51738.58,10719.96,Cash
ORD02347,2024-11-25,CUST3359,Printer,Office,West,1,11149.46,0.23,8585.08,1838.49,Credit Card
ORD02348,2024-10-07,CUST4931,Smartphone,Electronics,North,3,33070.93,0.01,98220.65,15940.91,Debit Card
ORD02349,2025-03-12,CUST6602,Mouse,Accessories,West,2,763.01,0.06,1434.47,147.72,Net Banking
ORD02350,2024-03-04,CUST3079,Mouse,Accessories,West,4,828.33,0.2,2650.65,473.53,Cash
ORD02351,2024-12-24,CUST3885,Smartwatch,Electronics,West,2,6978.14,0.21,11025.46,1520.5,Cash
ORD02352,2024-08-16,CUST9284,Smartwatch,Electronics,North,5,7981.04,0.03,38708.07,1976.72,Credit Card
ORD02353,2025-09-05,CUST5129,Tablet,Electronics,South,4,24969.74,0.24,75908.02,11034.38,Net Banking
ORD02354,2024-09-03,CUST4360,Tablet,Electronics,West,4,25193.34,0.17,83641.88,15075.41,Cash
ORD02355,2024-04-01,CUST7456,Monitor,Electronics,West,1,13319.22,0.07,12386.87,653.74,Credit Card
ORD02356,2025-10-09,CUST8829,Monitor,Electronics,South,5,13474.39,0.11,59961.02,10449.53,Credit Card
ORD02357,2024-01-01,CUST6323,Printer,Office,South,1,9151.84,0.07,8511.21,1536.33,Cash
ORD02358,2024-11-10,CUST5715,Monitor,Electronics,West,1,13191.62,0.04,12663.96,1033.65,Cash
ORD02359,2024-10-17,CUST5818,Smartphone,Electronics,North,3,31879.71,0.07,88944.4,12115.55,Net Banking
ORD02360,2024-09-02,CUST4500,Smartphone,Electronics,East,1,34165.08,0.15,29040.32,7052.92,Net Banking
ORD02361,2024-08-27,CUST6095,Mouse,Accessories,East,2,817.1,0.21,1291.02,292.85,Debit Card
ORD02362,2025-04-25,CUST8674,Keyboard,Accessories,West,4,1313.33,0.09,4780.5,631.81,Cash
ORD02363,2024-09-28,CUST6302,Smartphone,Electronics,North,1,30876.59,0.09,28097.7,3370.86,UPI
ORD02364,2025-10-15,CUST8226,Headphones,Electronics,South,2,2639.94,0.12,4646.29,347.62,UPI
ORD02365,2025-05-31,CUST7239,Tablet,Electronics,North,5,20154.12,0.16,84647.3,4828.1,Debit Card
ORD02366,2024-11-09,CUST7648,Smartwatch,Electronics,East,4,6777.64,0.19,21959.55,2404.41,Cash
ORD02367,2025-07-22,CUST9402,Monitor,Electronics,North,5,12354.61,0.08,56831.22,13529.05,Credit Card
ORD02368,2024-05-18,CUST8949,Mouse,Accessories,West,2,769.79,0.15,1308.64,316.33,UPI
ORD02369,2025-05-12,CUST8738,Laptop,Electronics,North,5,62561.48,0.1,281526.66,59825.5,Net Banking
ORD02370,2024-11-22,CUST9974,Smartwatch,Electronics,East,5,6229.48,0.18,25540.88,3069.12,UPI
ORD02371,2024-04-30,CUST9094,Headphones,Electronics,West,5,2830.56,0.04,13586.69,1069.62,Cash
ORD02372,2025-01-26,CUST8136,Monitor,Electronics,West,1,12901.78,0.06,12127.67,2050.87,UPI
ORD02373,2025-04-09,CUST8370,Headphones,Electronics,North,1,2125.93,0.11,1892.08,339.25,Debit Card
ORD02374,2024-06-25,CUST1111,Tablet,Electronics,West,1,23753.05,0.22,18527.38,2499.62,Net Banking
ORD02375,2024-12-29,CUST6242,Tablet,Electronics,North,4,23582.65,0.14,81124.31,15278.09,Debit Card
ORD02376,2025-05-12,CUST4784,Printer,Office,North,2,8529.19,0.24,12964.37,2584.27,Credit Card
ORD02377,2024-06-09,CUST1696,Mouse,Accessories,South,1,768.71,0.03,745.64,154.06,Credit Card
ORD02378,2025-10-25,CUST8737,Smartwatch,Electronics,East,5,7224.17,0.12,31786.35,4782.56,Credit Card
ORD02379,2025-07-03,CUST9446,Webcam,Accessories,South,5,3450.39,0.1,15526.75,3234.66,Credit Card
ORD02380,2024-11-30,CUST2252,Webcam,Accessories,East,5,3791.89,0.15,16115.51,887.89,Cash
ORD02381,2024-02-19,CUST3974,Smartwatch,Electronics,East,5,6843.46,0.2,27373.85,5093.75,Cash
ORD02382,2024-03-29,CUST4409,Laptop,Electronics,West,3,58250.33,0.21,138053.28,13408.67,Cash
ORD02383,2025-07-29,CUST1257,Mouse,Accessories,East,4,914.34,0.17,3035.61,316.02,Debit Card
ORD02384,2025-12-21,CUST4131,Headphones,Electronics,North,2,2306.53,0.16,3874.97,264.51,Debit Card
ORD02385,2024-08-12,CUST6077,Laptop,Electronics,South,2,69245.0,,105252.4,9312.57,UPI
ORD02386,2025-01-20,CUST9623,Keyboard,Accessories,West,1,1339.42,0.1,1205.48,299.44,Net Banking
ORD02387,2024-06-15,CUST1117,Smartwatch,Electronics,West,3,6640.93,0.21,15739.0,2094.51,Debit Card
ORD02388,2025-12-14,CUST7076,Headphones,Electronics,East,2,2456.52,0.23,3783.04,891.11,UPI
ORD02389,2025-10-15,CUST3947,Webcam,Accessories,South,4,3176.84,0.12,11182.49,923.45,Credit Card
ORD02390,2024-12-02,CUST7169,Smartphone,Electronics,South,5,29549.64,0.18,121153.51,11002.16,Credit Card
ORD02391,2025-08-12,CUST1339,Printer,Office,South,1,8971.49,0.09,8164.05,1319.01,Debit Card
ORD02392,2025-03-10,CUST2276,Webcam,Accessories,West,4,3561.96,0.04,13677.91,1640.07,Cash
ORD02393,2025-06-05,CUST9723,Mouse,Accessories,South,2,839.29,0.15,1426.8,255.09,UPI
ORD02394,2024-09-04,CUST4375,Tablet,Electronics,North,3,19112.07,0.05,54469.39,7321.19,Net Banking
ORD02395,2024-02-13,CUST7520,Smartphone,Electronics,North,1,33340.19,0.11,29672.77,6300.11,UPI
ORD02396,2025-05-01,CUST2596,Printer,Office,East,2,9055.42,0.22,14126.46,1925.6,Cash
ORD02397,2025-04-21,CUST1150,Printer,Office,East,1,9176.09,0.02,8992.57,1479.01,Cash
ORD02398,2024-04-18,CUST1828,Keyboard,Accessories,North,2,1572.61,0.01,3113.76,355.64,Debit Card
ORD02399,2025-11-30,CUST8870,Keyboard,Accessories,East,5,1485.94,0.15,6315.24,1205.0,Cash
ORD02400,2024-03-10,CUST9466,Monitor,Electronics,West,3,11997.82,0.08,33113.99,5991.87,Cash
ORD02401,2025-06-26,CUST9010,Webcam,Accessories,North,5,3109.56,0.1,13993.03,1810.7,Net Banking
ORD02402,2025-11-28,CUST9448,Webcam,Accessories,West,2,3821.02,0.1,6877.84,723.59,Cash
ORD02403,2025-11-13,CUST1680,Webcam,Accessories,South,4,3622.91,0.02,14201.8,2454.37,Credit Card
ORD02404,2024-04-18,CUST9073,Monitor,Electronics,West,5,10687.38,0.0,53436.88,12751.66,Cash
ORD02405,2025-08-31,CUST7479,Laptop,Electronics,South,4,62542.99,0.22,195134.12,14933.34,Credit Card
ORD02406,2025-07-03,CUST4111,Printer,Office,North,2,10931.23,0.05,20769.34,4357.89,Net Banking
ORD02407,2024-09-20,CUST3982,Smartphone,Electronics,East,3,30615.2,0.11,81742.57,12964.24,Debit Card
ORD02408,2024-10-16,CUST6075,Mouse,Accessories,East,4,706.08,0.24,2146.47,332.94,Credit Card
ORD02409,2024-05-24,CUST7473,Printer,Office,North,2,9618.33,0.21,15196.96,3682.78,Debit Card
ORD02410,2025-06-12,CUST1242,Keyboard,Accessories,West,4,1384.21,0.03,5370.74,919.34,Debit Card
ORD02411,2024-04-03,CUST6054,Headphones,Electronics,North,5,2513.1,0.13,10931.98,2362.44,Credit Card
ORD02412,2024-12-03,CUST1479,Tablet,Electronics,South,2,24266.18,0.18,39796.54,6084.71,UPI
ORD02413,2025-07-18,CUST6214,Monitor,Electronics,East,5,11770.56,0.17,48847.83,4883.35,Cash
ORD02414,2025-09-12,CUST6030,Smartwatch,Electronics,South,1,6860.02,0.19,5556.61,1049.63,Net Banking
ORD02415,2025-07-22,CUST9965,Headphones,Electronics,North,2,2804.01,0.11,4991.14,1171.1,Debit Card
ORD02416,2025-10-21,CUST9400,Mouse,Accessories,East,4,818.28,0.04,3142.21,685.78,UPI
ORD02417,2024-03-01,CUST9148,Webcam,Accessories,South,1,3569.5,0.12,3141.16,281.68,Debit Card
ORD02418,2025-06-20,CUST3625,Keyboard,Accessories,East,5,1392.86,0.16,5850.01,663.26,UPI
ORD02419,2024-03-18,CUST1480,Keyboard,Accessories,East,5,1548.48,0.15,6581.02,1009.37,Net Banking
ORD02420,2025-06-22,CUST8691,Keyboard,Accessories,North,4,1534.16,0.02,6013.91,988.21,UPI
ORD02421,2025-03-06,CUST2548,Webcam,Accessories,South,1,3391.69,0.02,3323.86,295.04,Net Banking
ORD02422,2024-04-08,CUST2958,Smartwatch,Electronics,North,3,8030.46,0.24,18309.45,1757.75,Cash
ORD02423,2025-06-23,CUST2637,Monitor,Electronics,West,4,13374.81,0.04,51359.26,10362.56,UPI
ORD02424,2025-10-07,CUST4756,Headphones,Electronics,South,5,2687.19,0.07,12495.43,2449.9,Debit Card
ORD02425,2024-11-10,CUST3260,Webcam,Accessories,North,2,3539.21,0.19,5733.52,1249.0,Cash
ORD02426,2024-08-10,CUST2192,Mouse,Accessories,North,1,790.89,0.1,711.8,168.4,Debit Card
ORD02427,2024-07-07,CUST3017,Monitor,Electronics,West,3,10865.63,0.05,30967.05,3457.54,Debit Card
ORD02428,2024-10-31,CUST8042,Mouse,Accessories,North,2,753.38,0.12,1325.94,294.25,Cash
ORD02429,2024-12-21,CUST1520,Monitor,Electronics,West,1,12986.26,0.14,11168.18,2046.04,Cash
ORD02430,2025-04-24,CUST6035,Smartwatch,Electronics,South,4,6902.87,0.11,24574.23,5936.0,Net Banking
ORD02431,2024-02-09,CUST9210,Tablet,Electronics,West,4,24522.98,0.23,75530.77,7886.53,UPI
ORD02432,2025-04-20,CUST5625,Mouse,Accessories,West,1,715.5,0.07,665.41,69.16,Net Banking
ORD02433,2024-04-23,CUST3284,Webcam,Accessories,North,3,3508.76,0.17,8736.82,1667.5,Credit Card
ORD02434,2024-11-21,CUST3151,Monitor,Electronics,East,1,12529.08,0.03,12153.2,2864.29,Credit Card
ORD02435,2025-11-09,CUST1936,Keyboard,Accessories,North,2,1507.58,0.1,2713.65,583.19,Net Banking
ORD02436,2025-09-13,CUST1236,Printer,Office,East,2,11167.68,0.19,18091.64,3535.25,Net Banking
ORD02437,2025-06-15,CUST4173,Keyboard,Accessories,South,4,1720.3,0.06,6468.34,824.47,UPI
ORD02438,2024-08-17,CUST2971,Laptop,Electronics,East,1,57508.78,0.15,48882.46,9461.37,Cash
ORD02439,2025-01-22,CUST1390,Tablet,Electronics,West,4,19557.7,,75101.58,15787.79,Credit Card
ORD02440,2024-10-31,CUST3808,Tablet,Electronics,East,3,19560.14,0.03,56920.0,11421.41,Cash
ORD02441,2024-03-16,CUST4851,Keyboard,Accessories,East,2,1581.53,0.13,2751.86,510.09,Debit Card
ORD02442,2024-09-21,CUST6080,Headphones,Electronics,West,5,2404.51,0.17,9978.7,593.0,Debit Card
ORD02443,2024-11-10,CUST6143,Smartwatch,Electronics,East,5,7489.96,0.03,36326.31,6609.32,Cash
ORD02444,2025-09-19,CUST4503,Mouse,Accessories,East,1,777.31,0.23,598.53,87.18,Debit Card
ORD02445,2025-05-29,CUST8665,Webcam,Accessories,South,1,3633.99,0.06,3415.95,827.73,Credit Card
ORD02446,2025-06-06,CUST1629,Tablet,Electronics,South,5,23781.06,0.03,115338.15,19773.34,Credit Card
ORD02447,2024-09-17,CUST5494,Keyboard,Accessories,South,1,1521.7,0.05,1445.61,248.13,Debit Card
ORD02448,2025-01-03,CUST9347,Keyboard,Accessories,West,2,1517.78,0.04,2914.13,725.07,Credit Card
ORD02449,2025-10-25,CUST6978,Smartwatch,Electronics,South,3,6135.29,0.02,18037.76,1239.51,Debit Card
ORD02450,2025-12-10,CUST2150,Smartwatch,Electronics,South,3,6812.64,0.2,16350.34,1721.09,UPI
ORD02451,2024-03-22,CUST9468,Smartphone,Electronics,West,4,30411.99,0.12,107050.22,19399.2,UPI
ORD02452,2025-09-28,CUST4051,Smartphone,Electronics,West,2,29657.83,0.1,53384.09,6034.92,Cash
ORD02453,2024-08-17,CUST8194,Headphones,Electronics,West,1,2800.59,0.24,2128.45,253.77,Debit Card
ORD02454,2025-10-07,CUST8086,Headphones,Electronics,West,1,2804.9,0.09,2552.46,583.31,UPI
ORD02455,2025-08-20,CUST8735,Laptop,Electronics,South,4,71277.39,0.04,273705.17,45399.69,UPI
ORD02456,2024-10-24,CUST9174,Headphones,Electronics,North,4,2406.47,0.07,8952.08,631.78,Credit Card
ORD02457,2025-07-08,CUST9828,Monitor,Electronics,East,1,12782.28,0.06,12015.34,1347.79,Cash
ORD02458,2025-12-16,CUST1873,Smartwatch,Electronics,South,1,6780.11,0.12,5966.49,389.09,Cash
ORD02459,2024-10-07,CUST1020,Webcam,Accessories,North,2,3219.22,0.07,5987.76,965.38,UPI
ORD02460,2025-04-12,CUST6645,Monitor,Electronics,South,4,11434.45,0.13,39791.88,3368.53,UPI
ORD02461,2025-06-13,CUST6360,Mouse,Accessories,South,2,697.03,0.17,1157.07,256.2,Cash
ORD02462,2025-02-11,CUST7250,Keyboard,Accessories,West,1,1424.3,0.19,1153.68,190.89,Credit Card
ORD02463,2025-12-03,CUST5811,Headphones,Electronics,North,5,2470.56,0.18,10129.28,626.75,Net Banking
ORD02464,2024-08-10,CUST9731,Keyboard,Accessories,South,5,1704.97,0.05,8098.59,892.26,Credit Card
ORD02465,2024-01-15,CUST9048,Tablet,Electronics,East,1,20768.51,0.03,20145.45,3490.55,Net Banking
ORD02466,2025-11-24,CUST3980,Laptop,Electronics,West,4,72847.84,0.14,250596.58,29344.78,Cash
ORD02467,2025-06-29,CUST6733,Tablet,Electronics,East,5,20210.46,0.05,95999.71,14652.95,Cash
ORD02468,2024-06-28,CUST1241,Laptop,Electronics,North,4,58973.89,0.02,231177.66,53603.73,Cash
ORD02469,2024-01-02,CUST4053,Smartphone,Electronics,South,5,30170.96,0.13,131243.67,15750.18,Debit Card
ORD02470,2024-05-30,CUST1395,Keyboard,Accessories,East,4,1577.63,0.08,5805.68,680.28,Debit Card
ORD02471,2024-04-19,CUST6322,Laptop,Electronics,North,5,56114.48,0.19,227263.64,48623.37,Debit Card
ORD02472,2024-11-02,CUST5315,Printer,Office,West,4,9163.2,0.08,33720.57,3835.76,Cash
ORD02473,2025-01-31,CUST5514,Monitor,Electronics,,2,11840.46,0.24,17997.5,1180.49,UPI
ORD02474,2025-09-09,CUST4297,Laptop,Electronics,North,4,61704.58,0.19,199922.85,17231.15,Cash
ORD02475,2024-01-14,CUST6333,Laptop,Electronics,North,2,69146.11,0.01,136909.3,32825.38,Net Banking
ORD02476,2024-09-29,CUST3406,Monitor,Electronics,East,2,12040.18,0.13,20949.91,4957.98,Credit Card
ORD02477,2025-01-12,CUST9692,Keyboard,Accessories,South,1,1347.16,0.14,1158.56,110.02,Net Banking
ORD02478,2025-10-17,CUST4542,Keyboard,Accessories,North,2,1677.51,0.17,2784.67,447.5,Credit Card
ORD02479,2024-07-25,CUST8947,Monitor,Electronics,East,3,11254.46,0.12,29711.78,2301.88,Net Banking
ORD02480,2025-09-10,CUST9978,Tablet,Electronics,West,2,23525.47,0.12,41404.82,7657.22,Credit Card
ORD02481,2024-09-03,CUST3261,Printer,Office,East,4,10839.75,0.09,39456.68,3435.14,UPI
ORD02482,2025-01-21,CUST3539,Webcam,Accessories,East,2,3986.32,0.07,7414.55,444.56,Credit Card
ORD02483,2024-03-15,CUST9413,Mouse,Accessories,North,4,799.64,0.24,2430.91,522.6,Cash
ORD02484,2024-02-12,CUST2923,Printer,Office,West,4,10347.51,0.08,38078.82,4382.11,Net Banking
ORD02485,2024-05-12,CUST7412,Keyboard,Accessories,South,3,1425.69,0.02,4191.54,300.55,Debit Card
ORD02486,2025-03-06,CUST2107,Webcam,Accessories,East,2,3687.09,0.04,7079.21,1534.64,UPI
ORD02487,2025-03-11,CUST5838,Smartphone,Electronics,West,2,29670.45,0.21,46879.31,9492.1,Net Banking
ORD02488,2024-02-25,CUST7021,Headphones,Electronics,West,5,2453.24,0.15,10426.27,1947.12,UPI
ORD02489,2024-07-26,CUST3091,Laptop,Electronics,East,5,71931.62,0.19,291323.05,67659.7,Debit Card
ORD02490,2024-04-13,CUST2611,Monitor,Electronics,North,1,10380.61,0.2,8304.49,1227.78,Debit Card
ORD02491,2025-04-08,CUST6071,Monitor,Electronics,South,4,13375.06,0.21,42265.2,3195.73,Debit Card
ORD02492,2025-04-14,CUST4948,Laptop,Electronics,North,3,71865.36,0.14,185412.63,11545.51,Debit Card
ORD02493,2025-08-02,CUST9016,Headphones,Electronics,South,5,2504.77,0.04,12022.92,1366.86,Debit Card
ORD02494,2024-09-06,CUST1160,Mouse,Accessories,West,2,797.65,0.04,1531.49,103.17,Cash
ORD02495,2025-08-25,CUST5403,Headphones,Electronics,West,1,2396.36,0.14,2060.87,323.77,Credit Card
ORD02496,2025-02-06,CUST3386,Webcam,Accessories,North,3,4018.88,0.09,10971.55,580.39,Debit Card
ORD02497,2024-01-26,CUST1887,Headphones,Electronics,South,2,2208.38,0.14,3798.41,527.04,Net Banking
ORD02498,2025-12-19,CUST6769,Webcam,Accessories,East,2,3594.73,0.12,6326.72,542.15,Net Banking
ORD02499,2024-01-10,CUST7049,Headphones,Electronics,North,4,2636.26,0.15,8963.29,1108.34,Debit Card
ORD02500,2025-09-01,CUST1939,Mouse,Accessories,South,4,904.24,0.01,3580.79,662.47,UPI
ORD02501,2025-09-05,CUST4492,Mouse,Accessories,East,5,867.25,0.01,4292.88,515.97,Debit Card
ORD02502,2025-05-11,CUST3151,Keyboard,Accessories,East,5,1564.73,0.18,6415.4,758.74,Cash
ORD02503,2025-02-13,CUST9247,Laptop,Electronics,South,2,57527.84,0.05,109302.9,27123.53,Credit Card
ORD02504,2024-05-15,CUST9687,Mouse,Accessories,West,2,769.7,0.16,1293.09,250.55,Net Banking
ORD02505,2024-08-08,CUST2164,Webcam,Accessories,North,5,3120.78,0.14,13419.37,2050.11,Debit Card
ORD02506,2025-06-27,CUST5129,Mouse,Accessories,East,5,891.49,0.25,3343.09,554.54,Credit Card
ORD02507,2024-10-03,CUST6475,Keyboard,Accessories,West,2,1612.33,0.21,2547.48,443.35,Credit Card
ORD02508,2024-04-05,CUST9244,Monitor,Electronics,South,3,12927.13,0.1,34903.26,1916.72,Debit Card
ORD02509,2025-03-14,CUST4074,Webcam,Accessories,North,2,3659.87,0.15,6221.78,410.97,Credit Card
ORD02510,2025-05-22,CUST1329,Keyboard,Accessories,East,3,1503.17,0.03,4374.22,786.65,Net Banking
ORD02511,2025-11-18,CUST8786,Tablet,Electronics,West,3,19689.81,0.1,53162.48,6533.34,Debit Card
ORD02512,2025-09-06,CUST2669,Tablet,Electronics,South,2,20875.99,0.18,34236.62,2091.47,UPI
ORD02513,2024-07-05,CUST9340,Smartphone,Electronics,West,1,26732.24,0.16,22455.08,2458.89,Debit Card
ORD02514,2024-02-06,CUST4577,Headphones,Electronics,East,5,2668.68,0.12,11742.21,893.07,Net Banking
ORD02515,2024-07-28,CUST9324,Laptop,Electronics,North,4,58374.46,0.04,224157.93,52287.7,Debit Card
ORD02516,2025-02-18,CUST3306,Smartwatch,Electronics,North,2,7424.44,0.2,11879.1,1076.07,Debit Card
ORD02517,2024-05-10,CUST2299,Printer,Office,East,3,10576.77,0.07,29509.18,2323.5,Debit Card
ORD02518,2024-04-07,CUST8228,Keyboard,Accessories,North,2,1481.69,0.21,2341.07,410.23,Cash
ORD02519,2025-03-18,CUST8074,Monitor,Electronics,,5,10686.82,0.15,45419.0,7011.89,Cash
ORD02520,2025-06-28,CUST7290,Printer,Office,West,3,9444.4,0.09,25783.22,4259.04,Net Banking
ORD02521,2024-02-05,CUST5937,Monitor,Electronics,South,4,11352.34,0.01,44955.25,6167.39,Credit Card
ORD02522,2025-05-29,CUST1824,Printer,Office,East,4,10601.16,0.06,39860.34,5717.32,Debit Card
ORD02523,2025-10-04,CUST6785,Keyboard,Accessories,East,4,1326.18,0.22,4137.7,851.37,Debit Card
ORD02524,2024-08-07,CUST6957,Smartwatch,Electronics,West,1,7691.04,0.2,6152.84,578.27,Cash
ORD02525,2024-12-27,CUST5591,Printer,Office,West,3,10783.02,0.14,27820.2,3597.31,UPI
ORD02526,2025-11-24,CUST7766,Keyboard,Accessories,South,3,1358.84,0.12,3587.33,866.57,Cash
ORD02527,2024-01-28,CUST5697,Mouse,Accessories,North,1,852.6,0.16,716.18,63.02,Credit Card
ORD02528,2025-06-21,CUST9065,Smartwatch,Electronics,East,3,7353.88,0.12,19414.24,2111.39,Debit Card
ORD02529,2025-10-30,CUST8728,Webcam,Accessories,East,1,3760.53,0.16,3158.84,278.97,Debit Card
ORD02530,2025-06-05,CUST2439,Monitor,Electronics,South,2,10880.14,0.08,20019.46,1083.03,Net Banking
ORD02531,2024-04-18,CUST4987,Tablet,Electronics,West,5,19740.1,0.21,77973.38,8106.58,UPI
ORD02532,2025-08-30,CUST9956,Headphones,Electronics,West,4,2302.36,0.18,7551.75,447.77,Net Banking
ORD02533,2025-10-19,CUST6213,Tablet,Electronics,North,1,21114.75,0.08,19425.57,1572.25,UPI
ORD02534,2024-06-29,CUST3724,Smartwatch,Electronics,South,1,7616.7,0.21,6017.19,737.32,UPI
ORD02535,2024-07-28,CUST8788,Webcam,Accessories,East,1,3749.82,0.12,3299.84,178.67,UPI
ORD02536,2024-12-07,CUST4987,Monitor,Electronics,North,2,13531.63,0.04,25980.72,5211.51,UPI
ORD02537,2025-10-18,CUST1571,Webcam,Accessories,North,1,3036.56,0.02,2975.83,622.3,Net Banking
ORD02538,2024-02-18,CUST5649,Printer,Office,South,5,8534.67,0.17,35418.88,4685.31,Debit Card
ORD02539,2025-04-17,CUST2686,Monitor,Electronics,North,5,12716.9,0.22,49595.91,12246.88,Debit Card
ORD02540,2025-10-27,CUST9616,Printer,Office,East,4,9337.86,0.2,29881.16,5551.88,Net Banking
ORD02541,2024-11-24,CUST3632,Keyboard,Accessories,East,2,1425.34,0.16,2394.56,475.91,Cash
ORD02542,2025-07-09,CUST3586,Smartwatch,Electronics,East,5,7098.28,0.04,34071.76,3013.99,Credit Card
ORD02543,2024-08-23,CUST3221,Keyboard,Accessories,West,3,1321.09,0.02,3883.99,844.72,UPI
ORD02544,2025-03-16,CUST2648,Smartphone,Electronics,North,3,31284.25,0.09,85406.0,20412.83,Net Banking
ORD02545,2024-04-30,CUST1762,Webcam,Accessories,North,3,3316.4,0.21,7859.88,764.47,UPI
ORD02546,2024-09-04,CUST5042,Printer,Office,East,1,10398.15,0.24,7902.59,1480.1,UPI
ORD02547,2025-06-02,CUST2192,Mouse,Accessories,West,1,880.16,0.06,827.35,164.96,UPI
ORD02548,2024-01-20,CUST5680,Keyboard,Accessories,South,3,1352.0,0.19,3285.36,364.79,Net Banking
ORD02549,2025-11-26,CUST1781,Smartphone,Electronics,East,4,33877.86,0.14,116539.83,16898.49,Debit Card
ORD02550,2025-05-17,CUST3026,Laptop,Electronics,South,4,65598.42,0.01,259769.74,18056.03,Cash
ORD02551,2024-12-29,CUST3626,Tablet,Electronics,East,1,24791.32,0.14,21320.54,1804.12,Cash
ORD02552,2025-05-03,CUST4993,Monitor,Electronics,South,3,10947.83,0.2,26274.79,1637.29,Net Banking
ORD02553,2024-07-18,CUST7914,Smartphone,Electronics,West,4,30941.06,0.07,115100.76,18650.13,Credit Card
ORD02554,2025-02-06,CUST9621,Smartwatch,Electronics,South,1,6798.16,0.22,5302.57,928.23,Cash
ORD02555,2024-09-01,CUST1952,Keyboard,Accessories,North,3,1623.4,0.06,4577.99,1067.7,Cash
ORD02556,2025-04-27,CUST8903,Smartwatch,Electronics,South,2,7222.41,0.02,14155.92,2242.82,UPI
ORD02557,2025-07-29,CUST8949,Tablet,Electronics,West,3,21963.8,0.04,63255.75,6459.82,Net Banking
ORD02558,2025-10-26,CUST3695,Mouse,Accessories,North,3,899.12,0.21,2130.91,131.89,Debit Card
ORD02559,2024-01-17,CUST4511,Webcam,Accessories,East,5,3370.97,0.1,15169.38,3443.31,Net Banking
ORD02560,2024-02-08,CUST4969,Webcam,Accessories,South,5,3205.98,0.2,12823.92,1869.36,Net Banking
ORD02561,2025-10-26,CUST5467,Smartwatch,Electronics,West,2,7227.01,0.13,12575.0,2483.12,Cash
ORD02562,2024-10-21,CUST1286,Printer,Office,West,2,10372.09,0.12,18254.87,966.23,UPI
ORD02563,2024-02-08,CUST4162,Mouse,Accessories,South,3,785.38,0.2,1884.92,278.27,Net Banking
ORD02564,2024-07-05,CUST3594,Webcam,Accessories,West,4,3485.94,0.11,12409.95,1428.94,Debit Card
ORD02565,2024-11-04,CUST6693,Mouse,Accessories,East,2,910.29,0.2,1456.47,81.66,UPI
ORD02566,2024-12-27,CUST7295,Smartphone,Electronics,West,3,32094.17,0.03,93394.04,19158.35,UPI
ORD02567,2025-04-06,CUST5672,Mouse,Accessories,East,1,706.54,0.16,593.5,90.56,Debit Card
ORD02568,2025-10-30,CUST7763,Headphones,Electronics,South,5,2284.1,0.18,9364.8,1092.27,Debit Card
ORD02569,2024-08-18,CUST1855,Tablet,Electronics,West,4,25138.81,0.22,78433.07,16561.9,Debit Card
ORD02570,2025-12-06,CUST6920,Webcam,Accessories,South,3,3737.79,0.06,10540.56,1469.19,Net Banking
ORD02571,2024-09-06,CUST8577,Mouse,Accessories,North,1,899.61,0.15,764.67,38.77,UPI
ORD02572,2024-01-02,CUST8524,Smartwatch,Electronics,North,5,6588.11,0.11,29317.09,7003.54,UPI
ORD02573,2025-04-19,CUST7201,Laptop,Electronics,South,1,69716.4,0.1,62744.76,6345.79,Credit Card
ORD02574,2025-10-14,CUST5581,Headphones,Electronics,South,3,2660.5,0.03,7742.06,1673.18,Credit Card
ORD02575,2024-06-30,CUST2140,Headphones,Electronics,East,2,2346.02,0.03,4551.27,970.71,Credit Card
ORD02576,2024-01-02,CUST7385,Printer,Office,East,5,10152.45,0.21,40102.17,3307.42,Net Banking
ORD02577,2024-06-18,CUST8397,Mouse,Accessories,North,1,830.58,0.19,672.77,97.42,Net Banking
ORD02578,2024-09-26,CUST1842,Printer,Office,West,2,9943.4,0.1,17898.11,1038.8,Debit Card
ORD02579,2024-11-02,CUST4836,Printer,Office,North,4,10981.54,0.21,34701.65,4195.79,Net Banking
ORD02580,2024-02-18,CUST9904,Laptop,Electronics,West,3,71490.95,0.02,210183.38,41237.09,UPI
ORD02581,2025-02-25,CUST9418,Smartphone,Electronics,East,3,33155.4,0.16,83551.62,8139.09,UPI
ORD02582,2024-10-11,CUST3616,Mouse,Accessories,East,5,872.82,0.22,3404.0,249.94,Cash
ORD02583,2025-01-14,CUST2605,Keyboard,Accessories,East,1,1494.64,0.21,1180.76,178.8,Cash
ORD02584,2025-05-18,CUST4831,Webcam,Accessories,West,4,3375.51,0.09,12286.86,1933.92,Net Banking
ORD02585,2025-07-09,CUST3632,Printer,Office,East,5,10994.13,0.19,44526.22,8244.73,Cash
ORD02586,2025-07-25,CUST9958,Tablet,Electronics,West,5,21935.33,0.11,97612.22,19700.83,Net Banking
ORD02587,2024-07-17,CUST5871,Monitor,Electronics,West,1,11086.94,0.21,8758.68,1656.81,Debit Card
ORD02588,2024-04-18,CUST7746,Tablet,Electronics,West,4,22048.47,0.13,76728.67,16809.9,Debit Card
ORD02589,2024-03-05,CUST7642,Laptop,Electronics,West,1,58016.07,0.19,46993.02,4444.66,Cash
ORD02590,2025-11-15,CUST6591,Laptop,Electronics,East,3,68736.78,0.02,202086.12,33132.7,Net Banking
ORD02591,2024-12-18,CUST9943,Smartwatch,Electronics,East,2,6655.43,0.15,11314.24,1380.55,Cash
ORD02592,2024-04-07,CUST9713,Smartphone,Electronics,North,3,27845.93,0.14,71842.5,17416.24,UPI
ORD02593,2024-05-08,CUST6003,Webcam,Accessories,East,3,3979.33,0.15,10147.3,1400.89,Net Banking
ORD02594,2024-09-24,CUST8324,Printer,Office,West,5,10830.64,0.17,44947.17,10874.64,Credit Card
ORD02595,2025-02-12,CUST9453,Tablet,Electronics,South,3,23894.66,0.23,55196.66,11249.8,UPI
ORD02596,2024-03-27,CUST9692,Monitor,Electronics,West,4,12445.4,0.2,39825.28,7713.87,Net Banking
ORD02597,2025-08-23,CUST9032,Laptop,Electronics,South,3,71613.87,0.05,204099.53,30270.56,Cash
ORD02598,2025-01-28,CUST8191,Laptop,Electronics,West,4,70053.67,0.21,221369.59,30698.57,Cash
ORD02599,2025-03-25,CUST9018,Smartphone,Electronics,South,1,30888.96,0.03,29962.29,4653.43,Cash
ORD02600,2025-04-15,CUST1580,Monitor,Electronics,South,5,13660.05,0.16,57372.2,6237.89,Net Banking
ORD02601,2025-10-03,CUST6269,Monitor,Electronics,North,4,10889.74,0.22,33975.99,7845.12,Cash
ORD02602,2025-10-05,CUST2851,Smartphone,Electronics,South,3,33990.42,0.03,98912.11,20659.39,Net Banking
ORD02603,2024-04-19,CUST6909,Laptop,Electronics,North,5,63078.04,0.21,249158.27,52392.8,Net Banking
ORD02604,2024-10-20,CUST3139,Webcam,Accessories,West,5,3529.82,0.2,14119.28,1929.13,Cash
ORD02605,2024-08-02,CUST3192,Mouse,Accessories,West,4,709.46,0.13,2468.91,158.55,Debit Card
ORD02606,2024-11-07,CUST6982,Mouse,Accessories,South,4,809.63,0.08,2979.42,556.01,Debit Card
ORD02607,2024-07-22,CUST3222,Smartphone,Electronics,West,2,31000.86,0.1,55801.55,6968.65,UPI
ORD02608,2025-03-03,CUST4216,Monitor,Electronics,East,2,13791.73,0.24,20963.42,4697.61,Net Banking
ORD02609,2025-06-19,CUST5798,Printer,Office,East,5,11425.58,0.05,54271.49,11183.6,Cash
ORD02610,2024-04-02,CUST7278,Smartphone,Electronics,East,2,34197.58,0.14,58819.83,4650.63,Cash
ORD02611,2025-11-11,CUST1540,Webcam,Accessories,West,3,3340.81,0.02,9821.97,1673.11,Cash
ORD02612,2024-01-28,CUST5332,Smartphone,Electronics,East,1,34421.4,0.05,32700.33,6162.14,Debit Card
ORD02613,2024-11-13,CUST2735,Headphones,Electronics,North,5,2466.61,0.19,9989.76,1634.6,Credit Card
ORD02614,2025-02-02,CUST4943,Tablet,Electronics,West,1,24322.12,0.08,22376.35,3419.29,Net Banking
ORD02615,2025-12-02,CUST8951,Monitor,Electronics,East,2,10978.75,0.25,16468.13,1573.9,UPI
ORD02616,2024-09-22,CUST6706,Smartwatch,Electronics,West,4,7012.25,0.13,24402.63,2371.48,UPI
ORD02617,2024-10-11,CUST6818,Smartwatch,Electronics,East,5,7978.63,0.13,34707.02,7066.41,UPI
ORD02618,2024-03-03,CUST6160,Monitor,Electronics,North,2,13609.31,0.01,26946.44,1448.05,Net Banking
ORD02619,2025-08-21,CUST7602,Webcam,Accessories,South,3,3692.92,0.24,8419.86,1732.66,Net Banking
ORD02620,2025-06-02,CUST7121,Headphones,Electronics,North,5,2723.36,0.04,13072.13,2030.88,UPI
ORD02621,2025-10-28,CUST8909,Headphones,Electronics,South,5,2257.32,0.13,9819.34,2329.59,UPI
ORD02622,2024-01-20,CUST5719,Laptop,Electronics,East,4,69322.34,0.1,249560.43,62256.42,Cash
ORD02623,2024-12-13,CUST6592,Tablet,Electronics,North,5,22779.14,0.1,102506.11,18727.55,Credit Card
ORD02624,2024-02-19,CUST3105,Mouse,Accessories,South,4,701.97,0.16,2358.63,312.4,Debit Card
ORD02625,2024-07-07,CUST7828,Keyboard,Accessories,North,2,1325.92,0.17,2201.03,319.19,Net Banking
ORD02626,2024-03-07,CUST8655,Webcam,Accessories,West,3,3088.87,0.04,8895.93,808.13,Credit Card
ORD02627,2024-12-30,CUST5044,Keyboard,Accessories,South,3,1600.96,0.12,4226.54,295.21,UPI
ORD02628,2024-07-20,CUST5275,Keyboard,Accessories,East,5,1338.77,0.2,5355.09,887.62,UPI
ORD02629,2024-04-08,CUST1027,Monitor,Electronics,West,5,11883.84,0.11,52883.07,11163.56,UPI
ORD02630,2025-10-22,CUST3947,Smartwatch,Electronics,East,2,6699.66,0.04,12863.35,1316.61,UPI
ORD02631,2024-06-08,CUST8905,Smartwatch,Electronics,East,4,7106.06,0.08,26150.3,3502.32,Cash
ORD02632,2025-11-08,CUST6874,Mouse,Accessories,West,3,849.55,0.05,2421.23,389.71,Net Banking
ORD02633,2024-01-28,CUST3038,Monitor,Electronics,South,4,12665.0,0.03,49140.2,11379.87,UPI
ORD02634,2025-04-10,CUST7963,Keyboard,Accessories,West,2,1506.98,0.09,2742.71,213.18,UPI
ORD02635,2025-11-30,CUST6896,Printer,Office,East,3,9893.0,0.14,25523.95,2485.44,Net Banking
ORD02636,2024-07-16,CUST2809,Smartwatch,Electronics,North,3,6785.41,0.02,19949.11,4662.23,Debit Card
ORD02637,2024-07-27,CUST9897,Webcam,Accessories,South,1,3880.01,0.15,3298.0,190.98,Cash
ORD02638,2025-03-12,CUST2703,Webcam,Accessories,North,2,3322.39,0.25,4983.59,903.14,Cash
ORD02639,2024-09-22,CUST4093,Laptop,Electronics,South,2,60307.63,0.24,91667.6,16308.14,Credit Card
ORD02640,2025-05-05,CUST8268,Smartphone,Electronics,South,1,32189.84,0.21,25429.97,3220.73,Cash
ORD02641,2025-02-12,CUST4247,Printer,Office,North,4,9579.29,0.07,35634.96,5118.35,Credit Card
ORD02642,2024-09-13,CUST1271,Smartwatch,Electronics,East,1,7728.7,0.01,7651.41,1690.84,Debit Card
ORD02643,2024-12-01,CUST6168,Headphones,Electronics,West,2,2370.92,0.21,3746.05,310.91,Net Banking
ORD02644,2024-08-20,CUST7137,Smartwatch,Electronics,North,4,7424.08,0.01,29399.37,2831.56,UPI
ORD02645,2025-12-16,CUST8780,Laptop,Electronics,East,3,56129.63,0.05,159969.43,24390.55,Credit Card
ORD02646,2024-03-13,CUST7718,Webcam,Accessories,North,1,3379.84,0.14,2906.66,383.53,Cash
ORD02647,2024-01-13,CUST3892,Keyboard,Accessories,West,4,1429.45,0.04,5489.1,905.01,UPI
ORD02648,2025-08-05,CUST2967,Headphones,Electronics,West,4,2737.51,0.21,8650.53,2025.68,Debit Card
ORD02649,2025-05-19,CUST5814,Monitor,Electronics,South,4,13681.4,0.19,44327.73,10347.0,Net Banking
ORD02650,2024-01-01,CUST4805,Tablet,Electronics,North,1,21741.82,0.19,17610.87,1690.71,Credit Card
ORD02651,2024-06-07,CUST7497,Keyboard,Accessories,North,3,1646.18,0.2,3950.82,436.29,Cash
ORD02652,2025-05-23,CUST2567,Tablet,Electronics,South,4,23317.99,0.05,88608.34,7302.54,UPI
ORD02653,2025-04-27,CUST9555,Printer,Office,East,1,11402.16,0.18,9349.77,2202.41,UPI
ORD02654,2024-08-03,CUST6782,Smartphone,Electronics,East,2,32799.98,0.09,59695.96,7734.97,UPI
ORD02655,2024-07-13,CUST5681,Headphones,Electronics,South,1,2183.11,0.17,1811.98,253.57,Net Banking
ORD02656,2024-11-07,CUST6396,Mouse,Accessories,East,1,851.19,0.03,825.65,173.82,Credit Card
ORD02657,2025-02-06,CUST1202,Headphones,Electronics,East,1,2526.62,0.18,2071.83,316.15,Net Banking
ORD02658,2024-01-04,CUST2931,Smartwatch,Electronics,East,4,5984.52,0.24,18192.93,1345.39,Cash
ORD02659,2025-06-25,CUST8088,Webcam,Accessories,South,1,3238.88,0.01,3206.49,441.12,Credit Card
ORD02660,2024-04-15,CUST9806,Smartwatch,Electronics,West,2,7885.69,0.02,15455.94,2721.87,Debit Card
ORD02661,2024-05-01,CUST5270,Smartwatch,Electronics,South,4,7894.73,0.03,30631.55,5937.67,Debit Card
ORD02662,2025-12-08,CUST6372,Printer,Office,North,2,10896.55,0.11,19395.86,3473.22,Net Banking
ORD02663,2025-12-15,CUST4437,Keyboard,Accessories,North,5,1716.8,0.07,7983.12,589.44,Net Banking
ORD02664,2024-09-23,CUST2177,Mouse,Accessories,North,1,873.57,0.2,698.86,77.48,Net Banking
ORD02665,2024-08-28,CUST8823,Mouse,Accessories,East,4,682.45,0.12,2402.22,472.55,Debit Card
ORD02666,2024-02-22,CUST3993,Smartwatch,Electronics,North,4,6554.45,0.12,23071.67,5215.08,Debit Card
ORD02667,2024-05-03,CUST3412,Tablet,Electronics,East,1,18902.12,0.18,15499.74,921.26,Credit Card
ORD02668,2024-03-28,CUST4772,Printer,Office,East,3,8782.32,0.09,23975.74,1401.28,Credit Card
ORD02669,2024-11-05,CUST6795,Smartwatch,Electronics,East,3,6409.57,0.09,17498.11,3126.58,Net Banking
ORD02670,2025-07-10,CUST8508,Smartphone,Electronics,North,2,30032.03,0.19,48651.88,7765.29,UPI
ORD02671,2025-07-29,CUST9457,Webcam,Accessories,North,1,3864.91,0.2,3091.93,250.66,Credit Card
ORD02672,2025-11-28,CUST7318,Keyboard,Accessories,North,1,1662.89,0.0,1662.89,265.49,Debit Card
ORD02673,2024-01-13,CUST8851,Monitor,Electronics,East,5,12418.33,0.04,59607.97,14597.84,Cash
ORD02674,2024-07-27,CUST1507,Smartphone,Electronics,East,3,33853.58,0.05,96482.71,16998.33,UPI
ORD02675,2025-03-10,CUST2387,Tablet,Electronics,West,3,22000.41,0.09,60061.12,8398.24,Debit Card
ORD02676,2024-02-21,CUST5029,Headphones,Electronics,West,1,2791.78,0.07,2596.35,559.53,UPI
ORD02677,2024-04-16,CUST1250,Headphones,Electronics,South,2,2465.55,0.17,4092.81,378.85,Cash
ORD02678,2025-06-04,CUST3566,Smartphone,Electronics,South,1,27995.03,0.21,22116.07,2938.46,Net Banking
ORD02679,2025-09-15,CUST9677,Smartwatch,Electronics,East,2,7874.47,0.05,14961.49,2327.31,UPI
ORD02680,2024-04-29,CUST1196,Monitor,Electronics,South,3,11596.57,0.14,29919.14,4515.04,Cash
ORD02681,2024-03-07,CUST2298,Laptop,Electronics,West,5,65066.38,0.09,296052.03,69333.76,Cash
ORD02682,2024-03-22,CUST6485,Laptop,Electronics,West,4,61662.78,0.13,214586.48,23289.85,UPI
ORD02683,2025-12-14,CUST6205,Tablet,Electronics,East,3,23074.73,0.16,58148.31,3564.53,UPI
ORD02684,2025-11-27,CUST3196,Smartwatch,Electronics,South,2,8039.57,0.22,12541.72,2925.68,UPI
ORD02685,2025-10-30,CUST2361,Mouse,Accessories,East,1,686.12,0.05,651.82,60.89,UPI
ORD02686,2025-09-19,CUST3661,Mouse,Accessories,South,3,895.96,0.02,2634.13,331.39,Net Banking
ORD02687,2024-04-23,CUST7692,Keyboard,Accessories,East,5,1276.77,0.16,5362.42,837.49,Debit Card
ORD02688,2025-10-06,CUST2944,Monitor,Electronics,West,2,11511.22,0.1,20720.2,5080.1,Credit Card
ORD02689,2025-09-14,CUST2062,Monitor,Electronics,North,1,10806.98,0.04,10374.71,1629.39,Net Banking
ORD02690,2025-03-29,CUST2229,Headphones,Electronics,South,4,2693.01,0.03,10448.86,1458.13,UPI
ORD02691,2024-08-19,CUST9417,Printer,Office,East,2,8651.83,0.14,14881.15,2481.1,Cash
ORD02692,2025-07-24,CUST3485,Tablet,Electronics,West,1,22353.0,0.08,20564.76,5021.13,Net Banking
ORD02693,2025-07-15,CUST8262,Laptop,Electronics,West,4,61001.06,0.25,183003.18,39087.45,Credit Card
ORD02694,2024-11-11,CUST2456,Tablet,Electronics,West,1,19582.22,0.1,17624.0,1476.78,Credit Card
ORD02695,2025-04-19,CUST9193,Mouse,Accessories,North,4,865.24,0.05,3287.9,692.6,Net Banking
ORD02696,2025-01-05,CUST2534,Mouse,Accessories,East,4,732.18,0.16,2460.12,536.85,Cash
ORD02697,2025-09-06,CUST9494,Smartphone,Electronics,North,4,27513.08,0.06,103449.17,19462.8,Cash
ORD02698,2025-10-25,CUST5582,Keyboard,Accessories,East,1,1398.78,0.12,1230.93,223.35,Cash
ORD02699,2025-06-16,CUST3658,Monitor,Electronics,West,4,12312.36,0.12,43339.51,5988.45,Debit Card
ORD02700,2024-09-14,CUST9581,Webcam,Accessories,East,2,3667.65,0.11,6528.42,1164.27,Cash
ORD02701,2025-12-23,CUST7873,Tablet,Electronics,West,5,18816.18,0.2,75264.71,14865.91,Credit Card
ORD02702,2025-03-04,CUST3559,Mouse,Accessories,East,5,738.05,0.05,3505.73,261.4,UPI
ORD02703,2025-05-14,CUST7953,Printer,Office,South,4,9792.91,0.23,30162.17,3060.43,UPI
ORD02704,2025-08-16,CUST1989,Headphones,Electronics,North,5,2373.98,0.2,9495.93,843.39,Credit Card
ORD02705,2024-01-10,CUST3631,Laptop,Electronics,North,5,72491.33,0.08,333460.11,72775.12,Cash
ORD02706,2025-11-07,CUST6344,Keyboard,Accessories,North,4,1629.47,0.05,6191.98,1151.71,UPI
ORD02707,2025-10-24,CUST3697,Printer,Office,South,4,10377.67,0.07,38604.93,5410.7,Credit Card
ORD02708,2025-11-15,CUST4183,Keyboard,Accessories,South,2,1427.12,0.08,2625.9,565.12,Cash
ORD02709,2025-02-28,CUST1739,Smartphone,Electronics,West,3,31806.05,0.14,82059.61,15866.74,Debit Card
ORD02710,2025-07-30,CUST8912,Webcam,Accessories,West,1,3860.82,0.01,3822.21,889.5,UPI
ORD02711,2025-05-26,CUST1502,Mouse,Accessories,North,4,822.76,0.23,2534.1,165.63,Cash
ORD02712,2024-11-12,CUST6681,Headphones,Electronics,South,4,2713.35,0.02,10636.32,1614.93,Cash
ORD02713,2025-09-21,CUST4819,Printer,Office,South,5,10747.31,0.07,49975.01,9562.7,UPI
ORD02714,2024-05-13,CUST6831,Keyboard,Accessories,North,2,1532.28,0.03,2972.63,271.99,Cash
ORD02715,2024-01-18,CUST7852,Monitor,Electronics,East,5,11323.86,0.06,53222.14,6143.18,Net Banking
ORD02716,2024-12-12,CUST8680,Smartphone,Electronics,West,4,32212.04,0.21,101790.04,13619.02,Net Banking
ORD02717,2025-01-02,CUST7594,Monitor,Electronics,West,4,10944.47,0.15,37211.19,7772.12,Debit Card
ORD02718,2024-06-16,CUST9474,Headphones,Electronics,East,5,2709.62,0.06,12735.2,1893.92,Credit Card
ORD02719,2024-01-17,CUST9380,Printer,Office,North,4,10913.64,0.22,34050.56,5059.03,Net Banking
ORD02720,2025-06-05,CUST5220,Smartphone,Electronics,South,3,32899.3,0.2,78958.33,10752.35,Net Banking
ORD02721,2025-05-21,CUST4759,Printer,Office,West,1,9918.75,0.19,8034.19,769.01,Debit Card
ORD02722,2025-04-18,CUST2814,Mouse,Accessories,South,1,726.2,0.21,573.69,134.6,Net Banking
ORD02723,2025-06-26,CUST1939,Smartwatch,Electronics,North,1,6159.42,0.15,5235.51,594.55,Net Banking
ORD02724,2025-12-27,CUST6031,Smartphone,Electronics,North,3,32190.25,0.13,84016.56,13736.13,UPI
ORD02725,2024-11-01,CUST8050,Monitor,Electronics,West,4,13390.54,0.09,48741.57,3887.43,Debit Card
ORD02726,2025-01-13,CUST7794,Headphones,Electronics,North,5,2613.13,0.06,12281.71,1680.74,Cash
ORD02727,2024-12-05,CUST4939,Webcam,Accessories,North,2,3126.37,0.14,5377.35,1240.88,Cash
ORD02728,2024-05-30,CUST3661,Mouse,Accessories,South,4,904.38,0.22,2821.65,702.85,Credit Card
ORD02729,2024-02-14,CUST2979,Smartwatch,Electronics,East,3,8027.11,0.15,20469.14,2504.41,Credit Card
ORD02730,2024-07-25,CUST4382,Webcam,Accessories,North,3,3430.05,0.23,7923.41,640.2,Net Banking
ORD02731,2025-02-25,CUST9599,Laptop,Electronics,West,1,66849.09,0.09,60832.67,6867.42,Net Banking
ORD02732,2024-05-18,CUST9464,Mouse,Accessories,West,4,866.53,0.17,2876.9,332.13,Cash
ORD02733,2025-01-26,CUST3914,Headphones,Electronics,South,1,2677.29,0.16,2248.93,402.34,Debit Card
ORD02734,2025-01-18,CUST2035,Keyboard,Accessories,North,2,1710.5,0.17,2839.44,423.73,UPI
ORD02735,2025-12-26,CUST6262,Smartphone,Electronics,East,1,26533.95,0.16,22288.52,4539.99,Credit Card
ORD02736,2025-11-04,CUST2190,Printer,Office,North,2,10242.17,0.06,19255.29,3663.52,Net Banking
ORD02737,2025-03-24,CUST1268,Headphones,Electronics,West,3,2643.95,0.04,7614.57,763.45,Credit Card
ORD02738,2024-07-21,CUST3141,Smartphone,Electronics,South,1,33510.89,0.24,25468.27,5268.14,Cash
ORD02739,2024-01-10,CUST3153,Webcam,Accessories,North,1,3892.82,0.01,3853.89,845.9,Debit Card
ORD02740,2024-12-15,CUST6906,Printer,Office,East,5,11434.0,0.12,50309.6,8536.43,Cash
ORD02741,2024-03-16,CUST2736,Tablet,Electronics,South,3,22079.72,0.11,58952.85,13885.37,UPI
ORD02742,2024-08-04,CUST2336,Monitor,Electronics,South,5,13190.74,0.09,60017.86,12399.07,Debit Card
ORD02743,2024-10-18,CUST5155,Laptop,Electronics,West,2,63581.99,0.2,101731.19,17200.63,UPI
ORD02744,2024-01-04,CUST1695,Mouse,Accessories,West,2,781.36,0.19,1265.8,292.69,UPI
ORD02745,2025-01-12,CUST2432,Headphones,Electronics,East,3,2315.01,0.23,5347.68,909.49,Debit Card
ORD02746,2025-10-22,CUST2383,Laptop,Electronics,West,2,71205.63,0.1,128170.13,19768.73,UPI
ORD02747,2025-12-01,CUST4971,Keyboard,Accessories,North,3,1718.62,0.14,4434.03,537.63,Credit Card
ORD02748,2025-08-28,CUST6043,Smartphone,Electronics,North,2,27807.08,0.22,43379.04,9828.5,Net Banking
ORD02749,2024-02-07,CUST4710,Smartphone,Electronics,South,4,26005.18,0.25,78015.55,5815.7,Debit Card
ORD02750,2025-08-10,CUST8268,Headphones,Electronics,East,1,2736.66,0.24,2079.86,300.96,Cash
ORD02751,2024-10-21,CUST4651,Smartwatch,Electronics,West,4,7252.48,0.18,23788.14,3746.22,Cash
ORD02752,2024-03-29,CUST9939,Smartwatch,Electronics,South,3,7965.37,0.04,22940.26,3692.23,Net Banking
ORD02753,2024-10-01,CUST4179,Tablet,Electronics,South,3,20364.78,0.01,60483.39,10909.87,Cash
ORD02754,2025-05-28,CUST9108,Monitor,Electronics,East,4,10455.7,0.21,33040.01,4994.3,Net Banking
ORD02755,2024-05-29,CUST3696,Printer,Office,West,1,9977.33,0.21,7882.09,798.96,Credit Card
ORD02756,2025-08-28,CUST1376,Keyboard,Accessories,East,1,1313.46,0.19,1063.9,235.54,Cash
ORD02757,2024-11-08,CUST9578,Laptop,Electronics,East,5,60354.91,0.07,280650.31,50939.45,Cash
ORD02758,2024-04-09,CUST5325,Smartwatch,Electronics,West,2,6214.55,0.16,10440.45,2314.0,Credit Card
ORD02759,2024-09-15,CUST5049,Tablet,Electronics,North,5,20179.27,0.08,92824.65,9765.96,Cash
ORD02760,2024-10-05,CUST3422,Tablet,Electronics,South,1,19400.55,0.11,17266.49,3063.27,Cash
ORD02761,2024-01-04,CUST3285,Headphones,Electronics,South,4,2840.43,0.1,10225.55,1971.84,Credit Card
ORD02762,2025-02-15,CUST5062,Keyboard,Accessories,North,2,1400.35,0.23,2156.54,273.19,Credit Card
ORD02763,2025-08-12,CUST7390,Webcam,Accessories,East,4,3441.09,0.06,12938.51,2748.77,Credit Card
ORD02764,2025-12-10,CUST9577,Printer,Office,North,5,11195.84,0.14,48142.09,2431.26,Cash
ORD02765,2024-11-21,CUST2061,Monitor,Electronics,South,3,12638.36,0.09,34502.72,5830.41,Net Banking
ORD02766,2025-11-07,CUST8411,Mouse,Accessories,West,4,828.33,0.17,2750.05,474.97,Net Banking
ORD02767,2025-06-02,CUST9710,Headphones,Electronics,West,5,2654.17,0.14,11412.94,1789.19,Debit Card
ORD02768,2024-01-01,CUST8561,Printer,Office,North,5,10986.47,0.23,42297.9,7444.84,Debit Card
ORD02769,2025-08-22,CUST2100,Mouse,Accessories,South,5,890.64,0.03,4319.61,360.45,Cash
ORD02770,2025-02-21,CUST5132,Mouse,Accessories,North,3,834.23,0.06,2352.54,439.82,Cash
ORD02771,2024-06-28,CUST5504,Keyboard,Accessories,North,3,1675.5,0.19,4071.47,477.0,Net Banking
ORD02772,2024-01-10,CUST4649,Keyboard,Accessories,South,3,1515.93,0.09,4138.49,581.09,UPI
ORD02773,2025-01-09,CUST1843,Laptop,Electronics,West,2,60657.17,0.04,116461.77,13581.99,Debit Card
ORD02774,2025-10-07,CUST7967,Tablet,Electronics,South,3,24508.51,0.13,63967.2,9261.63,Net Banking
ORD02775,2025-03-27,CUST6582,Printer,Office,North,3,10124.42,0.16,25513.53,4447.36,Cash
ORD02776,2024-04-19,CUST5649,Headphones,Electronics,North,3,2804.6,0.01,8329.67,1813.11,Debit Card
ORD02777,2024-05-04,CUST7192,Smartphone,Electronics,West,4,25861.51,0.07,96204.82,14112.0,Debit Card
ORD02778,2025-03-07,CUST4142,Headphones,Electronics,North,3,2423.14,0.2,5815.53,666.72,Debit Card
ORD02779,2025-12-19,CUST1245,Laptop,Electronics,North,2,73732.2,0.13,128294.02,18934.71,Cash
ORD02780,2024-10-27,CUST6110,Monitor,Electronics,West,5,11098.74,0.01,54938.76,10315.34,Net Banking
ORD02781,2025-10-13,CUST7019,Tablet,Electronics,South,4,24914.14,0.07,92680.6,11060.52,UPI
ORD02782,2024-04-12,CUST6967,Smartphone,Electronics,East,1,34085.12,0.16,28631.5,3803.88,Cash
ORD02783,2025-09-14,CUST9533,Smartwatch,Electronics,South,3,7802.5,0.05,22237.12,3615.04,Debit Card
ORD02784,2024-03-10,CUST7210,Monitor,Electronics,East,5,12229.2,0.21,48305.36,5255.71,Credit Card
ORD02785,2024-04-19,CUST9917,Keyboard,Accessories,South,5,1566.12,0.17,6499.41,596.76,Net Banking
ORD02786,2024-08-11,CUST7067,Mouse,Accessories,West,4,888.71,0.12,3128.25,244.25,Cash
ORD02787,2024-08-11,CUST3886,Smartwatch,Electronics,West,1,7579.38,0.23,5836.13,703.38,Debit Card
ORD02788,2025-12-31,CUST5152,Headphones,Electronics,West,2,2597.57,0.1,4675.63,278.99,UPI
ORD02789,2025-09-22,CUST2309,Headphones,Electronics,East,5,2861.69,0.06,13449.96,2242.06,Debit Card
ORD02790,2024-08-01,CUST8622,Keyboard,Accessories,South,5,1583.55,0.17,6571.75,559.79,Debit Card
ORD02791,2025-07-01,CUST5288,Laptop,Electronics,West,5,74271.9,0.14,319369.17,40074.11,Cash
ORD02792,2024-12-08,CUST7769,Printer,Office,East,5,8672.17,0.08,39891.96,4142.56,UPI
ORD02793,2024-12-22,CUST1666,Smartwatch,Electronics,West,4,6241.82,0.09,22720.21,4000.53,Credit Card
ORD02794,2025-03-14,CUST1585,Smartwatch,Electronics,North,1,6898.06,0.1,6208.26,1366.25,Cash
ORD02795,2024-09-12,CUST1353,Webcam,Accessories,North,5,3379.12,0.07,15712.92,2775.85,Net Banking
ORD02796,2025-10-28,CUST3614,Monitor,Electronics,West,2,13017.85,0.18,21349.27,3383.88,UPI
ORD02797,2025-04-26,CUST8637,Tablet,Electronics,East,2,19760.05,0.16,33196.89,6102.14,Credit Card
ORD02798,2025-02-07,CUST4097,Monitor,Electronics,North,3,13713.94,0.11,36616.23,2050.44,Credit Card
ORD02799,2024-02-11,CUST9235,Printer,Office,West,5,9445.2,0.1,42503.39,3169.43,UPI
ORD02800,2025-01-22,CUST3895,Headphones,Electronics,West,5,2446.69,0.09,11132.45,767.98,Net Banking
ORD02801,2024-01-29,CUST9715,Headphones,Electronics,East,5,2331.06,0.07,10839.42,754.85,Debit Card
ORD02802,2025-11-25,CUST8255,Headphones,Electronics,East,5,2559.52,0.02,12541.66,1280.46,Cash
ORD02803,2024-07-21,CUST7794,Webcam,Accessories,North,5,3036.56,0.07,14120.0,2208.52,Net Banking
ORD02804,2025-07-14,CUST9849,Headphones,Electronics,West,2,2237.26,0.08,4116.55,300.25,Credit Card
ORD02805,2024-11-22,CUST8843,Printer,Office,North,1,10737.39,0.14,9234.16,2188.71,Net Banking
ORD02806,2024-02-23,CUST3386,Keyboard,Accessories,South,1,1358.93,0.19,1100.73,243.1,Debit Card
ORD02807,2025-05-04,CUST6445,Tablet,Electronics,West,3,20254.4,0.1,54686.87,13361.58,Net Banking
ORD02808,2025-02-20,CUST7742,Printer,Office,East,2,10878.95,0.24,16536.0,967.36,Net Banking
ORD02809,2024-12-25,CUST2862,Tablet,Electronics,South,5,19315.79,0.21,76297.36,16806.82,Credit Card
ORD02810,2025-07-02,CUST8019,Printer,Office,East,1,9812.42,0.25,7359.32,1550.95,Net Banking
ORD02811,2024-07-23,CUST1776,Headphones,Electronics,East,4,2142.3,0.22,6683.97,1540.13,Cash
ORD02812,2024-10-06,CUST6825,Keyboard,Accessories,South,4,1431.06,0.15,4865.62,757.04,UPI
ORD02813,2024-02-24,CUST2663,Smartwatch,Electronics,North,4,7417.86,0.15,25220.73,5235.26,Credit Card
ORD02814,2024-08-10,CUST1755,Monitor,Electronics,South,5,10524.37,0.03,51043.2,3075.73,UPI
ORD02815,2024-04-17,CUST5654,Mouse,Accessories,West,5,893.2,0.18,3662.12,238.68,Net Banking
ORD02816,2025-12-18,CUST8532,Keyboard,Accessories,North,3,1684.27,0.15,4294.9,316.56,Debit Card
ORD02817,2025-11-14,CUST4695,Smartwatch,Electronics,North,3,6170.48,0.13,16104.95,3751.77,Credit Card
ORD02818,2025-08-24,CUST1302,Laptop,Electronics,West,3,74569.28,0.17,185677.51,11555.43,Net Banking
ORD02819,2025-05-23,CUST2098,Printer,Office,West,4,9392.59,0.11,33437.62,2341.63,Net Banking
ORD02820,2024-01-06,CUST8618,Laptop,Electronics,East,5,56889.98,0.13,247471.42,58423.57,Debit Card
ORD02821,2025-05-21,CUST2404,Smartwatch,Electronics,South,4,5960.64,0.1,21458.31,1533.81,Net Banking
ORD02822,2024-06-19,CUST2321,Keyboard,Accessories,West,3,1458.84,0.18,3588.73,803.7,Cash
ORD02823,2024-09-24,CUST1304,Printer,Office,South,5,10389.43,0.22,40518.78,8422.0,Debit Card
ORD02824,2024-07-11,CUST7173,Mouse,Accessories,North,2,759.72,0.21,1200.36,69.69,Credit Card
ORD02825,2024-06-28,CUST5103,Headphones,Electronics,West,1,2752.54,0.2,2202.03,119.72,Credit Card
ORD02826,2024-03-10,CUST6540,Printer,Office,North,1,10649.82,0.0,10649.82,1670.72,UPI
ORD02827,2024-01-30,CUST1007,Printer,Office,East,3,9550.48,0.23,22061.62,5502.94,Cash
ORD02828,2024-04-28,CUST2214,Keyboard,Accessories,East,4,1605.44,0.07,5972.23,1348.33,Cash
ORD02829,2025-12-17,CUST7520,Keyboard,Accessories,West,2,1698.22,0.22,2649.22,296.73,Credit Card
ORD02830,2025-05-24,CUST1697,Smartwatch,Electronics,West,5,6145.5,0.05,29191.13,3714.92,Net Banking
ORD02831,2025-04-04,CUST5001,Smartphone,Electronics,West,4,28254.94,0.11,100587.57,12833.08,Cash
ORD02832,2025-09-29,CUST3726,Printer,Office,North,3,9889.98,0.19,24032.65,4730.48,Cash
ORD02833,2025-04-02,CUST7799,Monitor,Electronics,West,4,11992.76,0.16,40295.69,4764.02,Net Banking
ORD02834,2025-07-20,CUST2923,Printer,Office,East,3,10126.59,0.1,27341.78,2175.3,Debit Card
ORD02835,2024-02-08,CUST4423,Smartwatch,Electronics,West,1,6581.32,0.17,5462.49,1089.34,Net Banking
ORD02836,2024-09-18,CUST1429,Tablet,Electronics,West,1,23103.91,0.14,19869.37,2813.56,UPI
ORD02837,2024-07-02,CUST6388,Laptop,Electronics,North,4,67829.15,0.07,252324.43,16490.85,UPI
ORD02838,2025-06-03,CUST4153,Headphones,Electronics,South,2,2558.37,0.16,4298.06,894.04,Credit Card
ORD02839,2025-06-11,CUST7156,Smartphone,Electronics,East,5,26523.86,0.05,125988.31,21047.89,Debit Card
ORD02840,2025-01-20,CUST8068,Mouse,Accessories,South,3,794.47,0.17,1978.24,292.53,Cash
ORD02841,2025-07-29,CUST2220,Mouse,Accessories,North,5,765.49,0.0,3827.47,706.81,Credit Card
ORD02842,2024-09-09,CUST4061,Mouse,Accessories,West,1,797.85,0.14,686.15,103.66,Credit Card
ORD02843,2024-01-11,CUST6726,Keyboard,Accessories,West,2,1689.84,0.1,3041.71,546.55,Cash
ORD02844,2025-08-22,CUST6950,Mouse,Accessories,East,2,795.33,0.08,1463.4,327.07,Cash
ORD02845,2024-07-29,CUST4941,Headphones,Electronics,West,5,2135.49,0.13,9289.36,1604.3,Net Banking
ORD02846,2025-05-30,CUST4122,Laptop,Electronics,North,1,63807.32,0.16,53598.15,9750.58,UPI
ORD02847,2025-10-04,CUST1302,Mouse,Accessories,South,5,876.96,0.24,3332.43,575.75,Cash
ORD02848,2024-12-25,CUST8510,Printer,Office,East,4,10840.18,0.21,34254.98,5351.86,Net Banking
ORD02849,2024-03-08,CUST3078,Printer,Office,West,2,10040.17,0.18,16465.88,1389.63,UPI
ORD02850,2025-03-02,CUST4669,Keyboard,Accessories,West,2,1387.4,0.12,2441.82,286.02,Debit Card
ORD02851,2024-01-09,CUST9733,Headphones,Electronics,South,4,2473.82,0.1,8905.74,1679.82,Debit Card
ORD02852,2025-06-20,CUST7549,Laptop,Electronics,South,1,66242.19,0.01,65579.77,8859.51,Debit Card
ORD02853,2025-07-30,CUST5783,Smartphone,Electronics,West,2,34498.84,0.09,62787.89,8239.39,Cash
ORD02854,2025-09-07,CUST7886,Smartwatch,Electronics,West,3,7302.77,0.21,17307.57,3493.6,UPI
ORD02855,2024-03-06,CUST6479,Laptop,Electronics,North,3,68788.17,0.1,185728.05,9493.26,UPI
ORD02856,2025-11-25,CUST3479,Smartwatch,Electronics,South,1,6982.05,0.12,6144.21,1141.59,Debit Card
ORD02857,2024-06-21,CUST4000,Tablet,Electronics,South,4,21039.63,0.07,78267.43,11571.47,Credit Card
ORD02858,2024-01-22,CUST9510,Smartwatch,Electronics,South,5,7657.2,0.07,35605.99,4463.3,UPI
ORD02859,2024-02-11,CUST8427,Monitor,Electronics,North,1,11981.76,0.02,11742.12,1386.83,UPI
ORD02860,2024-07-22,CUST5582,Printer,Office,South,5,11484.07,0.15,48807.3,4127.88,Net Banking
ORD02861,2024-06-03,CUST2360,Headphones,Electronics,North,1,2467.84,0.11,2196.38,256.65,Debit Card
ORD02862,2025-06-06,CUST4818,Webcam,Accessories,East,3,3046.4,0.15,7768.32,996.55,Credit Card
ORD02863,2025-04-06,CUST3386,Keyboard,Accessories,East,4,1582.16,0.14,5442.63,748.31,Net Banking
ORD02864,2024-03-18,CUST9955,Monitor,Electronics,North,3,10367.91,0.2,24882.98,4589.92,Credit Card
ORD02865,2024-04-13,CUST6006,Smartwatch,Electronics,East,4,6476.05,0.19,20982.41,2952.52,Credit Card
ORD02866,2024-10-04,CUST5996,Mouse,Accessories,South,5,764.9,0.19,3097.83,648.24,Credit Card
ORD02867,2025-10-10,CUST6293,Headphones,Electronics,South,1,2679.61,0.12,2358.06,419.61,Cash
ORD02868,2025-12-19,CUST9215,Monitor,Electronics,North,2,11979.25,0.09,21802.23,1916.84,UPI
ORD02869,2024-02-26,CUST2025,Keyboard,Accessories,West,2,1287.89,0.23,1983.35,209.11,UPI
ORD02870,2024-12-04,CUST8866,Printer,Office,South,4,10350.55,0.01,40988.18,2699.06,Net Banking
ORD02871,2024-09-30,CUST2187,Headphones,Electronics,West,4,2433.58,0.04,9344.94,2234.79,Credit Card
ORD02872,2025-11-10,CUST2007,Keyboard,Accessories,West,3,1689.83,0.1,4562.53,1037.11,Credit Card
ORD02873,2025-11-15,CUST6470,Tablet,Electronics,West,2,21997.11,0.15,37395.09,2503.95,UPI
ORD02874,2025-03-08,CUST2117,Tablet,Electronics,East,3,23379.24,0.0,70137.71,11559.76,Credit Card
ORD02875,2025-09-01,CUST9395,Keyboard,Accessories,East,5,1373.49,0.18,5631.31,1363.23,Credit Card
ORD02876,2025-01-25,CUST8290,Monitor,Electronics,North,2,12939.5,0.14,22255.95,4438.47,Credit Card
ORD02877,2024-12-07,CUST9228,Headphones,Electronics,East,5,2665.72,0.12,11729.15,1740.17,Debit Card
ORD02878,2024-09-16,CUST7773,Monitor,Electronics,West,1,13454.69,0.11,11974.68,1176.16,Debit Card
ORD02879,2025-11-15,CUST8307,Smartphone,Electronics,West,3,25804.39,0.13,67349.47,7126.07,Debit Card
ORD02880,2024-06-22,CUST1633,Smartwatch,Electronics,East,4,6889.75,0.04,26456.65,5218.51,Net Banking
ORD02881,2025-12-24,CUST5514,Smartphone,Electronics,East,2,31612.4,0.03,61328.05,12640.64,Credit Card
ORD02882,2024-07-13,CUST6859,Tablet,Electronics,West,3,19328.08,0.07,53925.35,8398.26,Debit Card
ORD02883,2025-03-16,CUST5980,Printer,Office,North,4,9731.81,0.18,31920.34,2368.16,Debit Card
ORD02884,2024-09-28,CUST9519,Laptop,Electronics,West,1,73621.86,0.15,62578.58,14816.96,Cash
ORD02885,2024-11-02,CUST8523,Smartwatch,Electronics,North,2,6865.46,0.12,12083.21,2645.65,Net Banking
ORD02886,2024-11-03,CUST2030,Tablet,Electronics,South,5,25203.67,0.14,108375.79,8464.99,Debit Card
ORD02887,2025-10-10,CUST3562,Monitor,Electronics,West,1,10404.62,0.14,8947.97,548.92,Debit Card
ORD02888,2025-08-17,CUST9919,Monitor,Electronics,East,4,12784.19,0.08,47045.81,7394.36,Debit Card
ORD02889,2025-07-09,CUST8059,Monitor,Electronics,East,2,12291.66,0.02,24091.65,2573.68,Cash
ORD02890,2024-07-25,CUST6331,Printer,Office,West,2,10001.62,0.22,15602.53,1664.01,Cash
ORD02891,2024-04-26,CUST1685,Smartphone,Electronics,North,1,34237.63,0.15,29101.98,1962.76,Net Banking
ORD02892,2024-01-05,CUST4140,Laptop,Electronics,East,2,57778.18,0.17,95911.78,23083.78,Credit Card
ORD02893,2025-05-13,CUST7080,Monitor,Electronics,South,4,13425.6,0.12,47258.1,10209.32,Credit Card
ORD02894,2025-09-17,CUST3025,Webcam,Accessories,East,1,3700.8,0.19,2997.65,218.13,Net Banking
ORD02895,2024-10-27,CUST6648,Smartwatch,Electronics,North,5,6493.89,0.15,27599.04,6218.61,Credit Card
ORD02896,2025-02-28,CUST3379,Headphones,Electronics,West,1,2801.25,0.01,2773.24,517.46,UPI
ORD02897,2024-03-30,CUST1429,Webcam,Accessories,East,1,3425.76,0.22,2672.09,307.53,Credit Card
ORD02898,2024-01-28,CUST3807,Laptop,Electronics,West,5,71127.43,0.08,327186.19,73371.54,Cash
ORD02899,2025-06-27,CUST7883,Printer,Office,West,4,9666.51,0.03,37506.06,6361.19,Cash
ORD02900,2024-08-04,CUST2194,Laptop,Electronics,South,3,71843.15,0.02,211218.86,46411.96,Debit Card
ORD02901,2024-03-11,CUST9397,Headphones,Electronics,South,3,2602.47,0.18,6402.08,920.96,Cash
ORD02902,2024-01-30,CUST6722,Smartwatch,Electronics,West,5,6246.2,0.18,25609.41,3844.75,UPI
ORD02903,2024-09-12,CUST2160,Headphones,Electronics,North,4,2612.25,0.18,8568.17,927.09,UPI
ORD02904,2025-11-01,CUST3846,Keyboard,Accessories,South,2,1361.11,0.23,2096.1,267.33,UPI
ORD02905,2025-01-30,CUST4084,Smartwatch,Electronics,East,5,6815.04,0.09,31008.42,5071.44,Debit Card
ORD02906,2025-06-04,CUST8117,Laptop,Electronics,South,3,58570.76,0.14,151112.57,36178.14,Credit Card
ORD02907,2024-11-18,CUST4817,Monitor,Electronics,West,4,10279.26,0.15,34949.48,5942.23,Debit Card
ORD02908,2025-01-04,CUST8060,Laptop,Electronics,South,1,59381.79,0.24,45130.16,3586.75,Cash
ORD02909,2024-06-04,CUST7828,Laptop,Electronics,North,4,65709.25,0.08,241810.06,12428.85,UPI
ORD02910,2024-08-01,CUST6502,Smartwatch,Electronics,,4,6961.28,0.24,21162.29,4659.88,Debit Card
ORD02911,2025-10-27,CUST3021,Keyboard,Accessories,North,3,1500.67,0.04,4321.94,531.02,Debit Card
ORD02912,2024-03-23,CUST7407,Laptop,Electronics,East,3,60079.89,0.19,145994.14,16496.34,UPI
ORD02913,2025-02-08,CUST6512,Webcam,Accessories,South,2,3694.42,0.16,6206.62,1304.3,Net Banking
ORD02914,2025-09-04,CUST7588,Tablet,Electronics,East,2,23348.14,0.2,37357.02,8931.05,UPI
ORD02915,2024-01-10,CUST3914,Mouse,Accessories,West,5,765.91,0.01,3791.27,756.77,Net Banking
ORD02916,2024-10-06,CUST5904,Mouse,Accessories,East,1,891.48,0.02,873.65,74.06,UPI
ORD02917,2024-10-07,CUST4996,Laptop,Electronics,South,2,67808.45,0.02,132904.57,17048.42,Credit Card
ORD02918,2025-11-22,CUST5555,Webcam,Accessories,South,3,3723.69,0.15,9495.41,1916.93,Net Banking
ORD02919,2024-03-30,CUST6685,Monitor,Electronics,North,4,11198.42,0.15,38074.64,8809.91,Net Banking
ORD02920,2024-05-08,CUST4294,Printer,Office,South,5,8501.83,0.23,32732.06,8173.85,Debit Card
ORD02921,2024-11-04,CUST7878,Printer,Office,West,2,11096.13,0.12,19529.18,2974.53,Net Banking
ORD02922,2025-04-29,CUST9056,Smartwatch,Electronics,North,4,7677.09,0.02,30094.2,6455.35,Cash
ORD02923,2024-04-16,CUST2578,Mouse,Accessories,South,4,709.57,0.05,2696.35,159.96,Debit Card
ORD02924,2025-05-19,CUST5676,Laptop,Electronics,South,2,62545.05,0.0,125090.1,13405.27,Debit Card
ORD02925,2024-10-09,CUST9399,Printer,Office,South,1,10484.02,0.19,8492.05,1055.59,Credit Card
ORD02926,2024-04-16,CUST2295,Laptop,Electronics,South,1,67966.16,0.2,54372.93,13327.06,Debit Card
ORD02927,2024-06-03,CUST9857,Smartwatch,Electronics,West,5,7756.74,0.25,29087.76,1474.13,Debit Card
ORD02928,2024-08-19,CUST4862,Mouse,Accessories,South,1,713.66,0.1,642.3,71.68,Cash
ORD02929,2025-03-24,CUST1088,Headphones,Electronics,North,5,2447.45,0.0,12237.27,2889.01,Debit Card
ORD02930,2025-01-14,CUST6880,Tablet,Electronics,South,3,19341.68,0.06,54543.54,6072.64,Net Banking
ORD02931,2024-11-28,CUST4824,Tablet,Electronics,North,2,21271.33,0.15,36161.26,3435.8,Credit Card
ORD02932,2025-08-18,CUST4189,Printer,Office,North,4,8545.32,0.24,25977.78,5092.1,Cash
ORD02933,2024-03-16,CUST6795,Tablet,Electronics,South,5,24628.6,0.03,119448.72,23778.39,UPI
ORD02934,2024-09-17,CUST4874,Headphones,Electronics,West,1,2520.28,0.03,2444.67,353.1,UPI
ORD02935,2024-12-02,CUST1416,Laptop,Electronics,South,5,71821.14,0.18,294466.69,70490.47,UPI
ORD02936,2024-08-17,CUST7915,Smartwatch,Electronics,South,5,6075.8,0.17,25214.57,2282.96,Cash
ORD02937,2024-08-08,CUST3617,Headphones,Electronics,North,1,2295.59,0.06,2157.86,502.1,UPI
ORD02938,2025-11-23,CUST5531,Smartwatch,Electronics,East,1,6494.7,0.2,5195.76,1044.88,Net Banking
ORD02939,2025-02-01,CUST3247,Smartwatch,Electronics,East,2,6762.05,0.03,13118.38,1621.98,UPI
ORD02940,2025-12-14,CUST2898,Mouse,Accessories,West,4,872.69,0.23,2687.88,568.17,UPI
ORD02941,2025-02-15,CUST8817,Laptop,Electronics,North,2,62787.88,0.05,119296.97,9142.97,Credit Card
ORD02942,2025-09-21,CUST6919,Webcam,Accessories,West,2,3189.89,0.02,6252.18,476.39,UPI
ORD02943,2025-09-20,CUST5911,Tablet,Electronics,South,1,19128.94,0.08,17598.62,4153.05,UPI
ORD02944,2025-02-04,CUST2242,Webcam,Accessories,South,1,3058.47,0.05,2905.54,200.35,Debit Card
ORD02945,2025-12-09,CUST7320,Mouse,Accessories,West,4,862.41,0.13,3001.19,152.51,Net Banking
ORD02946,2025-12-06,CUST6585,Smartwatch,Electronics,North,5,6884.09,0.17,28568.96,3651.29,Cash
ORD02947,2025-05-12,CUST1889,Printer,Office,South,2,10678.54,0.12,18794.24,1330.07,Credit Card
ORD02948,2025-09-07,CUST8330,Tablet,Electronics,North,4,23203.1,0.17,77034.28,17148.39,Cash
ORD02949,2024-06-22,CUST7841,Tablet,Electronics,South,2,19593.39,0.09,35659.97,8363.64,UPI
ORD02950,2024-10-27,CUST8217,Laptop,Electronics,South,5,58036.31,0.01,287279.76,42082.25,Debit Card
ORD02951,2024-04-12,CUST3864,Keyboard,Accessories,West,2,1614.9,0.24,2454.65,331.61,UPI
ORD02952,2025-06-04,CUST7585,Smartphone,Electronics,West,3,31991.41,0.2,76779.4,12116.39,UPI
ORD02953,2024-06-12,CUST9408,Smartphone,Electronics,North,4,28902.28,0.02,113296.93,10790.28,Credit Card
ORD02954,2024-01-05,CUST9537,Smartphone,Electronics,East,1,26196.8,0.11,23315.15,2555.18,Credit Card
ORD02955,2025-08-23,CUST2428,Keyboard,Accessories,East,2,1280.44,0.16,2151.15,151.0,Cash
ORD02956,2024-06-26,CUST3655,Laptop,Electronics,East,4,60869.06,0.05,231302.43,32218.12,UPI
ORD02957,2024-01-27,CUST9040,Keyboard,Accessories,South,4,1279.15,0.14,4400.28,758.34,Cash
ORD02958,2025-11-17,CUST6182,Smartphone,Electronics,East,2,27570.65,0.13,47972.94,11323.76,UPI
ORD02959,2024-06-09,CUST1338,Mouse,Accessories,West,1,780.68,0.05,741.65,146.71,Credit Card
ORD02960,2024-04-24,CUST1321,Headphones,Electronics,East,1,2216.06,0.04,2127.42,414.02,Debit Card
ORD02961,2025-01-12,CUST5258,Smartwatch,Electronics,East,2,6168.98,0.19,9993.75,1115.3,Cash
ORD02962,2024-04-06,CUST1335,Keyboard,Accessories,East,4,1678.4,0.08,6176.5,1406.13,Cash
ORD02963,2025-11-08,CUST6362,Laptop,Electronics,East,1,66666.67,0.06,62666.67,15001.84,Net Banking
ORD02964,2024-05-15,CUST6271,Laptop,Electronics,East,2,73471.89,0.18,120493.89,28491.09,Net Banking
ORD02965,2025-01-22,CUST6214,Webcam,Accessories,North,2,3338.12,0.18,5474.51,316.21,Debit Card
ORD02966,2024-06-12,CUST3025,Headphones,Electronics,West,2,2632.86,0.07,4897.12,836.77,Net Banking
ORD02967,2025-02-18,CUST9598,Printer,Office,East,4,9114.08,0.22,28435.91,5079.93,Debit Card
ORD02968,2025-12-14,CUST1096,Tablet,Electronics,South,1,22781.05,0.17,18908.27,2061.25,UPI
ORD02969,2025-11-11,CUST3852,Smartphone,Electronics,North,4,26666.27,0.09,97065.23,24119.0,Net Banking
ORD02970,2024-05-15,CUST3403,Printer,Office,South,3,8506.24,0.11,22711.67,2458.25,Net Banking
ORD02971,2024-06-06,CUST4134,Webcam,Accessories,West,1,3953.11,0.18,3241.55,302.51,Cash
ORD02972,2025-02-01,CUST4831,Smartphone,Electronics,East,4,30494.05,0.05,115877.39,17014.18,Debit Card
ORD02973,2024-12-31,CUST7462,Headphones,Electronics,West,1,2820.21,0.12,2481.78,284.49,Cash
ORD02974,2024-10-28,CUST7930,Webcam,Accessories,East,3,3325.52,0.16,8380.32,1967.75,Net Banking
ORD02975,2024-12-14,CUST1916,Smartphone,Electronics,East,5,28450.07,0.13,123757.82,17080.48,UPI
ORD02976,2025-01-28,CUST3130,Headphones,Electronics,South,2,2425.49,0.15,4123.34,544.4,Credit Card
ORD02977,2024-11-19,CUST6529,Monitor,Electronics,West,4,12741.75,0.14,43831.61,7678.09,Debit Card
ORD02978,2024-02-19,CUST9370,Printer,Office,East,3,10197.43,0.05,29062.66,1924.61,Debit Card
ORD02979,2024-11-19,CUST6691,Printer,Office,West,3,11276.06,0.1,30445.37,6130.07,UPI
ORD02980,2025-05-28,CUST5301,Tablet,Electronics,East,1,18867.91,,16415.08,3343.42,UPI
ORD02981,2025-04-07,CUST7353,Headphones,Electronics,West,1,2656.15,0.2,2124.92,307.7,Debit Card
ORD02982,2024-03-15,CUST1633,Keyboard,Accessories,West,2,1423.65,0.16,2391.73,576.74,Debit Card
ORD02983,2025-05-15,CUST5448,Monitor,Electronics,East,1,10848.84,0.11,9655.47,1601.53,UPI
ORD02984,2025-12-27,CUST6509,Mouse,Accessories,West,4,802.49,0.24,2439.58,461.2,UPI
ORD02985,2024-07-06,CUST2723,Smartphone,Electronics,East,4,30045.57,0.03,116576.83,27380.28,UPI
ORD02986,2024-05-08,CUST6564,Monitor,Electronics,East,4,10693.24,0.05,40634.31,7447.01,Net Banking
ORD02987,2025-05-07,CUST2125,Headphones,Electronics,East,5,2276.42,0.09,10357.72,1412.43,Debit Card
ORD02988,2024-04-06,CUST1142,Smartwatch,Electronics,North,4,6807.15,0.06,25594.87,1406.55,Debit Card
ORD02989,2024-12-30,CUST8716,Smartphone,Electronics,East,1,29179.3,0.16,24510.61,4795.74,UPI
ORD02990,2025-05-15,CUST4049,Laptop,Electronics,West,1,61442.38,0.01,60827.96,14779.56,Cash
ORD02991,2024-06-13,CUST3713,Printer,Office,North,4,8945.64,0.04,34351.24,4948.19,Credit Card
ORD02992,2024-06-25,CUST2639,Headphones,Electronics,East,3,2128.28,0.07,5937.9,700.4,Debit Card
ORD02993,2025-09-20,CUST5908,Laptop,Electronics,West,3,74169.58,0.17,184682.26,28413.71,Net Banking
ORD02994,2025-12-22,CUST3693,Tablet,Electronics,West,3,24927.09,0.22,58329.4,11414.33,Credit Card
ORD02995,2024-09-29,CUST1098,Webcam,Accessories,West,2,3482.83,0.2,5572.53,279.4,Cash
ORD02996,2024-11-22,CUST1215,Mouse,Accessories,North,5,918.81,0.05,4364.36,992.64,Net Banking
ORD02997,2025-02-02,CUST2778,Mouse,Accessories,South,4,841.68,0.14,2895.37,658.04,UPI
ORD02998,2025-07-16,CUST7581,Laptop,Electronics,South,2,56592.72,0.01,112053.59,17733.55,Cash
ORD02999,2025-02-14,CUST7456,Printer,Office,North,3,8853.15,0.08,24434.71,1819.79,UPI
ORD03000,2024-03-04,CUST5330,Tablet,Electronics,East,4,24746.33,0.2,79188.26,14599.24,Net Banking
ORD03001,2025-03-22,CUST6960,Smartwatch,Electronics,South,2,7273.11,0.11,12946.14,1004.22,Net Banking
ORD03002,2024-12-06,CUST8250,Printer,Office,South,1,11029.55,0.04,10588.37,1604.24,UPI
ORD03003,2024-08-16,CUST5338,Monitor,Electronics,West,3,13433.77,0.11,35868.17,2465.08,Credit Card
ORD03004,2025-05-19,CUST2759,Mouse,Accessories,West,2,787.51,0.05,1496.26,251.09,Debit Card
ORD03005,2025-09-20,CUST2247,Monitor,Electronics,East,1,10374.69,0.1,9337.22,1060.84,Debit Card
ORD03006,2024-09-06,CUST2120,Smartphone,Electronics,South,3,27194.52,0.12,71793.54,15521.64,Net Banking
ORD03007,2024-03-10,CUST1320,Keyboard,Accessories,West,5,1304.96,0.09,5937.56,1246.82,Cash
ORD03008,2025-05-26,CUST2840,Headphones,Electronics,North,3,2266.55,0.23,5235.74,1307.34,UPI
ORD03009,2024-12-10,CUST5995,Tablet,Electronics,East,5,21409.52,0.14,92060.92,9344.24,Cash
ORD03010,2025-06-30,CUST3587,Printer,Office,West,5,8854.59,0.21,34975.63,2181.09,UPI
ORD03011,2024-09-29,CUST4562,Mouse,Accessories,West,5,720.02,0.19,2916.06,404.17,Cash
ORD03012,2025-07-09,CUST2073,Monitor,Electronics,West,4,11804.96,0.17,39192.46,2613.38,UPI
ORD03013,2024-12-10,CUST7411,Webcam,Accessories,North,4,3332.18,0.12,11729.27,1005.2,Net Banking
ORD03014,2025-04-04,CUST5178,Smartphone,Electronics,North,5,29708.92,0.0,148544.62,25172.37,Credit Card
ORD03015,2024-04-16,CUST7387,Headphones,Electronics,West,1,2446.88,0.15,2079.85,350.3,Debit Card
ORD03016,2025-05-02,CUST9416,Headphones,Electronics,East,5,2608.36,0.09,11868.03,696.24,Cash
ORD03017,2024-02-13,CUST8905,Printer,Office,West,2,11311.57,0.03,21944.44,3041.08,Debit Card
ORD03018,2025-05-16,CUST4037,Tablet,Electronics,South,5,19411.9,0.11,86382.98,13479.52,Cash
ORD03019,2025-02-28,CUST5485,Smartwatch,Electronics,West,4,6158.45,0.18,20199.7,2092.79,Net Banking
ORD03020,2024-02-18,CUST3635,Webcam,Accessories,North,4,3870.45,0.24,11766.16,2640.43,Net Banking
ORD03021,2024-02-29,CUST1155,Printer,Office,South,2,10019.19,0.09,18234.93,1499.27,Cash
ORD03022,2024-09-14,CUST4274,Monitor,Electronics,North,2,12959.06,0.14,22289.58,2246.35,Cash
ORD03023,2025-07-30,CUST1097,Keyboard,Accessories,East,3,1371.94,0.21,3251.5,264.67,Cash
ORD03024,2024-04-23,CUST5399,Laptop,Electronics,East,1,71412.82,0.08,65699.79,4816.41,Net Banking
ORD03025,2024-12-14,CUST7305,Smartwatch,Electronics,West,1,7890.08,0.04,7574.47,1710.28,Credit Card
ORD03026,2025-02-01,CUST8869,Tablet,Electronics,East,1,22894.19,0.07,21291.59,2247.79,Credit Card
ORD03027,2025-11-04,CUST3792,Smartphone,Electronics,South,4,26452.91,0.22,82533.08,16053.08,Cash
ORD03028,2025-04-14,CUST5636,Smartwatch,Electronics,North,1,7830.12,0.04,7516.91,1019.27,UPI
ORD03029,2025-11-06,CUST7579,Mouse,Accessories,West,3,870.2,0.08,2401.74,425.53,Credit Card
ORD03030,2024-01-15,CUST7497,Tablet,Electronics,East,3,23655.79,0.12,62451.29,14715.73,Net Banking
ORD03031,2025-07-02,CUST6586,Keyboard,Accessories,North,1,1291.53,0.21,1020.31,223.37,Net Banking
ORD03032,2024-05-17,CUST8004,Mouse,Accessories,North,2,871.75,0.23,1342.5,85.65,Net Banking
ORD03033,2024-09-21,CUST4983,Smartwatch,Electronics,East,3,6239.7,0.11,16659.99,3649.21,Debit Card
ORD03034,2025-07-11,CUST9861,Laptop,Electronics,West,2,59586.53,0.23,91763.26,12880.32,Debit Card
ORD03035,2025-09-09,CUST9534,Laptop,Electronics,North,4,66504.13,0.04,255375.86,30652.55,Net Banking
ORD03036,2024-03-21,CUST9275,Keyboard,Accessories,West,3,1394.24,0.04,4015.42,740.75,Credit Card
ORD03037,2024-10-29,CUST5944,Headphones,Electronics,North,2,2621.01,0.24,3983.94,956.31,Debit Card
ORD03038,2024-09-30,CUST3457,Webcam,Accessories,West,1,3613.47,0.13,3143.72,216.37,UPI
ORD03039,2024-04-22,CUST7072,Smartphone,Electronics,West,4,26473.35,0.05,100598.72,20483.45,Cash
ORD03040,2025-02-12,CUST5078,Headphones,Electronics,East,5,2617.01,0.12,11514.85,1044.42,Debit Card
ORD03041,2025-12-20,CUST8206,Laptop,Electronics,North,5,73267.12,0.2,293068.48,36934.61,Debit Card
ORD03042,2024-12-30,CUST5092,Laptop,Electronics,East,1,58391.64,0.21,46129.4,10368.26,Credit Card
ORD03043,2024-08-28,CUST3080,Monitor,Electronics,South,4,12349.42,0.22,38530.2,6132.46,Credit Card
ORD03044,2024-03-29,CUST2743,Mouse,Accessories,West,4,762.05,0.14,2621.44,166.44,UPI
ORD03045,2025-11-25,CUST5884,Smartwatch,Electronics,North,4,6915.18,0.22,21575.38,3271.04,UPI
ORD03046,2024-09-28,CUST4249,Smartphone,Electronics,East,4,28083.0,0.13,97728.85,20320.6,UPI
ORD03047,2024-09-11,CUST5479,Keyboard,Accessories,South,5,1434.36,0.15,6096.02,949.62,UPI
ORD03048,2025-05-03,CUST9146,Smartwatch,Electronics,West,2,6010.71,0.19,9737.36,811.88,Debit Card
ORD03049,2024-09-01,CUST8867,Monitor,Electronics,North,4,13733.59,0.11,48891.57,6796.33,UPI
ORD03050,2024-04-08,CUST9406,Laptop,Electronics,East,2,67433.6,0.02,132169.85,31042.61,UPI
ORD03051,2025-07-24,CUST5953,Keyboard,Accessories,North,4,1500.32,0.09,5461.16,991.97,Net Banking
ORD03052,2024-03-13,CUST9875,Laptop,Electronics,West,3,62732.45,0.16,158085.77,30981.22,Debit Card
ORD03053,2025-09-15,CUST7350,Smartphone,Electronics,South,3,30354.37,0.05,86509.96,17923.76,Debit Card
ORD03054,2025-11-07,CUST1570,Mouse,Accessories,West,3,771.23,0.04,2221.13,151.34,Debit Card
ORD03055,2024-10-14,CUST9038,Smartwatch,Electronics,North,4,6705.81,0.07,24945.6,4148.64,Cash
ORD03056,2024-07-29,CUST4307,Smartwatch,Electronics,West,2,6924.29,0.01,13710.09,1716.27,UPI
ORD03057,2025-06-17,CUST6712,Headphones,Electronics,East,5,2331.99,0.19,9444.55,735.09,UPI
ORD03058,2024-03-23,CUST3476,Keyboard,Accessories,North,1,1356.02,0.06,1274.66,115.41,UPI
ORD03059,2024-08-29,CUST7070,Webcam,Accessories,North,5,3559.44,0.03,17263.27,3560.24,Credit Card
ORD03060,2024-01-12,CUST1551,Monitor,Electronics,North,4,13233.96,0.17,43936.73,3615.9,Credit Card
ORD03061,2025-05-31,CUST8329,Webcam,Accessories,South,3,3135.47,0.21,7431.06,835.87,Credit Card
ORD03062,2024-04-25,CUST9304,Headphones,Electronics,South,3,2149.55,0.0,6448.65,689.84,Cash
ORD03063,2024-12-12,CUST3045,Smartphone,Electronics,North,2,27721.31,0.06,52116.05,3112.69,UPI
ORD03064,2024-01-20,CUST7615,Monitor,Electronics,South,4,13726.99,0.24,41730.06,5943.68,Debit Card
ORD03065,2025-12-01,CUST4336,Mouse,Accessories,South,5,878.9,0.1,3955.06,803.61,Debit Card
ORD03066,2024-05-15,CUST7035,Webcam,Accessories,East,4,3600.66,0.23,11090.03,603.64,Net Banking
ORD03067,2025-03-21,CUST6208,Mouse,Accessories,South,4,903.02,0.07,3359.23,243.58,Credit Card
ORD03068,2025-03-13,CUST6486,Webcam,Accessories,South,3,3442.54,0.05,9811.25,1903.75,Cash
ORD03069,2025-07-23,CUST1215,Mouse,Accessories,South,5,915.99,0.05,4350.94,734.07,Net Banking
ORD03070,2024-06-21,CUST9461,Webcam,Accessories,North,1,3286.12,0.02,3220.39,621.7,Cash
ORD03071,2025-12-05,CUST7901,Mouse,Accessories,North,3,737.67,0.22,1726.16,165.75,Debit Card
ORD03072,2025-05-31,CUST9490,Headphones,Electronics,South,5,2603.54,0.24,9893.44,2085.08,UPI
ORD03073,2024-06-07,CUST2237,Tablet,Electronics,East,2,21195.82,0.24,32217.64,4702.94,Debit Card
ORD03074,2025-02-08,CUST8002,Monitor,Electronics,South,3,12454.92,0.21,29518.15,5078.9,Debit Card
ORD03075,2025-05-26,CUST7207,Keyboard,Accessories,East,2,1412.25,0.21,2231.35,152.69,Credit Card
ORD03076,2025-10-13,CUST1769,Smartphone,Electronics,West,3,31061.26,0.17,77342.55,7038.66,Debit Card
ORD03077,2024-01-04,CUST7773,Printer,Office,East,4,9327.24,0.21,29474.07,6032.51,Cash
ORD03078,2025-08-09,CUST7975,Laptop,Electronics,South,5,56243.96,0.05,267158.79,25321.76,UPI
ORD03079,2024-04-13,CUST9519,Keyboard,Accessories,East,2,1685.46,0.1,3033.83,207.84,Credit Card
ORD03080,2025-01-07,CUST7679,Laptop,Electronics,East,3,72472.5,0.16,182630.7,30945.07,Net Banking
ORD03081,2025-10-10,CUST2409,Monitor,Electronics,East,2,13694.87,0.22,21364.0,3409.42,Debit Card
ORD03082,2024-10-08,CUST4386,Keyboard,Accessories,West,3,1597.44,0.17,3977.62,682.47,Credit Card
ORD03083,2024-10-09,CUST5709,Mouse,Accessories,South,3,843.85,0.21,1999.93,347.31,Credit Card
ORD03084,2025-04-21,CUST7107,Mouse,Accessories,East,1,814.16,0.12,716.46,107.5,Credit Card
ORD03085,2024-08-22,CUST1417,Printer,Office,South,1,8877.83,0.18,7279.82,1082.91,Cash
ORD03086,2025-12-02,CUST7455,Laptop,Electronics,West,1,58940.09,0.24,44794.47,10519.22,Net Banking
ORD03087,2024-06-26,CUST1369,Smartphone,Electronics,North,2,28105.23,0.04,53962.04,8459.97,Credit Card
ORD03088,2024-12-03,CUST3052,Monitor,Electronics,South,4,13404.56,0.23,41286.05,7161.48,Cash
ORD03089,2025-05-16,CUST1108,Mouse,Accessories,North,3,721.51,0.13,1883.15,194.71,Net Banking
ORD03090,2024-08-09,CUST2915,Tablet,Electronics,West,5,24790.96,0.16,104122.04,23346.1,UPI
ORD03091,2025-03-31,CUST1182,Headphones,Electronics,West,1,2517.09,0.22,1963.33,107.74,Cash
ORD03092,2025-12-26,CUST4363,Headphones,Electronics,North,2,2661.68,0.1,4791.02,773.49,Credit Card
ORD03093,2025-12-25,CUST3887,Webcam,Accessories,South,2,3090.76,0.1,5563.36,705.27,Debit Card
ORD03094,2024-12-24,CUST9029,Smartphone,Electronics,North,2,27921.3,0.13,48583.07,8297.06,Cash
ORD03095,2025-02-13,CUST6814,Headphones,Electronics,West,5,2843.89,0.0,14219.44,1735.26,UPI
ORD03096,2025-08-27,CUST9755,Webcam,Accessories,West,5,3254.46,0.12,14319.61,2771.38,Net Banking
ORD03097,2025-07-11,CUST8905,Laptop,Electronics,South,1,61032.17,0.07,56759.92,3068.8,UPI
ORD03098,2025-04-06,CUST1643,Mouse,Accessories,South,5,727.42,0.23,2800.58,367.37,Net Banking
ORD03099,2024-07-09,CUST5279,Mouse,Accessories,East,1,710.98,0.02,696.76,150.68,Cash
ORD03100,2024-05-24,CUST2290,Tablet,Electronics,North,5,20239.5,0.11,90065.78,9010.19,Net Banking
ORD03101,2024-12-09,CUST3517,Keyboard,Accessories,South,5,1564.05,0.24,5943.38,359.87,Credit Card
ORD03102,2025-09-07,CUST4176,Headphones,Electronics,South,5,2466.53,0.23,9496.12,1417.82,Cash
ORD03103,2025-07-29,CUST8868,Laptop,Electronics,North,1,66048.24,0.18,54159.56,13285.7,Debit Card
ORD03104,2024-06-05,CUST8549,Smartwatch,Electronics,West,3,6206.97,0.15,15827.76,994.49,UPI
ORD03105,2024-11-03,CUST4184,Headphones,Electronics,North,1,2726.59,0.07,2535.73,162.32,UPI
ORD03106,2024-05-07,CUST9477,Smartphone,Electronics,North,3,32556.85,,88880.21,15022.83,Cash
ORD03107,2024-01-24,CUST1122,Keyboard,Accessories,West,2,1284.72,0.02,2518.04,251.84,Debit Card
ORD03108,2024-05-04,CUST9152,Headphones,Electronics,North,2,2412.64,0.2,3860.22,509.73,Cash
ORD03109,2024-06-23,CUST7140,Laptop,Electronics,South,1,56591.03,0.08,52063.74,11251.05,Credit Card
ORD03110,2024-04-10,CUST1087,Headphones,Electronics,North,3,2719.08,0.17,6770.51,607.79,Credit Card
ORD03111,2024-02-20,CUST1541,Smartphone,Electronics,South,3,32135.43,0.09,87729.72,17007.28,Debit Card
ORD03112,2024-09-14,CUST9171,Smartwatch,Electronics,West,3,7844.17,0.12,20708.62,3124.87,Cash
ORD03113,2025-10-22,CUST5047,Monitor,Electronics,North,2,11051.05,0.14,19007.81,4390.64,Debit Card
ORD03114,2024-06-16,CUST7026,Printer,Office,East,1,9868.89,0.2,7895.11,1931.08,Debit Card
ORD03115,2024-04-14,CUST5515,Smartwatch,Electronics,North,4,6337.42,0.05,24082.21,3539.9,Credit Card
ORD03116,2025-08-03,CUST4695,Webcam,Accessories,North,3,3364.8,0.1,9084.95,1516.55,Credit Card
ORD03117,2024-02-04,CUST1691,Headphones,Electronics,South,3,2516.68,0.03,7323.55,1458.62,Debit Card
ORD03118,2025-03-03,CUST5612,Mouse,Accessories,South,4,692.8,0.02,2715.77,308.88,Debit Card
ORD03119,2025-11-05,CUST9905,Tablet,Electronics,East,1,23418.14,0.15,19905.42,1897.94,Net Banking
ORD03120,2024-12-04,CUST2279,Mouse,Accessories,East,3,810.39,0.05,2309.61,561.09,Credit Card
ORD03121,2025-12-20,CUST1915,Smartwatch,Electronics,West,1,7690.81,0.01,7613.91,1039.47,Debit Card
ORD03122,2024-06-01,CUST5195,Mouse,Accessories,West,3,745.23,0.22,1743.83,87.75,Net Banking
ORD03123,2025-05-20,CUST8155,Laptop,Electronics,North,5,72864.76,0.13,316961.71,68953.01,Debit Card
ORD03124,2024-03-20,CUST2304,Mouse,Accessories,South,3,919.69,0.03,2676.29,454.79,Net Banking
ORD03125,2024-01-31,CUST2256,Keyboard,Accessories,North,5,1688.68,0.01,8358.99,699.75,Debit Card
ORD03126,2024-08-12,CUST3817,Monitor,Electronics,South,1,13000.41,0.03,12610.4,706.53,Cash
ORD03127,2024-07-27,CUST1027,Headphones,Electronics,West,3,2734.28,0.12,7218.49,781.74,Credit Card
ORD03128,2024-06-28,CUST7187,Mouse,Accessories,South,2,817.7,0.17,1357.38,319.77,Debit Card
ORD03129,2025-02-22,CUST7454,Smartphone,Electronics,South,2,27211.38,0.16,45715.13,10820.69,UPI
ORD03130,2025-05-11,CUST4975,Monitor,Electronics,West,4,12637.35,0.04,48527.41,5444.81,UPI
ORD03131,2024-10-31,CUST7011,Monitor,Electronics,West,2,12765.91,0.16,21446.73,4657.93,Net Banking
ORD03132,2025-10-17,CUST2396,Mouse,Accessories,South,5,916.49,0.1,4124.22,570.66,Credit Card
ORD03133,2024-11-09,CUST2067,Monitor,Electronics,East,2,12148.68,0.12,21381.69,3867.28,Net Banking
ORD03134,2024-11-29,CUST9202,Tablet,Electronics,South,2,20491.04,0.2,32785.66,3832.28,Credit Card
ORD03135,2024-03-04,CUST4783,Mouse,Accessories,West,2,844.08,0.08,1553.11,237.93,UPI
ORD03136,2024-11-03,CUST5600,Laptop,Electronics,East,3,74347.83,0.04,214121.75,23287.0,UPI
ORD03137,2024-02-09,CUST6588,Smartwatch,Electronics,East,4,6322.15,0.22,19725.11,1227.35,Net Banking
ORD03138,2024-08-30,CUST9090,Keyboard,Accessories,North,1,1421.7,0.05,1350.61,105.18,Cash
ORD03139,2024-12-26,CUST8181,Printer,Office,West,4,10125.64,0.07,37667.39,4073.16,UPI
ORD03140,2024-09-01,CUST7620,Webcam,Accessories,North,5,3153.73,0.18,12930.27,3171.16,Credit Card
ORD03141,2025-08-31,CUST6527,Monitor,Electronics,West,3,10279.99,0.17,25597.19,6223.56,Debit Card
ORD03142,2024-05-24,CUST7719,Laptop,Electronics,East,3,61821.17,0.2,148370.81,31978.76,Debit Card
ORD03143,2025-07-21,CUST7807,Headphones,Electronics,East,2,2774.03,0.05,5270.65,508.62,Debit Card
ORD03144,2024-01-30,CUST6877,Headphones,Electronics,West,2,2157.6,0.09,3926.83,543.16,UPI
ORD03145,2025-09-11,CUST2921,Webcam,Accessories,East,5,3425.38,0.03,16613.07,2291.88,Cash
ORD03146,2025-12-26,CUST5019,Keyboard,Accessories,West,3,1617.99,0.14,4174.42,531.8,UPI
ORD03147,2025-03-03,CUST9459,Monitor,Electronics,South,1,13631.46,0.07,12677.26,747.65,Credit Card
ORD03148,2025-01-16,CUST5288,Tablet,Electronics,West,4,25204.14,0.17,83677.74,13129.5,UPI
ORD03149,2025-03-28,CUST5052,Webcam,Accessories,West,3,3418.07,0.0,10254.2,662.04,UPI
ORD03150,2025-09-07,CUST6084,Keyboard,Accessories,South,1,1702.67,0.01,1685.65,354.63,UPI
ORD03151,2024-06-29,CUST1093,Monitor,Electronics,East,1,10327.51,0.11,9191.48,1730.4,UPI
ORD03152,2025-05-12,CUST9489,Laptop,Electronics,East,4,69795.38,0.24,212177.96,25577.5,Credit Card
ORD03153,2025-09-30,CUST9704,Smartwatch,Electronics,East,1,7299.77,0.22,5693.82,1021.63,UPI
ORD03154,2024-07-16,CUST8573,Tablet,Electronics,North,5,20346.84,0.25,76300.67,7371.21,Cash
ORD03155,2024-12-08,CUST1908,Printer,Office,North,1,10021.96,0.1,9019.76,929.49,Net Banking
ORD03156,2024-02-02,CUST3253,Headphones,Electronics,West,5,2222.17,0.01,10999.72,1241.06,Credit Card
ORD03157,2024-11-29,CUST3025,Smartphone,Electronics,West,1,33344.37,0.08,30676.82,6423.8,Cash
ORD03158,2024-08-21,CUST5319,Laptop,Electronics,West,2,62229.01,0.17,103300.16,9517.9,Debit Card
ORD03159,2025-07-01,CUST7181,Headphones,Electronics,South,1,2594.53,0.03,2516.7,409.1,Debit Card
ORD03160,2025-06-13,CUST1819,Mouse,Accessories,South,5,718.11,0.07,3339.19,300.84,Credit Card
ORD03161,2025-03-03,CUST4564,Smartphone,Electronics,North,1,27355.48,0.01,27081.93,2897.97,Net Banking
ORD03162,2024-09-22,CUST9302,Headphones,Electronics,South,1,2868.97,0.12,2524.69,245.14,UPI
ORD03163,2024-10-21,CUST4543,Keyboard,Accessories,West,1,1613.89,0.05,1533.19,274.44,Credit Card
ORD03164,2025-03-15,CUST7635,Tablet,Electronics,South,5,25049.01,0.02,122740.17,19067.17,UPI
ORD03165,2025-07-14,CUST1666,Headphones,Electronics,West,1,2346.89,0.1,2112.2,410.32,UPI
ORD03166,2025-07-23,CUST3145,Printer,Office,East,4,8993.69,0.09,32737.03,3076.91,Debit Card
ORD03167,2024-11-27,CUST6820,Smartwatch,Electronics,East,4,7006.44,0.13,24382.42,1263.73,Net Banking
ORD03168,2024-05-30,CUST6116,Keyboard,Accessories,North,5,1497.6,0.19,6065.28,1128.76,UPI
ORD03169,2025-10-08,CUST7741,Laptop,Electronics,West,2,58661.46,0.03,113803.23,8304.31,Credit Card
ORD03170,2024-10-27,CUST4645,Laptop,Electronics,East,4,69547.78,0.2,222552.9,22090.83,Debit Card
ORD03171,2024-12-10,CUST1258,Laptop,Electronics,West,3,62304.66,0.01,185044.85,20565.37,UPI
ORD03172,2024-11-06,CUST4533,Laptop,Electronics,South,4,58884.12,0.11,209627.47,41791.42,Debit Card
ORD03173,2025-09-27,CUST7502,Smartwatch,Electronics,East,3,6647.17,0.15,16950.27,2969.32,Debit Card
ORD03174,2024-07-01,CUST7611,Headphones,Electronics,South,5,2547.74,0.24,9681.43,840.86,Credit Card
ORD03175,2025-12-17,CUST6689,Monitor,Electronics,West,2,12815.3,0.14,22042.31,3737.88,Credit Card
ORD03176,2024-05-26,CUST3282,Headphones,Electronics,North,3,2486.42,0.04,7160.88,1372.24,Cash
ORD03177,2025-09-12,CUST2874,Mouse,Accessories,East,3,806.14,0.13,2104.03,268.85,UPI
ORD03178,2024-05-29,CUST1956,Tablet,Electronics,North,4,19617.04,0.1,70621.36,7004.97,Debit Card
ORD03179,2024-09-23,CUST6531,Smartphone,Electronics,East,3,33732.22,0.12,89053.06,16545.75,Cash
ORD03180,2025-05-04,CUST5489,Monitor,Electronics,East,5,13543.41,0.05,64331.18,11076.43,Credit Card
ORD03181,2024-05-10,CUST6263,Monitor,Electronics,East,5,12660.34,0.13,55072.46,3611.79,Net Banking
ORD03182,2024-05-26,CUST6022,Headphones,Electronics,North,5,2138.22,0.04,10263.47,1881.66,Debit Card
ORD03183,2025-08-25,CUST3057,Monitor,Electronics,East,4,12133.47,0.19,39312.43,5806.59,Net Banking
ORD03184,2025-01-09,CUST3377,Webcam,Accessories,South,2,3635.68,0.15,6180.66,1240.3,Net Banking
ORD03185,2025-04-29,CUST1529,Webcam,Accessories,West,4,4019.39,0.02,15756.0,1388.79,Debit Card
ORD03186,2025-05-18,CUST4562,Mouse,Accessories,East,5,919.06,0.22,3584.32,364.32,Cash
ORD03187,2025-05-18,CUST1263,Smartphone,Electronics,East,4,33218.5,0.15,112942.9,17919.81,Cash
ORD03188,2024-08-06,CUST1477,Printer,Office,South,5,8691.49,0.08,39980.87,5851.07,Debit Card
ORD03189,2025-05-09,CUST9547,Smartwatch,Electronics,North,1,7951.88,0.01,7872.36,1001.94,UPI
ORD03190,2025-06-29,CUST9254,Headphones,Electronics,North,1,2584.5,0.16,2170.98,432.47,Net Banking
ORD03191,2024-01-11,CUST5172,Smartwatch,Electronics,South,3,7631.86,,20834.98,3395.07,Cash
ORD03192,2024-09-17,CUST2943,Printer,Office,East,2,9721.58,0.23,14971.23,2875.29,Debit Card
ORD03193,2024-03-11,CUST8622,Headphones,Electronics,South,1,2364.75,0.01,2341.1,188.81,Credit Card
ORD03194,2024-06-12,CUST3060,Headphones,Electronics,South,5,2472.43,0.01,12238.54,2396.28,Credit Card
ORD03195,2024-09-17,CUST2714,Smartphone,Electronics,,4,26821.87,0.24,81538.49,11603.39,Debit Card
ORD03196,2025-11-26,CUST4914,Smartwatch,Electronics,West,4,6699.84,0.24,20367.51,1155.93,UPI
ORD03197,2025-10-06,CUST9860,Webcam,Accessories,East,3,3875.5,0.01,11510.23,1115.32,Credit Card
ORD03198,2025-02-14,CUST4599,Laptop,Electronics,South,4,55990.03,0.18,183647.31,10128.38,UPI
ORD03199,2025-02-19,CUST9659,Smartwatch,Electronics,North,1,6266.84,0.06,5890.83,832.82,Debit Card
ORD03200,2024-12-10,CUST5436,Tablet,Electronics,North,4,19525.77,0.18,64044.51,7376.39,Debit Card
ORD03201,2024-08-21,CUST4126,Tablet,Electronics,West,1,21360.3,0.22,16661.03,4123.44,Net Banking
ORD03202,2024-01-15,CUST8501,Headphones,Electronics,North,1,2872.74,0.03,2786.56,623.36,Debit Card
ORD03203,2025-09-08,CUST7454,Laptop,Electronics,South,2,58630.48,0.06,110225.3,23713.23,UPI
ORD03204,2024-12-19,CUST5776,Keyboard,Accessories,West,3,1340.47,0.01,3981.19,598.07,Cash
ORD03205,2025-04-27,CUST2743,Printer,Office,West,5,11245.17,0.01,55663.58,11768.25,Credit Card
ORD03206,2025-03-13,CUST7757,Mouse,Accessories,East,1,891.69,0.01,882.78,91.26,Credit Card
ORD03207,2024-01-20,CUST6532,Laptop,Electronics,West,3,55878.69,0.2,134108.85,21743.05,Net Banking
ORD03208,2025-04-16,CUST1279,Mouse,Accessories,West,5,860.41,0.07,4000.9,514.45,Cash
ORD03209,2024-06-10,CUST7194,Smartwatch,Electronics,North,4,7326.48,0.12,25789.2,2173.21,UPI
ORD03210,2025-09-30,CUST8444,Smartwatch,Electronics,West,3,7562.26,0.2,18149.41,1171.05,UPI
ORD03211,2024-02-03,CUST4030,Mouse,Accessories,West,3,798.68,0.12,2108.52,340.83,Net Banking
ORD03212,2024-04-24,CUST9538,Printer,Office,East,3,11474.14,0.11,30635.95,2130.05,Debit Card
ORD03213,2025-03-05,CUST2396,Laptop,Electronics,East,4,56105.02,0.0,224420.07,43447.86,Cash
ORD03214,2025-12-31,CUST7026,Keyboard,Accessories,West,4,1380.47,0.14,4748.81,1112.62,Credit Card
ORD03215,2024-01-21,CUST3773,Headphones,Electronics,North,3,2422.41,0.03,7049.21,581.0,Cash
ORD03216,2024-06-15,CUST7008,Smartphone,Electronics,South,2,29548.0,0.19,47867.76,6901.94,Net Banking
ORD03217,2024-10-22,CUST3770,Smartwatch,Electronics,North,1,7884.87,0.06,7411.78,1465.72,Debit Card
ORD03218,2024-06-20,CUST7023,Tablet,Electronics,South,4,22396.03,0.17,74354.82,7983.32,Cash
ORD03219,2024-06-12,CUST4734,Printer,Office,East,2,8635.33,0.16,14507.36,3396.94,Debit Card
ORD03220,2024-08-04,CUST1807,Smartphone,Electronics,West,4,29170.77,0.15,99180.61,22582.74,Cash
ORD03221,2024-07-17,CUST2800,Keyboard,Accessories,North,3,1462.42,0.07,4080.15,288.67,Credit Card
ORD03222,2024-02-19,CUST9267,Monitor,Electronics,North,2,13675.77,0.07,25436.93,1411.24,UPI
ORD03223,2025-05-12,CUST1735,Headphones,Electronics,South,5,2574.4,0.22,10040.15,2462.77,Cash
ORD03224,2025-03-17,CUST3689,Smartwatch,Electronics,South,1,7284.87,0.0,7284.87,1757.8,UPI
ORD03225,2024-11-25,CUST6370,Headphones,Electronics,West,1,2659.94,0.05,2526.94,339.77,UPI
ORD03226,2024-11-25,CUST3307,Smartphone,Electronics,West,4,32430.35,0.15,110263.2,6628.21,UPI
ORD03227,2024-10-20,CUST7460,Headphones,Electronics,East,1,2601.29,0.2,2081.03,361.63,Net Banking
ORD03228,2024-10-06,CUST2149,Monitor,Electronics,West,5,11053.9,0.09,50295.24,5466.19,Credit Card
ORD03229,2024-12-29,CUST5799,Smartphone,Electronics,North,2,33366.41,0.16,56055.57,13304.49,UPI
ORD03230,2025-07-24,CUST1547,Smartwatch,Electronics,North,2,7487.45,0.14,12878.42,2690.72,Credit Card
ORD03231,2024-06-21,CUST5261,Laptop,Electronics,North,3,69716.47,0.02,204966.43,36877.31,Cash
ORD03232,2024-06-02,CUST7481,Tablet,Electronics,South,2,25277.27,0.16,42465.82,4539.63,Credit Card
ORD03233,2025-12-31,CUST4817,Smartphone,Electronics,West,4,32722.74,0.2,104712.76,19921.99,Debit Card
ORD03234,2025-05-06,CUST1413,Webcam,Accessories,West,5,3845.61,0.25,14421.03,1555.07,UPI
ORD03235,2025-08-17,CUST4811,Monitor,Electronics,South,3,13625.06,0.01,40466.43,2327.88,Cash
ORD03236,2024-09-23,CUST1702,Smartphone,Electronics,North,4,26860.21,0.17,89175.88,13526.81,UPI
ORD03237,2025-10-01,CUST6144,Smartphone,Electronics,South,4,29979.55,0.1,107926.37,15944.71,UPI
ORD03238,2025-11-28,CUST9963,Webcam,Accessories,East,4,3584.6,0.0,14338.38,2904.97,Cash
ORD03239,2025-02-21,CUST2525,Smartwatch,Electronics,North,1,6641.48,0.15,5645.26,1259.65,Cash
ORD03240,2024-09-28,CUST4424,Smartphone,Electronics,North,4,33054.63,0.03,128251.96,15504.85,Net Banking
ORD03241,2025-03-18,CUST9640,Tablet,Electronics,East,1,23731.97,0.09,21596.09,3021.18,Net Banking
ORD03242,2025-05-27,CUST3624,Headphones,Electronics,North,2,2665.66,0.07,4958.13,714.37,Net Banking
ORD03243,2025-02-15,CUST2562,Smartwatch,Electronics,North,1,8044.01,0.09,7320.05,840.67,Credit Card
ORD03244,2024-01-15,CUST8886,Tablet,Electronics,West,4,20411.92,0.12,71849.95,14274.96,Debit Card
ORD03245,2024-03-20,CUST6207,Smartwatch,Electronics,North,5,7494.46,0.09,34099.79,5265.7,Debit Card
ORD03246,2025-11-16,CUST4003,Tablet,Electronics,North,5,22339.27,0.14,96058.86,22361.65,Credit Card
ORD03247,2025-06-27,CUST4307,Monitor,Electronics,South,2,11326.76,0.06,21294.31,3834.3,Net Banking
ORD03248,2025-07-04,CUST5145,Tablet,Electronics,East,4,19759.87,0.16,66393.17,6133.36,Debit Card
ORD03249,2025-12-05,CUST9374,Mouse,Accessories,North,1,895.01,0.21,707.06,58.66,Net Banking
ORD03250,2024-08-27,CUST1393,Tablet,Electronics,South,5,22630.01,0.06,106361.03,13239.49,Cash
ORD03251,2025-08-07,CUST3924,Laptop,Electronics,North,3,71336.21,0.13,186187.51,22228.05,Credit Card
ORD03252,2025-08-27,CUST2768,Laptop,Electronics,South,4,65884.23,0.16,221371.0,29093.99,Net Banking
ORD03253,2024-03-29,CUST5281,Printer,Office,South,4,9159.93,0.14,31510.16,2732.51,Credit Card
ORD03254,2024-09-10,CUST9280,Mouse,Accessories,East,3,761.01,0.09,2077.56,510.34,UPI
ORD03255,2024-05-18,CUST1085,Mouse,Accessories,South,5,771.57,0.16,3240.59,256.47,Credit Card
ORD03256,2025-12-10,CUST4687,Headphones,Electronics,West,3,2854.7,0.01,8478.46,1530.61,Credit Card
ORD03257,2024-10-16,CUST1119,Mouse,Accessories,North,2,681.35,0.09,1240.06,65.24,Net Banking
ORD03258,2024-11-01,CUST9279,Headphones,Electronics,West,1,2864.25,0.13,2491.9,327.42,Credit Card
ORD03259,2024-06-20,CUST1911,Printer,Office,West,1,11441.38,0.01,11326.97,1266.77,UPI
ORD03260,2025-06-09,CUST4365,Printer,Office,East,5,11488.45,0.13,49974.77,6317.06,Cash
ORD03261,2024-11-23,CUST9116,Monitor,Electronics,West,3,11915.72,0.16,30027.61,4492.59,Debit Card
ORD03262,2024-06-01,CUST3582,Laptop,Electronics,East,4,74044.27,0.19,239903.45,40801.58,Cash
ORD03263,2025-12-08,CUST5791,Tablet,Electronics,North,4,21310.95,0.03,82686.5,13784.03,Credit Card
ORD03264,2024-06-26,CUST2742,Tablet,Electronics,North,4,18873.54,0.25,56620.63,9973.31,UPI
ORD03265,2025-08-29,CUST1734,Webcam,Accessories,East,2,3210.56,0.15,5457.96,1194.8,UPI
ORD03266,2025-02-19,CUST8114,Webcam,Accessories,South,2,3967.56,0.09,7220.96,1641.64,Cash
ORD03267,2024-11-06,CUST1052,Keyboard,Accessories,East,4,1281.19,0.06,4817.29,951.17,Net Banking
ORD03268,2025-08-12,CUST2737,Smartwatch,Electronics,East,5,7096.59,0.14,30515.33,2007.56,Debit Card
ORD03269,2024-08-31,CUST8683,Monitor,Electronics,West,2,10472.17,0.22,16336.58,3957.67,Credit Card
ORD03270,2025-02-12,CUST4996,Keyboard,Accessories,North,2,1403.88,0.13,2442.75,584.99,Credit Card
ORD03271,2024-08-07,CUST2964,Keyboard,Accessories,North,1,1314.64,0.17,1091.15,209.87,Cash
ORD03272,2025-12-19,CUST5968,Smartphone,Electronics,North,1,33235.76,0.09,30244.54,4642.17,UPI
ORD03273,2025-03-11,CUST5733,Smartphone,Electronics,East,5,30819.64,0.1,138688.36,13885.99,UPI
ORD03274,2024-07-02,CUST9904,Keyboard,Accessories,East,2,1680.95,0.07,3126.56,629.28,Net Banking
ORD03275,2025-09-18,CUST7127,Mouse,Accessories,North,2,845.2,0.18,1386.14,312.67,Debit Card
ORD03276,2024-05-03,CUST6842,Smartwatch,Electronics,East,3,7989.16,0.09,21810.41,3992.12,Credit Card
ORD03277,2024-08-25,CUST9810,Monitor,Electronics,North,5,12035.56,0.05,57168.91,10051.12,Cash
ORD03278,2025-09-11,CUST8280,Keyboard,Accessories,West,5,1562.42,0.09,7109.01,629.86,Net Banking
ORD03279,2025-02-09,CUST9858,Tablet,Electronics,West,3,22503.64,0.21,53333.62,6483.2,Debit Card
ORD03280,2025-07-12,CUST5269,Smartwatch,Electronics,East,3,6966.95,0.18,17138.69,3335.66,Credit Card
ORD03281,2024-07-16,CUST7328,Smartphone,Electronics,South,1,33113.63,0.08,30464.54,1626.19,Debit Card
ORD03282,2025-07-16,CUST5491,Tablet,Electronics,North,5,22953.87,0.23,88372.38,15752.63,Credit Card
ORD03283,2025-12-06,CUST2221,Smartphone,Electronics,West,5,32711.81,0.02,160287.87,32591.98,Debit Card
ORD03284,2025-08-04,CUST9100,Smartphone,Electronics,South,3,32577.28,0.01,96754.51,11314.56,Debit Card
ORD03285,2024-03-27,CUST5805,Smartwatch,Electronics,West,4,6351.19,0.03,24642.64,1607.53,Cash
ORD03286,2024-03-15,CUST3612,Smartphone,Electronics,North,4,31351.47,0.03,121643.71,26010.33,Net Banking
ORD03287,2025-12-05,CUST5557,Printer,Office,North,1,9098.94,0.02,8916.97,698.8,UPI
ORD03288,2024-11-28,CUST8693,Laptop,Electronics,West,4,66624.75,0.17,221194.17,27463.52,Debit Card
ORD03289,2025-03-06,CUST9306,Printer,Office,East,4,10532.3,0.15,35809.83,6855.82,Cash
ORD03290,2025-01-04,CUST4801,Laptop,Electronics,North,4,74696.08,0.16,250978.84,53558.18,UPI
ORD03291,2024-02-13,CUST7526,Webcam,Accessories,South,2,3007.07,0.17,4991.73,1110.54,Net Banking
ORD03292,2024-10-23,CUST2230,Webcam,Accessories,South,1,3070.8,0.19,2487.35,388.23,Net Banking
ORD03293,2025-04-10,CUST2885,Smartphone,Electronics,East,3,26193.24,0.05,74650.73,10837.37,Debit Card
ORD03294,2024-09-06,CUST4503,Monitor,Electronics,West,4,11634.1,0.16,39090.58,8586.77,Credit Card
ORD03295,2025-02-25,CUST8672,Monitor,Electronics,North,2,13157.72,0.15,22368.12,3637.4,Net Banking
ORD03296,2025-04-17,CUST6559,Laptop,Electronics,North,4,71709.1,0.24,217995.66,36128.45,Cash
ORD03297,2024-09-29,CUST7756,Tablet,Electronics,East,2,23564.07,0.06,44300.44,6060.06,Debit Card
ORD03298,2024-06-21,CUST6288,Smartwatch,Electronics,North,1,7833.44,0.01,7755.11,966.0,Net Banking
ORD03299,2024-08-23,CUST3479,Smartphone,Electronics,North,4,28405.74,0.16,95443.28,13945.04,Debit Card
ORD03300,2024-02-15,CUST6787,Smartwatch,Electronics,South,2,6135.12,0.19,9938.9,1222.18,Credit Card
ORD03301,2025-01-26,CUST1700,Printer,Office,South,5,8674.46,0.07,40336.23,4788.29,Net Banking
ORD03302,2025-10-16,CUST7991,Monitor,Electronics,West,5,13267.68,0.14,57051.01,14190.46,Debit Card
ORD03303,2024-08-20,CUST5432,Mouse,Accessories,South,2,855.3,0.01,1693.5,198.55,Cash
ORD03304,2025-02-20,CUST4888,Printer,Office,West,4,10595.85,0.24,32211.37,3262.26,Net Banking
ORD03305,2024-09-22,CUST7422,Printer,Office,South,4,9519.03,0.03,36933.83,4461.05,Credit Card
ORD03306,2024-07-08,CUST2978,Laptop,Electronics,West,1,62658.15,0.02,61404.99,10325.63,UPI
ORD03307,2024-07-01,CUST8398,Headphones,Electronics,North,1,2843.59,0.01,2815.15,653.67,UPI
ORD03308,2024-12-22,CUST5204,Printer,Office,North,3,8691.41,0.11,23206.08,4816.95,Debit Card
ORD03309,2025-12-03,CUST2896,Smartphone,Electronics,South,1,32463.59,0.02,31814.31,6949.78,Net Banking
ORD03310,2024-05-18,CUST2149,Keyboard,Accessories,North,4,1414.33,0.19,4582.45,1016.39,Net Banking
ORD03311,2025-06-30,CUST4828,Keyboard,Accessories,West,3,1292.57,0.22,3024.62,708.08,Credit Card
ORD03312,2025-05-19,CUST7470,Smartphone,Electronics,East,1,32183.13,0.07,29930.31,2903.67,UPI
ORD03313,2025-04-26,CUST6386,Headphones,Electronics,East,2,2373.18,0.16,3986.95,564.84,Cash
ORD03314,2024-12-17,CUST8655,Headphones,Electronics,North,5,2666.61,0.01,13199.72,1676.89,UPI
ORD03315,2024-12-07,CUST7791,Laptop,Electronics,North,1,69049.26,0.1,62144.33,7853.52,Net Banking
ORD03316,2025-10-05,CUST4347,Monitor,Electronics,South,1,12125.23,0.07,11276.47,2034.91,Cash
ORD03317,2024-03-13,CUST9362,Smartwatch,Electronics,South,2,7582.48,0.06,14255.07,1858.3,Cash
ORD03318,2024-06-11,CUST4146,Headphones,Electronics,West,4,2560.78,0.16,8604.22,1490.82,Credit Card
ORD03319,2024-08-10,CUST5216,Mouse,Accessories,West,2,748.79,0.03,1452.66,183.7,Debit Card
ORD03320,2024-07-03,CUST6829,Laptop,Electronics,East,1,69565.25,0.22,54260.89,6089.46,Debit Card
ORD03321,2024-04-04,CUST9190,Webcam,Accessories,West,4,3593.6,0.17,11930.74,1439.03,Credit Card
ORD03322,2025-11-14,CUST9454,Tablet,Electronics,North,3,18784.0,0.18,46208.64,9738.54,Net Banking
ORD03323,2024-11-04,CUST7281,Webcam,Accessories,North,1,3921.73,0.23,3019.73,513.99,Net Banking
ORD03324,2024-05-27,CUST6287,Laptop,Electronics,South,2,65890.05,0.24,100152.88,24517.38,Debit Card
ORD03325,2024-11-14,CUST7659,Printer,Office,North,3,11105.88,0.14,28653.18,6204.31,UPI
ORD03326,2024-06-27,CUST3248,Smartwatch,Electronics,West,5,7803.75,0.12,34336.49,5052.82,Credit Card
ORD03327,2025-10-15,CUST3149,Tablet,Electronics,West,3,21636.78,0.08,59717.51,5880.7,UPI
ORD03328,2024-10-17,CUST4056,Webcam,Accessories,South,2,3508.04,0.18,5753.19,1063.09,Credit Card
ORD03329,2025-09-13,CUST3196,Tablet,Electronics,West,3,21443.98,0.13,55968.79,10932.34,Credit Card
ORD03330,2025-05-11,CUST9688,Mouse,Accessories,South,2,787.86,0.23,1213.31,173.3,Debit Card
ORD03331,2024-10-27,CUST1749,Mouse,Accessories,North,1,894.84,0.06,841.15,80.74,Debit Card
ORD03332,2024-06-09,CUST5102,Mouse,Accessories,South,4,869.15,0.08,3198.49,516.39,UPI
ORD03333,2024-03-01,CUST7101,Laptop,Electronics,West,5,57717.25,0.08,265499.35,26753.27,Net Banking
ORD03334,2024-03-12,CUST2046,Smartwatch,Electronics,West,4,7231.65,0.2,23141.27,5507.61,Cash
ORD03335,2025-03-12,CUST2979,Laptop,Electronics,East,4,74670.18,0.02,292707.1,51451.13,UPI
ORD03336,2025-04-26,CUST7233,Keyboard,Accessories,South,4,1543.0,0.11,5493.07,595.37,Credit Card
ORD03337,2024-04-24,CUST4601,Printer,Office,West,2,10857.61,0.11,19326.55,1800.19,Cash
ORD03338,2024-07-24,CUST7004,Printer,Office,,2,10807.18,0.02,21182.08,4095.44,Cash
ORD03339,2024-11-29,CUST5799,Mouse,Accessories,North,5,764.08,0.1,3438.34,658.64,Cash
ORD03340,2024-11-01,CUST5237,Keyboard,Accessories,North,2,1442.33,0.13,2509.66,425.2,Cash
ORD03341,2025-07-07,CUST2048,Headphones,Electronics,North,2,2668.06,0.02,5229.39,903.95,Cash
ORD03342,2025-06-15,CUST1761,Headphones,Electronics,North,2,2499.99,0.13,4349.98,742.86,UPI
ORD03343,2025-08-26,CUST3735,Mouse,Accessories,North,2,816.94,0.24,1241.74,151.52,Debit Card
ORD03344,2025-08-02,CUST4622,Webcam,Accessories,South,1,3723.55,0.24,2829.9,672.05,Debit Card
ORD03345,2024-05-14,CUST2401,Laptop,Electronics,North,5,70412.71,0.13,306295.3,44674.91,Credit Card
ORD03346,2025-07-31,CUST8379,Mouse,Accessories,West,2,745.16,0.13,1296.59,70.1,Net Banking
ORD03347,2024-05-30,CUST8792,Monitor,Electronics,West,5,10728.46,0.07,49887.33,5970.13,UPI
ORD03348,2025-07-01,CUST4148,Tablet,Electronics,North,3,20625.84,0.25,46408.15,3529.64,Cash
ORD03349,2024-05-19,CUST5621,Printer,Office,North,1,10022.61,0.07,9321.03,1143.47,Debit Card
ORD03350,2025-02-10,CUST4006,Headphones,Electronics,East,2,2381.61,0.11,4239.26,727.68,Credit Card
ORD03351,2025-05-04,CUST9757,Smartphone,Electronics,South,1,30615.26,0.0,30615.26,1669.54,Cash
ORD03352,2024-07-23,CUST2788,Headphones,Electronics,West,1,2165.1,0.09,1970.24,441.41,Credit Card
ORD03353,2024-10-21,CUST7828,Printer,Office,West,3,10029.25,0.02,29486.0,5073.41,Cash
ORD03354,2025-08-04,CUST8665,Tablet,Electronics,West,5,21128.7,0.19,85571.24,9333.63,Cash
ORD03355,2025-11-01,CUST1945,Printer,Office,West,1,10104.0,0.14,8689.44,975.31,Debit Card
ORD03356,2024-07-02,CUST3042,Smartphone,Electronics,North,4,29302.8,0.14,100801.63,14428.1,Debit Card
ORD03357,2024-01-18,CUST8848,Mouse,Accessories,North,3,748.21,0.07,2087.52,207.96,Cash
ORD03358,2025-01-17,CUST9699,Keyboard,Accessories,South,4,1681.85,0.2,5381.92,273.77,Debit Card
ORD03359,2025-07-24,CUST5225,Smartphone,Electronics,East,3,27162.88,0.0,81488.65,4507.26,UPI
ORD03360,2025-09-12,CUST6191,Printer,Office,North,4,10544.1,0.08,38802.28,4716.34,Cash
ORD03361,2025-10-04,CUST5748,Printer,Office,West,4,11273.93,0.16,37880.42,2835.13,Debit Card
ORD03362,2025-06-25,CUST8678,Monitor,Electronics,East,1,12139.21,0.23,9347.19,509.17,Credit Card
ORD03363,2025-05-22,CUST6245,Monitor,Electronics,West,1,13355.07,0.06,12553.77,2785.1,Credit Card
ORD03364,2024-07-10,CUST6882,Smartwatch,Electronics,South,3,6212.19,0.14,16027.45,1680.12,Credit Card
ORD03365,2024-07-16,CUST5609,Monitor,Electronics,North,5,11977.64,0.13,52102.73,7847.95,Net Banking
ORD03366,2024-08-29,CUST7622,Laptop,Electronics,South,1,64161.99,0.22,50046.35,4298.07,Credit Card
ORD03367,2024-03-31,CUST2033,Keyboard,Accessories,West,1,1278.65,0.01,1265.87,75.12,Credit Card
ORD03368,2024-01-02,CUST5566,Tablet,Electronics,North,2,21625.5,0.11,38493.39,7659.15,UPI
ORD03369,2025-08-31,CUST8541,Smartphone,Electronics,North,1,28821.27,0.05,27380.2,2053.28,UPI
ORD03370,2025-04-09,CUST9927,Printer,Office,North,5,10509.4,0.01,52021.51,2868.64,Net Banking
ORD03371,2024-10-11,CUST8232,Smartwatch,Electronics,North,2,7920.49,0.04,15207.35,2546.41,UPI
ORD03372,2024-01-04,CUST3156,Smartwatch,Electronics,South,4,6130.16,0.24,18635.69,981.98,Debit Card
ORD03373,2024-08-25,CUST8426,Tablet,Electronics,North,4,20861.34,0.05,79273.11,10880.8,Credit Card
ORD03374,2025-07-05,CUST7766,Keyboard,Accessories,East,2,1474.83,0.23,2271.24,244.76,Debit Card
ORD03375,2025-03-14,CUST7557,Smartphone,Electronics,North,2,29596.67,0.05,56233.67,6404.09,Net Banking
ORD03376,2025-01-24,CUST5123,Headphones,Electronics,West,2,2706.11,0.23,4167.41,211.62,Debit Card
ORD03377,2024-11-24,CUST3610,Monitor,Electronics,South,3,11796.22,0.16,29726.49,7219.65,Debit Card
ORD03378,2024-08-28,CUST4708,Mouse,Accessories,East,5,686.52,0.03,3329.62,510.74,Debit Card
ORD03379,2025-09-06,CUST3919,Smartwatch,Electronics,West,5,7441.22,0.15,31625.18,5202.42,UPI
ORD03380,2025-05-09,CUST1157,Monitor,Electronics,North,4,13385.39,0.08,49258.22,9025.31,Credit Card
ORD03381,2024-03-01,CUST4437,Monitor,Electronics,West,4,12050.06,0.1,43380.21,9088.34,Debit Card
ORD03382,2024-03-02,CUST7596,Laptop,Electronics,South,4,66581.62,0.11,237030.55,40670.13,Cash
ORD03383,2025-03-27,CUST5717,Keyboard,Accessories,South,1,1348.32,0.11,1200.01,242.93,Credit Card
ORD03384,2024-10-03,CUST5918,Mouse,Accessories,North,4,732.96,0.17,2433.41,340.06,Credit Card
ORD03385,2024-06-07,CUST1638,Headphones,Electronics,East,2,2301.38,0.19,3728.23,463.25,Cash
ORD03386,2024-08-26,CUST3639,Printer,Office,South,4,9792.23,0.08,36035.39,7734.16,Net Banking
ORD03387,2024-02-12,CUST1051,Laptop,Electronics,South,2,73348.83,0.23,112957.2,25196.47,Net Banking
ORD03388,2025-02-16,CUST5912,Monitor,Electronics,East,3,12078.43,0.23,27901.16,2164.05,Credit Card
ORD03389,2025-03-14,CUST2471,Monitor,Electronics,North,1,10891.55,0.01,10782.64,1709.39,UPI
ORD03390,2024-11-09,CUST8983,Webcam,Accessories,West,1,3254.39,0.0,3254.39,607.69,Net Banking
ORD03391,2024-05-31,CUST1329,Mouse,Accessories,North,5,772.16,0.11,3436.13,229.26,Net Banking
ORD03392,2024-03-20,CUST9976,Mouse,Accessories,North,3,829.58,0.15,2115.43,499.07,Debit Card
ORD03393,2024-05-16,CUST9487,Webcam,Accessories,West,2,3437.03,0.07,6392.88,984.64,Debit Card
ORD03394,2025-12-25,CUST1345,Mouse,Accessories,West,3,774.19,0.06,2183.21,390.99,Net Banking
ORD03395,2025-03-25,CUST3201,Monitor,Electronics,North,1,12233.02,0.17,10153.41,869.62,UPI
ORD03396,2025-01-20,CUST8313,Smartwatch,Electronics,East,2,6457.85,0.15,10978.35,1129.53,Debit Card
ORD03397,2025-11-07,CUST2505,Smartphone,Electronics,West,3,26210.13,0.04,75485.17,5601.02,UPI
ORD03398,2025-01-17,CUST4874,Monitor,Electronics,South,1,10287.89,0.22,8024.56,824.92,Credit Card
ORD03399,2024-06-13,CUST4447,Laptop,Electronics,North,2,60149.55,0.17,99848.26,14825.4,UPI
ORD03400,2025-12-09,CUST9759,Keyboard,Accessories,South,2,1316.22,0.09,2395.51,519.17,Debit Card
ORD03401,2024-10-28,CUST4956,Webcam,Accessories,South,1,3328.16,0.17,2762.37,432.99,Cash
ORD03402,2024-02-17,CUST9221,Headphones,Electronics,West,2,2704.7,0.03,5247.12,518.9,UPI
ORD03403,2024-05-06,CUST7641,Printer,Office,East,1,10648.88,0.12,9371.02,552.18,Net Banking
ORD03404,2025-01-02,CUST4658,Headphones,Electronics,South,4,2583.2,0.04,9919.47,1729.9,UPI
ORD03405,2025-10-09,CUST3541,Monitor,Electronics,North,4,13269.0,0.01,52545.24,7042.74,UPI
ORD03406,2024-02-01,CUST7883,Laptop,Electronics,West,2,60750.32,0.08,111780.59,27595.36,UPI
ORD03407,2025-05-21,CUST4209,Monitor,Electronics,South,2,13386.19,0.04,25701.49,5293.27,Net Banking
ORD03408,2025-09-04,CUST1693,Keyboard,Accessories,North,1,1454.66,0.16,1221.91,258.65,UPI
ORD03409,2024-03-17,CUST4873,Smartwatch,Electronics,North,2,6791.88,0.17,11274.51,591.31,Cash
ORD03410,2025-12-07,CUST6310,Printer,Office,North,5,9716.05,0.04,46637.06,9586.67,Net Banking
ORD03411,2024-07-19,CUST5766,Keyboard,Accessories,South,4,1319.14,0.01,5223.8,464.51,Cash
ORD03412,2024-03-08,CUST2503,Webcam,Accessories,East,2,3999.27,0.2,6398.82,1069.62,Cash
ORD03413,2024-01-28,CUST1177,Webcam,Accessories,South,2,3120.43,0.0,6240.86,870.5,Cash
ORD03414,2025-02-03,CUST1993,Monitor,Electronics,East,3,11427.19,0.09,31196.22,5126.19,Net Banking
ORD03415,2024-02-26,CUST5898,Laptop,Electronics,East,2,61476.36,0.12,108198.39,8297.59,Debit Card
ORD03416,2024-07-21,CUST4046,Keyboard,Accessories,West,5,1308.61,0.2,5234.42,740.03,Net Banking
ORD03417,2025-07-20,CUST6857,Tablet,Electronics,West,4,19704.92,0.21,62267.54,3573.47,UPI
ORD03418,2024-03-23,CUST6345,Laptop,Electronics,East,3,56124.74,0.18,138066.85,8035.47,Cash
ORD03419,2025-09-09,CUST7050,Smartwatch,Electronics,South,1,6564.05,0.06,6170.21,1120.19,UPI
ORD03420,2024-09-07,CUST9726,Webcam,Accessories,East,1,3884.99,0.18,3185.69,765.65,Cash
ORD03421,2024-12-07,CUST9188,Monitor,Electronics,East,4,11421.99,0.06,42946.69,8824.62,Cash
ORD03422,2025-02-26,CUST4029,Mouse,Accessories,East,1,709.69,0.05,674.2,96.97,UPI
ORD03423,2025-03-14,CUST1734,Webcam,Accessories,North,5,3652.98,0.14,15707.81,960.91,Credit Card
ORD03424,2025-02-17,CUST6468,Printer,Office,East,2,11489.8,0.17,19073.07,1125.39,Cash
ORD03425,2024-05-12,CUST8442,Smartphone,Electronics,North,4,27590.91,0.01,109260.02,8913.26,Credit Card
ORD03426,2025-03-04,CUST1949,Mouse,Accessories,East,3,747.1,0.02,2196.47,538.49,Net Banking
ORD03427,2025-12-04,CUST9739,Monitor,Electronics,South,2,13698.65,0.2,21917.84,2843.45,Cash
ORD03428,2025-06-27,CUST1311,Tablet,Electronics,West,1,19879.92,0.21,15705.14,3434.42,Cash
ORD03429,2025-09-01,CUST6951,Mouse,Accessories,West,1,802.69,0.15,682.29,130.34,Net Banking
ORD03430,2024-09-24,CUST3274,Printer,Office,North,3,9218.96,0.11,24614.61,4211.21,UPI
ORD03431,2024-04-16,CUST2082,Laptop,Electronics,East,5,73430.86,0.21,290051.9,69486.35,UPI
ORD03432,2024-03-06,CUST6216,Tablet,Electronics,South,3,25178.04,0.18,61937.98,5951.14,Credit Card
ORD03433,2024-02-21,CUST1720,Webcam,Accessories,North,4,3830.43,0.14,13176.69,1857.62,Net Banking
ORD03434,2025-12-11,CUST5344,Tablet,Electronics,South,3,20777.57,0.08,57346.1,12785.0,Cash
ORD03435,2024-10-14,CUST9012,Keyboard,Accessories,East,1,1456.57,0.05,1383.74,221.89,Credit Card
ORD03436,2024-08-19,CUST3308,Printer,Office,West,5,9226.92,0.1,41521.13,4122.59,UPI
ORD03437,2024-06-11,CUST2426,Mouse,Accessories,East,5,893.78,0.07,4156.09,381.46,Cash
ORD03438,2024-08-28,CUST5153,Keyboard,Accessories,East,3,1686.55,0.08,4654.88,933.66,UPI
ORD03439,2025-01-24,CUST1072,Tablet,Electronics,East,4,21464.55,0.13,74696.62,3925.89,Credit Card
ORD03440,2024-01-22,CUST5080,Keyboard,Accessories,West,1,1570.44,0.04,1507.62,351.03,UPI
ORD03441,2025-12-29,CUST7677,Headphones,Electronics,West,2,2249.16,0.2,3598.66,193.19,UPI
ORD03442,2025-11-17,CUST5198,Printer,Office,North,5,9804.81,0.04,47063.08,8292.41,Net Banking
ORD03443,2025-05-07,CUST1818,Smartwatch,Electronics,North,3,7276.15,0.12,19209.03,3283.78,Credit Card
ORD03444,2025-11-14,CUST1917,Laptop,Electronics,North,4,62765.36,0.19,203359.77,33693.1,Cash
ORD03445,2025-06-04,CUST2530,Tablet,Electronics,West,4,21060.16,0.12,74131.75,10739.36,UPI
ORD03446,2024-12-27,CUST5465,Printer,Office,West,1,8503.0,0.09,7737.73,1706.06,UPI
ORD03447,2024-02-28,CUST7975,Smartwatch,Electronics,East,5,7639.02,0.12,33611.67,6112.84,Debit Card
ORD03448,2025-04-29,CUST8352,Smartwatch,Electronics,East,1,7817.61,0.21,6175.91,1274.54,Credit Card
ORD03449,2025-09-20,CUST2049,Monitor,Electronics,South,2,13690.07,0.25,20535.1,1501.21,Credit Card
ORD03450,2024-04-10,CUST9216,Keyboard,Accessories,South,2,1598.67,0.16,2685.77,161.09,Cash
ORD03451,2024-12-05,CUST1927,Smartwatch,Electronics,North,2,7102.46,0.2,11363.94,633.04,Net Banking
ORD03452,2025-04-30,CUST2845,Headphones,Electronics,East,4,2326.96,0.0,9307.85,739.43,Cash
ORD03453,2025-11-19,CUST9156,Printer,Office,East,5,11497.9,0.22,44841.8,8224.06,Credit Card
ORD03454,2024-01-16,CUST5778,Smartphone,Electronics,South,1,30807.78,0.24,23413.91,3484.09,UPI
ORD03455,2025-05-12,CUST2927,Smartphone,Electronics,North,1,31630.39,0.14,27202.13,5452.68,Net Banking
ORD03456,2024-04-30,CUST1685,Tablet,Electronics,East,2,23203.88,0.19,37590.29,3320.95,Net Banking
ORD03457,2024-08-01,CUST7433,Webcam,Accessories,South,5,3862.51,0.13,16801.94,2073.23,Credit Card
ORD03458,2024-11-25,CUST7723,Keyboard,Accessories,North,5,1279.35,0.07,5948.99,1354.58,Credit Card
ORD03459,2024-03-24,CUST9078,Webcam,Accessories,North,3,3206.26,0.21,7598.83,1802.01,Cash
ORD03460,2024-06-29,CUST1138,Smartwatch,Electronics,North,5,7347.62,0.15,31227.39,7318.01,Debit Card
ORD03461,2025-01-20,CUST6338,Printer,Office,South,5,11185.44,0.14,48097.38,10276.53,Credit Card
ORD03462,2024-11-18,CUST9689,Tablet,Electronics,East,1,23223.24,0.16,19507.52,3660.53,Credit Card
ORD03463,2025-07-07,CUST2048,Mouse,Accessories,South,5,779.24,0.21,3077.99,716.36,Cash
ORD03464,2025-03-23,CUST9597,Smartwatch,Electronics,East,5,6709.27,0.18,27507.99,5304.54,Credit Card
ORD03465,2024-03-13,CUST6371,Keyboard,Accessories,East,1,1607.08,0.05,1526.72,367.62,Cash
ORD03466,2024-09-11,CUST2750,Smartphone,Electronics,East,5,32171.14,0.12,141553.01,7779.42,Credit Card
ORD03467,2025-11-30,CUST8049,Monitor,Electronics,West,1,12385.41,0.25,9289.06,2176.69,UPI
ORD03468,2024-10-16,CUST2616,Printer,Office,West,3,9374.4,0.14,24185.95,3897.52,Credit Card
ORD03469,2025-05-14,CUST1479,Laptop,Electronics,West,4,73290.52,0.23,225734.8,16334.07,Debit Card
ORD03470,2025-08-30,CUST8325,Webcam,Accessories,North,1,3554.47,0.2,2843.58,264.4,Net Banking
ORD03471,2025-08-10,CUST2709,Tablet,Electronics,East,1,23917.25,0.17,19851.32,4375.86,Cash
ORD03472,2024-01-02,CUST8316,Webcam,Accessories,North,5,3200.02,0.09,14560.11,2201.83,Debit Card
ORD03473,2025-01-17,CUST6262,Printer,Office,South,1,9532.12,0.08,8769.55,2162.25,Cash
ORD03474,2025-11-20,CUST6456,Webcam,Accessories,East,2,3893.31,0.16,6540.76,480.79,Debit Card
ORD03475,2024-04-21,CUST1452,Printer,Office,West,2,8650.32,0.11,15397.57,2040.19,Cash
ORD03476,2024-07-22,CUST5488,Webcam,Accessories,South,3,3512.93,0.2,8431.03,981.16,Cash
ORD03477,2024-01-26,CUST2369,Headphones,Electronics,West,1,2486.28,0.19,2013.89,308.58,Net Banking
ORD03478,2024-04-17,CUST7308,Mouse,Accessories,South,5,860.3,0.08,3957.36,699.22,Credit Card
ORD03479,2025-11-07,CUST8563,Smartwatch,Electronics,East,5,6541.98,0.18,26822.11,4890.36,Cash
ORD03480,2025-07-20,CUST1530,Smartwatch,Electronics,East,4,6410.04,0.12,22563.34,1134.01,Cash
ORD03481,2024-09-30,CUST7938,Keyboard,Accessories,North,3,1691.76,0.08,4669.26,316.54,Net Banking
ORD03482,2025-06-25,CUST2551,Laptop,Electronics,West,5,66398.34,0.1,298792.52,17034.99,Cash
ORD03483,2024-01-17,CUST7657,Laptop,Electronics,West,4,57291.45,0.22,178749.31,39846.77,Cash
ORD03484,2025-04-08,CUST1404,Keyboard,Accessories,East,5,1361.87,0.09,6196.49,698.09,UPI
ORD03485,2024-10-24,CUST9713,Monitor,Electronics,North,4,13795.77,0.07,51320.28,6333.57,UPI
ORD03486,2025-08-15,CUST1617,Smartwatch,Electronics,North,2,6360.78,0.09,11576.62,1621.59,UPI
ORD03487,2025-01-30,CUST3064,Monitor,Electronics,West,2,12397.71,0.05,23555.65,5178.97,Net Banking
ORD03488,2024-01-27,CUST4761,Printer,Office,East,5,9760.38,0.14,41969.65,2217.39,Cash
ORD03489,2024-07-01,CUST5879,Printer,Office,West,3,11156.8,0.04,32131.58,2368.86,Net Banking
ORD03490,2025-05-30,CUST2792,Smartphone,Electronics,East,1,32296.52,0.2,25837.21,4832.4,Net Banking
ORD03491,2025-11-05,CUST7156,Webcam,Accessories,West,3,3601.8,0.06,10157.07,2465.92,Debit Card
ORD03492,2025-03-24,CUST3236,Laptop,Electronics,East,3,55459.41,0.15,141421.5,25251.84,Credit Card
ORD03493,2024-11-27,CUST8599,Smartphone,Electronics,North,1,33418.16,0.03,32415.61,3313.68,Debit Card
ORD03494,2025-08-06,CUST7287,Mouse,Accessories,North,2,786.72,0.24,1195.81,184.12,Credit Card
ORD03495,2025-03-31,CUST8592,Keyboard,Accessories,West,2,1694.21,0.11,3015.69,738.83,Debit Card
ORD03496,2025-08-10,CUST2740,Keyboard,Accessories,North,1,1497.99,0.21,1183.41,184.16,Cash
ORD03497,2025-02-23,CUST9519,Printer,Office,West,4,10582.67,0.19,34287.86,4275.75,Net Banking
ORD03498,2024-08-27,CUST1694,Smartwatch,Electronics,North,3,6095.51,0.18,14994.97,1899.64,Debit Card
ORD03499,2025-05-26,CUST3928,Monitor,Electronics,West,5,12882.55,0.21,50886.06,12386.01,Debit Card
ORD03500,2024-10-16,CUST6086,Laptop,Electronics,North,2,61840.92,0.03,119971.39,23248.45,Cash
ORD03501,2025-03-14,CUST9522,Smartphone,Electronics,East,5,28662.23,0.17,118948.26,22295.02,Net Banking
ORD03502,2025-06-06,CUST9966,Monitor,Electronics,North,1,10627.16,0.07,9883.26,952.85,Credit Card
ORD03503,2025-07-24,CUST8093,Smartphone,Electronics,East,5,26821.71,0.2,107286.86,17369.41,Debit Card
ORD03504,2024-09-15,CUST2055,Webcam,Accessories,North,5,3170.05,0.24,12046.18,1461.79,Credit Card
ORD03505,2025-12-14,CUST4025,Mouse,Accessories,North,3,758.77,0.23,1752.76,171.84,UPI
ORD03506,2024-09-24,CUST5284,Mouse,Accessories,East,1,894.07,0.03,867.25,198.7,Debit Card
ORD03507,2024-04-22,CUST6197,Monitor,Electronics,South,5,11525.74,0.09,52442.1,6640.8,Net Banking
ORD03508,2025-08-07,CUST7583,Monitor,Electronics,West,2,12807.71,0.09,23310.02,2483.86,UPI
ORD03509,2025-02-08,CUST1117,Monitor,Electronics,South,1,10497.89,0.03,10182.95,2406.68,UPI
ORD03510,2025-02-05,CUST8707,Smartphone,Electronics,North,2,30819.89,0.02,60406.98,5404.57,Debit Card
ORD03511,2024-08-23,CUST8717,Webcam,Accessories,West,4,3480.99,0.1,12531.55,2495.04,Debit Card
ORD03512,2024-01-06,CUST8800,Headphones,Electronics,West,5,2858.47,0.25,10719.26,1935.36,UPI
ORD03513,2025-08-23,CUST9403,Monitor,Electronics,West,1,13246.35,0.14,11391.86,2666.8,Debit Card
ORD03514,2024-04-23,CUST5256,Smartwatch,Electronics,West,2,6905.14,0.16,11600.64,2510.49,Net Banking
ORD03515,2024-12-30,CUST2600,Laptop,Electronics,East,5,70365.28,0.12,309607.25,59153.26,Net Banking
ORD03516,2024-11-16,CUST9223,Laptop,Electronics,South,3,59014.26,0.17,146945.5,16592.25,UPI
ORD03517,2024-11-06,CUST6941,Smartphone,Electronics,South,2,30561.03,0.24,46452.76,6926.75,Debit Card
ORD03518,2024-06-16,CUST6949,Monitor,Electronics,East,2,10468.63,0.15,17796.67,4251.61,UPI
ORD03519,2024-02-21,CUST5716,Printer,Office,South,4,9544.27,0.02,37413.53,2044.29,Net Banking
ORD03520,2024-10-26,CUST1901,Keyboard,Accessories,North,3,1376.64,0.12,3634.32,759.09,Debit Card
ORD03521,2024-03-02,CUST5340,Headphones,Electronics,West,4,2664.18,0.25,7992.55,802.15,Net Banking
ORD03522,2024-03-24,CUST7005,Smartwatch,Electronics,North,3,6979.19,0.1,18843.81,1639.48,Debit Card
ORD03523,2024-12-18,CUST5839,Webcam,Accessories,North,2,3763.62,0.15,6398.16,617.07,Cash
ORD03524,2025-10-30,CUST8318,Printer,Office,South,4,10045.89,0.03,38978.04,2414.7,Net Banking
ORD03525,2025-05-17,CUST4344,Mouse,Accessories,East,5,700.76,0.04,3363.63,835.51,Credit Card
ORD03526,2025-10-20,CUST5122,Printer,Office,East,3,10706.1,0.22,25052.28,5611.06,Debit Card
ORD03527,2025-04-19,CUST9842,Smartphone,Electronics,North,2,32999.06,0.08,60718.28,9363.44,Cash
ORD03528,2025-09-26,CUST6343,Headphones,Electronics,West,1,2802.65,0.08,2578.44,497.69,Cash
ORD03529,2025-05-17,CUST5810,Tablet,Electronics,North,3,22475.15,0.1,60682.9,9789.31,Cash
ORD03530,2025-11-24,CUST3153,Tablet,Electronics,West,3,23673.66,0.24,53975.95,11459.95,Net Banking
ORD03531,2024-04-08,CUST9668,Monitor,Electronics,West,5,12907.36,0.02,63246.06,13847.92,Credit Card
ORD03532,2025-12-02,CUST4015,Monitor,Electronics,North,3,10760.7,0.2,25825.68,2493.68,Cash
ORD03533,2024-11-01,CUST8844,Smartphone,Electronics,North,3,26977.99,0.09,73649.9,10454.57,UPI
ORD03534,2024-11-10,CUST8369,Webcam,Accessories,South,5,3049.43,0.21,12045.25,2131.64,Debit Card
ORD03535,2025-12-10,CUST4081,Monitor,Electronics,West,5,11351.69,0.25,42568.83,10458.66,Debit Card
ORD03536,2025-03-17,CUST8424,Keyboard,Accessories,North,4,1488.08,0.09,5416.61,1010.4,Credit Card
ORD03537,2024-09-03,CUST7289,Headphones,Electronics,South,2,2873.42,0.03,5574.44,1279.48,Credit Card
ORD03538,2024-09-21,CUST9175,Smartphone,Electronics,West,2,29378.94,0.04,56407.56,12365.8,Net Banking
ORD03539,2025-07-22,CUST4429,Laptop,Electronics,North,4,69411.73,0.19,224894.01,37425.2,UPI
ORD03540,2025-02-28,CUST5830,Mouse,Accessories,West,2,846.42,0.04,1625.12,371.71,Debit Card
ORD03541,2024-02-27,CUST8270,Smartphone,Electronics,West,3,27340.34,0.07,76279.54,9571.89,Cash
ORD03542,2025-04-28,CUST5819,Smartphone,Electronics,East,4,26026.56,0.05,98900.94,12447.35,Cash
ORD03543,2024-11-19,CUST5143,Tablet,Electronics,South,4,22303.64,0.09,81185.27,16739.84,Debit Card
ORD03544,2024-07-04,CUST6920,Smartwatch,Electronics,East,2,7420.64,0.02,14544.46,1118.6,UPI
ORD03545,2025-05-13,CUST2208,Webcam,Accessories,East,1,4023.16,0.21,3178.3,353.32,UPI
ORD03546,2024-03-02,CUST2247,Smartwatch,Electronics,East,2,6703.08,0.22,10456.81,1795.59,Cash
ORD03547,2025-08-15,CUST8979,Keyboard,Accessories,North,1,1678.36,0.1,1510.53,202.43,Debit Card
ORD03548,2024-09-02,CUST2400,Laptop,Electronics,East,4,62697.68,0.15,213172.12,50765.82,Cash
ORD03549,2025-05-01,CUST4030,Tablet,Electronics,East,1,23250.12,0.16,19530.1,4720.45,Net Banking
ORD03550,2025-01-07,CUST5206,Laptop,Electronics,West,3,66915.93,0.19,162605.72,24474.8,Debit Card
ORD03551,2025-05-29,CUST9513,Keyboard,Accessories,East,5,1298.84,0.13,5649.96,891.63,UPI
ORD03552,2024-02-20,CUST5858,Smartwatch,Electronics,West,1,6114.62,0.13,5319.72,1036.95,Cash
ORD03553,2025-09-08,CUST8153,Smartphone,Electronics,South,5,25686.88,0.16,107884.88,15260.64,Credit Card
ORD03554,2024-04-08,CUST8875,Monitor,Electronics,West,3,11535.0,0.18,28376.11,2497.66,Credit Card
ORD03555,2024-11-18,CUST4224,Monitor,Electronics,North,5,12884.88,0.09,58626.22,11689.71,Net Banking
ORD03556,2025-08-14,CUST7120,Printer,Office,East,3,9018.27,0.08,24890.41,4917.28,Credit Card
ORD03557,2025-03-16,CUST8080,Mouse,Accessories,North,5,825.4,0.07,3838.13,379.96,Net Banking
ORD03558,2025-02-07,CUST9534,Webcam,Accessories,South,5,3278.27,0.14,14096.56,3053.08,Net Banking
ORD03559,2025-02-20,CUST5727,Keyboard,Accessories,North,2,1633.65,0.09,2973.24,513.57,UPI
ORD03560,2025-11-13,CUST9056,Mouse,Accessories,West,1,871.62,0.14,749.59,72.91,UPI
ORD03561,2024-06-03,CUST7427,Webcam,Accessories,East,5,3789.19,0.1,17051.33,3076.19,Debit Card
ORD03562,2025-06-25,CUST9928,Mouse,Accessories,West,4,805.96,0.21,2546.83,246.33,Cash
ORD03563,2025-09-02,CUST2180,Smartwatch,Electronics,North,2,6547.59,0.02,12833.28,1322.43,Credit Card
ORD03564,2024-05-25,CUST1879,Webcam,Accessories,West,1,3824.92,0.14,3289.43,722.36,Cash
ORD03565,2024-08-22,CUST7839,Smartwatch,Electronics,North,2,6340.81,0.14,10906.2,2572.75,Cash
ORD03566,2025-04-18,CUST2422,Smartphone,Electronics,,1,28107.84,0.1,25297.05,2564.53,Net Banking
ORD03567,2025-02-02,CUST3852,Tablet,Electronics,North,3,19914.05,0.11,53170.53,12527.52,Credit Card
ORD03568,2025-09-02,CUST3962,Smartwatch,Electronics,North,5,7365.84,0.2,29463.37,2880.33,UPI
ORD03569,2025-04-04,CUST8530,Monitor,Electronics,South,4,12670.45,0.07,47134.07,3462.16,Cash
ORD03570,2025-12-02,CUST9634,Mouse,Accessories,East,2,836.6,0.22,1305.1,80.45,Net Banking
ORD03571,2025-03-08,CUST4506,Printer,Office,West,2,9746.8,0.22,15205.01,1496.52,UPI
ORD03572,2024-09-13,CUST8799,Headphones,Electronics,West,2,2200.13,0.16,3696.22,469.6,Net Banking
ORD03573,2025-12-15,CUST8508,Webcam,Accessories,West,2,3931.73,0.19,6369.4,1500.06,Cash
ORD03574,2025-03-14,CUST9439,Keyboard,Accessories,North,5,1503.48,0.15,6389.79,628.96,Cash
ORD03575,2025-06-20,CUST3978,Printer,Office,North,1,9720.92,0.13,8457.2,1041.02,Cash
ORD03576,2024-06-23,CUST2497,Monitor,Electronics,East,5,12319.77,0.24,46815.12,9214.68,Credit Card
ORD03577,2025-12-13,CUST5187,Smartwatch,Electronics,East,3,6354.86,0.07,17730.06,1957.66,Credit Card
ORD03578,2025-05-05,CUST5943,Tablet,Electronics,East,5,19574.82,0.04,93959.15,17558.49,Cash
ORD03579,2024-10-09,CUST2547,Smartphone,Electronics,West,5,29149.73,0.07,135546.23,18490.62,Credit Card
ORD03580,2025-08-27,CUST2990,Headphones,Electronics,East,3,2295.42,0.15,5853.31,522.64,Net Banking
ORD03581,2025-07-15,CUST4146,Laptop,Electronics,North,5,60013.66,0.05,285064.89,56104.13,Net Banking
ORD03582,2024-08-06,CUST2746,Printer,Office,East,1,11177.53,0.23,8606.7,476.88,Debit Card
ORD03583,2024-06-04,CUST3760,Tablet,Electronics,South,4,22203.01,0.1,79930.84,8669.86,UPI
ORD03584,2024-02-26,CUST7961,Laptop,Electronics,North,3,64677.65,0.21,153286.02,18583.83,Net Banking
ORD03585,2025-05-25,CUST5636,Headphones,Electronics,South,2,2642.11,0.06,4967.17,703.57,UPI
ORD03586,2024-12-03,CUST1022,Keyboard,Accessories,East,1,1703.2,0.08,1566.94,291.41,Debit Card
ORD03587,2025-12-19,CUST6648,Keyboard,Accessories,South,4,1325.49,0.01,5248.94,744.72,Debit Card
ORD03588,2024-09-28,CUST9250,Mouse,Accessories,North,1,880.05,0.06,827.25,139.69,UPI
ORD03589,2025-12-27,CUST2679,Headphones,Electronics,West,1,2563.01,0.12,2255.45,381.52,Cash
ORD03590,2024-07-02,CUST8782,Headphones,Electronics,North,2,2234.62,0.24,3396.63,423.4,UPI
ORD03591,2024-10-17,CUST2629,Laptop,Electronics,North,4,61044.41,0.1,219759.88,52037.88,Net Banking
ORD03592,2024-10-28,CUST2525,Tablet,Electronics,North,1,21883.59,0.16,18382.21,4433.25,UPI
ORD03593,2025-08-01,CUST7585,Webcam,Accessories,South,2,3700.74,0.11,6587.31,1095.93,Net Banking
ORD03594,2024-09-03,CUST4157,Laptop,Electronics,North,3,59980.84,0.01,178143.09,11461.4,Net Banking
ORD03595,2024-01-16,CUST6817,Smartphone,Electronics,North,2,30313.91,0.13,52746.2,7818.33,Net Banking
ORD03596,2024-11-30,CUST1620,Keyboard,Accessories,North,5,1583.1,0.02,7757.2,673.98,Cash
ORD03597,2024-07-29,CUST4585,Keyboard,Accessories,East,2,1476.93,0.22,2304.02,337.87,Cash
ORD03598,2025-08-08,CUST5651,Mouse,Accessories,South,2,887.13,0.19,1437.14,126.03,Debit Card
ORD03599,2025-01-07,CUST1715,Smartphone,Electronics,East,2,33325.13,0.09,60651.74,11570.6,Credit Card
ORD03600,2025-02-09,CUST9297,Keyboard,Accessories,North,1,1486.81,0.16,1248.92,82.54,Cash
ORD03601,2025-06-13,CUST8788,Laptop,Electronics,East,4,74222.05,0.03,287981.56,69305.88,Cash
ORD03602,2024-01-22,CUST7699,Smartphone,Electronics,West,2,26180.27,0.18,42935.64,3824.5,Debit Card
ORD03603,2025-09-09,CUST1728,Laptop,Electronics,North,2,55315.57,0.21,87398.59,15918.02,Debit Card
ORD03604,2024-04-28,CUST3543,Webcam,Accessories,East,5,3374.7,0.21,13330.07,3111.14,Debit Card
ORD03605,2025-06-11,CUST4152,Webcam,Accessories,North,5,3606.15,0.07,16768.61,1669.77,UPI
ORD03606,2024-07-02,CUST1696,Keyboard,Accessories,West,3,1558.14,0.07,4347.21,1029.68,Net Banking
ORD03607,2025-05-29,CUST5229,Keyboard,Accessories,North,3,1489.4,0.13,3887.34,496.55,Cash
ORD03608,2025-05-06,CUST9598,Tablet,Electronics,North,5,19524.23,0.24,74192.07,17962.36,Net Banking
ORD03609,2025-05-20,CUST8165,Webcam,Accessories,East,4,3154.02,0.23,9714.39,2372.96,Credit Card
ORD03610,2025-09-26,CUST6185,Printer,Office,North,3,11056.44,0.09,30184.09,2644.61,Debit Card
ORD03611,2025-03-12,CUST3348,Printer,Office,West,4,11103.73,0.19,35976.1,7778.66,Credit Card
ORD03612,2024-04-14,CUST4314,Mouse,Accessories,West,5,841.74,0.23,3240.68,287.4,Debit Card
ORD03613,2024-04-12,CUST1515,Webcam,Accessories,East,3,3672.43,0.07,10246.08,976.33,Debit Card
ORD03614,2024-07-26,CUST3144,Laptop,Electronics,North,2,66904.8,0.21,105709.59,7064.07,Credit Card
ORD03615,2025-10-22,CUST4425,Laptop,Electronics,South,5,59207.05,0.07,275312.8,22384.97,Net Banking
ORD03616,2025-12-05,CUST8263,Monitor,Electronics,North,3,11741.7,0.09,32054.85,5655.88,Credit Card
ORD03617,2024-02-16,CUST2745,Smartphone,Electronics,South,4,31763.05,0.05,120699.6,16879.9,UPI
ORD03618,2024-10-30,CUST3184,Smartwatch,Electronics,North,4,7078.23,0.13,24632.24,5128.16,Cash
ORD03619,2024-06-15,CUST4428,Printer,Office,West,3,8555.74,0.21,20277.11,2360.24,Cash
ORD03620,2025-05-08,CUST2071,Keyboard,Accessories,West,4,1704.1,0.13,5930.27,1445.35,Net Banking
ORD03621,2024-03-27,CUST2187,Mouse,Accessories,North,3,882.76,0.03,2568.82,154.06,Net Banking
ORD03622,2024-08-13,CUST1499,Smartwatch,Electronics,North,3,6497.14,0.06,18321.95,1146.72,Net Banking
ORD03623,2024-04-29,CUST3549,Headphones,Electronics,West,4,2587.34,0.14,8900.46,1693.54,Credit Card
ORD03624,2024-09-04,CUST7081,Mouse,Accessories,North,1,901.58,0.15,766.34,174.35,Credit Card
ORD03625,2025-05-19,CUST8147,Headphones,Electronics,North,2,2197.01,0.14,3778.85,790.16,Credit Card
ORD03626,2024-12-18,CUST6745,Webcam,Accessories,East,5,3503.18,0.02,17165.59,2539.88,Debit Card
ORD03627,2024-05-23,CUST1820,Headphones,Electronics,East,2,2467.18,0.19,3996.84,415.38,Credit Card
ORD03628,2024-12-15,CUST9765,Headphones,Electronics,East,5,2432.65,0.23,9365.72,493.48,Cash
ORD03629,2025-05-29,CUST6245,Tablet,Electronics,South,5,24214.88,0.13,105334.75,15999.33,Cash
ORD03630,2024-11-12,CUST2698,Tablet,Electronics,West,2,21212.26,0.18,34788.11,5048.7,Debit Card
ORD03631,2024-01-26,CUST4042,Tablet,Electronics,North,3,19120.18,0.23,44167.61,5249.28,Credit Card
ORD03632,2025-06-13,CUST4256,Webcam,Accessories,West,4,3044.13,0.16,10228.28,1693.95,Credit Card
ORD03633,2024-11-17,CUST8996,Smartwatch,Electronics,North,1,6039.76,0.17,5013.0,981.36,UPI
ORD03634,2024-10-22,CUST3187,Mouse,Accessories,North,1,778.19,0.18,638.12,121.36,UPI
ORD03635,2024-05-10,CUST2778,Mouse,Accessories,West,1,852.42,0.07,792.75,81.38,Cash
ORD03636,2024-01-17,CUST1048,Keyboard,Accessories,South,2,1366.68,0.15,2323.35,388.14,Net Banking
ORD03637,2025-08-04,CUST2494,Tablet,Electronics,South,2,22966.69,0.21,36287.37,2894.1,Cash
ORD03638,2024-07-03,CUST7467,Webcam,Accessories,South,3,3696.44,0.07,10313.08,766.47,Debit Card
ORD03639,2024-02-18,CUST1918,Keyboard,Accessories,South,1,1389.84,0.22,1084.08,224.59,Credit Card
ORD03640,2024-03-16,CUST1350,Smartphone,Electronics,East,3,30905.02,0.16,77880.65,14699.91,UPI
ORD03641,2025-06-11,CUST2926,Keyboard,Accessories,West,1,1583.19,0.11,1409.04,286.86,Cash
ORD03642,2024-01-06,CUST2917,Smartwatch,Electronics,South,2,6929.89,0.16,11642.21,937.11,Debit Card
ORD03643,2024-02-03,CUST6266,Printer,Office,South,4,9510.15,0.1,34236.54,7974.5,Net Banking
ORD03644,2024-02-28,CUST7010,Headphones,Electronics,South,4,2589.36,0.21,8182.39,626.95,Cash
ORD03645,2024-03-07,CUST4959,Tablet,Electronics,South,4,25153.79,0.12,88541.34,19833.92,Credit Card
ORD03646,2024-09-11,CUST6269,Printer,Office,East,4,9780.52,0.23,30124.01,3629.22,Credit Card
ORD03647,2025-02-06,CUST6692,Keyboard,Accessories,North,5,1451.28,0.13,6313.07,448.78,UPI
ORD03648,2024-06-05,CUST8240,Webcam,Accessories,South,1,3462.48,0.17,2873.86,308.52,Debit Card
ORD03649,2024-02-01,CUST6177,Headphones,Electronics,East,4,2182.16,0.25,6546.49,564.89,Net Banking
ORD03650,2024-01-10,CUST8903,Mouse,Accessories,East,5,812.76,0.04,3901.24,577.91,Net Banking
ORD03651,2025-12-04,CUST5766,Laptop,Electronics,East,5,61659.6,0.18,252804.36,60660.17,Debit Card
ORD03652,2025-01-09,CUST8455,Headphones,Electronics,North,5,2216.07,0.03,10747.92,1242.18,UPI
ORD03653,2025-12-31,CUST5104,Smartwatch,Electronics,West,3,6929.14,0.21,16422.06,2831.49,Credit Card
ORD03654,2024-12-14,CUST2501,Smartwatch,Electronics,South,3,5957.11,0.15,15190.62,3468.69,Net Banking
ORD03655,2025-08-11,CUST6668,Keyboard,Accessories,North,5,1455.8,0.23,5604.84,986.54,Debit Card
ORD03656,2025-06-15,CUST3823,Smartphone,Electronics,East,4,26451.62,0.22,82529.05,10104.84,UPI
ORD03657,2024-06-04,CUST1067,Smartwatch,Electronics,North,1,6001.01,0.02,5880.99,1459.47,Credit Card
ORD03658,2024-01-27,CUST7676,Smartwatch,Electronics,West,2,7681.4,0.03,14901.91,1303.66,Debit Card
ORD03659,2024-06-01,CUST8944,Webcam,Accessories,East,3,3937.06,0.15,10039.51,1552.62,UPI
ORD03660,2024-10-11,CUST1763,Keyboard,Accessories,West,4,1368.45,0.13,4762.22,996.93,Cash
ORD03661,2025-09-19,CUST6572,Headphones,Electronics,West,4,2529.47,0.04,9713.18,486.92,Debit Card
ORD03662,2024-09-06,CUST9669,Smartphone,Electronics,East,2,28001.62,0.03,54323.15,10343.6,Net Banking
ORD03663,2025-03-04,CUST5613,Printer,Office,South,2,9980.73,0.14,17166.86,1773.33,Debit Card
ORD03664,2025-07-10,CUST6039,Laptop,Electronics,West,4,63764.31,0.01,252506.67,21196.76,Credit Card
ORD03665,2024-10-12,CUST2023,Tablet,Electronics,East,2,20475.74,0.22,31942.15,3348.78,Debit Card
ORD03666,2025-05-20,CUST6838,Mouse,Accessories,North,4,848.09,0.2,2713.9,660.46,Credit Card
ORD03667,2024-10-20,CUST6576,Smartwatch,Electronics,North,2,6215.63,0.2,9945.01,2271.31,UPI
ORD03668,2025-03-19,CUST5738,Keyboard,Accessories,West,2,1298.88,0.0,2597.77,240.95,Cash
ORD03669,2024-10-14,CUST7814,Tablet,Electronics,East,4,23766.66,0.01,94115.97,6908.62,Credit Card
ORD03670,2024-11-01,CUST3426,Mouse,Accessories,West,5,839.82,0.14,3611.24,443.57,UPI
ORD03671,2024-03-11,CUST7758,Mouse,Accessories,South,4,799.65,0.25,2398.94,404.14,UPI
ORD03672,2024-06-11,CUST5742,Printer,Office,North,1,9903.37,0.09,9012.07,2013.56,Cash
ORD03673,2025-04-25,CUST2531,Printer,Office,South,2,9992.23,0.09,18185.87,4423.13,Net Banking
ORD03674,2025-08-10,CUST5699,Printer,Office,West,3,9811.07,0.03,28550.22,5716.63,Net Banking
ORD03675,2024-12-08,CUST2401,Monitor,Electronics,South,2,11614.41,0.17,19279.92,3273.76,Debit Card
ORD03676,2025-05-31,CUST6858,Monitor,Electronics,South,1,11998.89,0.16,10079.06,790.87,Net Banking
ORD03677,2024-04-16,CUST1654,Mouse,Accessories,West,3,806.84,0.03,2347.91,152.16,Debit Card
ORD03678,2025-09-22,CUST9966,Printer,Office,West,3,10575.71,0.12,27919.87,4724.19,Credit Card
ORD03679,2025-08-31,CUST7622,Webcam,Accessories,West,4,3721.77,0.17,12356.27,1949.98,Credit Card
ORD03680,2025-11-23,CUST7053,Smartwatch,Electronics,South,5,6743.02,0.12,29669.29,6504.03,Debit Card
ORD03681,2025-05-12,CUST6511,Tablet,Electronics,East,4,21429.37,0.17,71145.5,8147.67,Cash
ORD03682,2024-01-01,CUST4823,Tablet,Electronics,East,3,21166.4,0.2,50799.36,2943.22,Cash
ORD03683,2025-08-20,CUST8631,Monitor,Electronics,East,3,12131.53,0.17,30207.51,4070.21,Net Banking
ORD03684,2025-04-20,CUST9801,Mouse,Accessories,South,5,788.8,0.15,3352.42,817.44,Credit Card
ORD03685,2025-03-28,CUST1384,Keyboard,Accessories,North,2,1675.32,0.21,2647.0,553.53,Credit Card
ORD03686,2024-03-05,CUST9909,Headphones,Electronics,North,5,2647.27,0.23,10191.99,578.44,Cash
ORD03687,2025-04-29,CUST4158,Headphones,Electronics,West,4,2798.99,0.1,10076.37,2266.54,UPI
ORD03688,2025-09-06,CUST1191,Monitor,Electronics,East,2,12752.89,0.04,24485.55,3534.19,Cash
ORD03689,2025-02-25,CUST9161,Keyboard,Accessories,North,4,1711.95,0.2,5478.23,673.57,Cash
ORD03690,2025-06-19,CUST7785,Monitor,Electronics,East,5,12488.65,0.05,59321.1,7079.85,UPI
ORD03691,2024-05-30,CUST3743,Headphones,Electronics,South,2,2847.66,0.23,4385.4,741.26,Net Banking
ORD03692,2025-01-25,CUST5944,Keyboard,Accessories,West,5,1346.18,0.01,6663.57,1040.32,Debit Card
ORD03693,2025-02-18,CUST9350,Printer,Office,West,1,8657.43,0.23,6666.22,1208.76,Net Banking
ORD03694,2024-01-07,CUST4385,Mouse,Accessories,West,3,818.99,0.15,2088.42,344.02,UPI
ORD03695,2025-05-30,CUST8158,Tablet,Electronics,West,2,25191.06,0.19,40809.51,3215.34,UPI
ORD03696,2025-11-24,CUST3009,Webcam,Accessories,West,3,3413.49,0.1,9216.41,934.98,Net Banking
ORD03697,2025-04-10,CUST5728,Smartphone,Electronics,West,1,27408.39,0.25,20556.29,4485.5,Debit Card
ORD03698,2024-04-13,CUST3722,Mouse,Accessories,West,2,805.17,0.06,1513.72,276.48,Net Banking
ORD03699,2025-04-08,CUST6123,Printer,Office,East,3,10446.4,0.07,29145.44,4071.04,Credit Card
ORD03700,2025-07-17,CUST7939,Headphones,Electronics,North,3,2361.38,0.01,7013.31,606.79,Credit Card
ORD03701,2025-08-16,CUST8397,Printer,Office,East,2,10644.31,0.24,16179.35,833.85,Credit Card
ORD03702,2025-07-13,CUST4998,Monitor,Electronics,East,3,13710.41,0.11,36606.8,4113.78,Debit Card
ORD03703,2024-12-16,CUST4849,Keyboard,Accessories,North,3,1678.63,0.17,4179.8,254.84,Debit Card
ORD03704,2025-12-29,CUST2448,Tablet,Electronics,East,2,20624.46,0.17,34236.61,5014.19,UPI
ORD03705,2024-12-31,CUST2004,Smartwatch,Electronics,West,3,6636.12,0.22,15528.52,3328.7,Cash
ORD03706,2024-06-30,CUST8184,Monitor,Electronics,East,3,11537.55,0.17,28728.5,3076.24,Debit Card
ORD03707,2024-08-30,CUST8868,Mouse,Accessories,West,4,774.69,0.14,2664.94,585.09,Cash
ORD03708,2024-08-07,CUST1211,Monitor,Electronics,North,4,10561.15,0.18,34640.57,6613.33,Credit Card
ORD03709,2024-07-26,CUST6947,Mouse,Accessories,East,1,862.87,0.19,698.93,52.46,Credit Card
ORD03710,2025-09-30,CUST9369,Smartwatch,Electronics,South,4,6717.21,0.05,25525.41,4566.81,Cash
ORD03711,2024-06-30,CUST7108,Laptop,Electronics,East,4,72406.49,0.03,280937.18,22569.36,Net Banking
ORD03712,2025-03-04,CUST9814,Tablet,Electronics,North,1,24817.81,0.02,24321.45,4401.17,UPI
ORD03713,2024-02-04,CUST1643,Webcam,Accessories,South,3,3000.65,0.09,8191.78,643.41,UPI
ORD03714,2025-11-05,CUST1030,Webcam,Accessories,West,3,4012.93,0.12,10594.13,1361.37,Net Banking
ORD03715,2025-02-24,CUST9195,Smartphone,Electronics,South,4,31890.2,0.15,108426.7,17708.12,Cash
ORD03716,2024-07-21,CUST1017,Printer,Office,West,1,10061.18,0.24,7646.49,459.36,Cash
ORD03717,2024-06-10,CUST8162,Laptop,Electronics,North,3,62845.79,0.08,173454.38,13991.12,Debit Card
ORD03718,2025-02-11,CUST5327,Webcam,Accessories,West,5,3519.44,0.19,14253.75,1626.09,Credit Card
ORD03719,2024-12-14,CUST2825,Monitor,Electronics,North,2,11368.65,0.13,19781.45,2818.14,Credit Card
ORD03720,2024-01-04,CUST9239,Printer,Office,East,2,10368.06,0.06,19491.96,4321.32,Cash
ORD03721,2024-12-26,CUST7206,Laptop,Electronics,South,2,57063.12,0.15,97007.3,8483.74,Debit Card
ORD03722,2025-08-12,CUST7413,Keyboard,Accessories,South,4,1554.51,0.24,4725.7,564.69,Debit Card
ORD03723,2025-10-25,CUST4161,Keyboard,Accessories,South,2,1398.91,0.03,2713.88,393.93,UPI
ORD03724,2024-12-23,CUST3047,Printer,Office,West,2,8552.9,0.13,14882.05,1624.46,UPI
ORD03725,2025-09-19,CUST8766,Mouse,Accessories,North,5,812.65,0.01,4022.61,704.56,Cash
ORD03726,2024-02-05,CUST9480,Mouse,Accessories,East,3,818.83,0.08,2259.96,228.98,UPI
ORD03727,2024-11-30,CUST8248,Monitor,Electronics,North,5,11735.65,0.16,49289.72,10078.27,Debit Card
ORD03728,2024-10-17,CUST9361,Laptop,Electronics,South,4,56659.58,0.21,179044.28,27041.2,Net Banking
ORD03729,2024-10-11,CUST3943,Laptop,Electronics,West,2,72670.19,0.18,119179.11,8016.1,Credit Card
ORD03730,2024-02-05,CUST8026,Printer,Office,East,3,10334.29,0.12,27282.53,4785.35,Cash
ORD03731,2024-11-19,CUST5778,Headphones,Electronics,East,2,2211.78,0.23,3406.15,558.09,UPI
ORD03732,2025-04-07,CUST8645,Keyboard,Accessories,West,2,1504.92,0.08,2769.05,325.97,UPI
ORD03733,2025-01-29,CUST3190,Laptop,Electronics,North,4,64946.46,0.19,210426.53,10990.88,Debit Card
ORD03734,2025-07-20,CUST9497,Printer,Office,West,2,8681.21,0.12,15278.92,1377.25,UPI
ORD03735,2024-02-18,CUST7515,Smartwatch,Electronics,South,1,7224.41,0.22,5635.04,738.99,Credit Card
ORD03736,2025-04-07,CUST9766,Smartphone,Electronics,South,3,32774.94,0.2,78659.85,7078.03,Cash
ORD03737,2024-11-08,CUST6223,Smartwatch,Electronics,South,3,7522.92,0.23,17377.94,2876.02,UPI
ORD03738,2024-12-20,CUST1000,Tablet,Electronics,East,1,20039.6,0.05,19037.62,3664.07,Net Banking
ORD03739,2024-12-08,CUST7871,Monitor,Electronics,South,4,13304.25,0.17,44170.12,9770.59,Net Banking
ORD03740,2024-02-24,CUST6244,Laptop,Electronics,North,2,61929.57,0.18,101564.5,18220.32,Cash
ORD03741,2024-11-07,CUST8203,Tablet,Electronics,East,2,24946.96,0.19,40414.07,7589.84,Net Banking
ORD03742,2024-09-16,CUST1241,Webcam,Accessories,North,3,3050.34,0.13,7961.38,1366.88,Net Banking
ORD03743,2025-10-03,CUST6073,Tablet,Electronics,East,4,21908.98,0.0,87635.91,21654.59,UPI
ORD03744,2024-03-28,CUST3537,Printer,Office,North,4,10291.37,0.07,38283.91,3912.62,Net Banking
ORD03745,2024-11-15,CUST5860,Laptop,Electronics,South,4,60079.18,0.08,221091.37,22828.07,UPI
ORD03746,2025-01-24,CUST6284,Smartphone,Electronics,East,2,32442.42,0.21,51259.03,3858.1,Credit Card
ORD03747,2024-09-26,CUST6063,Printer,Office,North,4,10380.69,0.21,32802.97,4826.53,Debit Card
ORD03748,2025-04-04,CUST3641,Printer,Office,East,1,8554.33,0.03,8297.7,574.47,UPI
ORD03749,2024-12-26,CUST2835,Monitor,Electronics,East,5,12390.13,0.24,47082.48,4897.96,Debit Card
ORD03750,2024-05-05,CUST6195,Monitor,Electronics,South,4,11969.32,0.05,45483.42,6664.97,UPI
ORD03751,2024-07-03,CUST9524,Keyboard,Accessories,East,5,1363.21,0.1,6134.46,1481.59,UPI
ORD03752,2024-12-30,CUST4917,Keyboard,Accessories,West,2,1723.09,0.05,3273.86,794.77,Cash
ORD03753,2025-06-25,CUST4762,Mouse,Accessories,North,4,895.32,0.22,2793.4,555.18,UPI
ORD03754,2025-12-20,CUST9968,Headphones,Electronics,West,3,2344.38,0.19,5696.85,728.34,Net Banking
ORD03755,2024-01-08,CUST1369,Laptop,Electronics,East,2,65800.88,0.09,119757.61,26709.81,Net Banking
ORD03756,2025-10-15,CUST7480,Laptop,Electronics,North,1,61421.79,0.17,50980.09,11475.17,UPI
ORD03757,2025-12-24,CUST9023,Tablet,Electronics,West,1,23818.27,0.05,22627.36,5250.44,Credit Card
ORD03758,2025-02-17,CUST1580,Laptop,Electronics,West,5,73391.46,0.1,330261.58,58788.22,Net Banking
ORD03759,2024-05-11,CUST2562,Laptop,Electronics,South,5,62247.16,0.09,283224.57,25591.76,Debit Card
ORD03760,2024-12-21,CUST5487,Headphones,Electronics,West,3,2729.19,0.06,7696.31,525.01,Credit Card
ORD03761,2024-11-18,CUST3053,Webcam,Accessories,East,3,3498.33,0.22,8186.09,1906.99,Debit Card
ORD03762,2024-04-11,CUST6508,Keyboard,Accessories,North,1,1453.46,0.17,1206.37,73.72,UPI
ORD03763,2025-04-10,CUST9629,Keyboard,Accessories,East,4,1697.29,0.07,6313.92,689.34,UPI
ORD03764,2025-03-04,CUST4188,Smartphone,Electronics,West,1,30093.64,0.06,28288.02,4169.44,UPI
ORD03765,2024-03-15,CUST2990,Laptop,Electronics,East,1,64364.5,0.0,64364.5,3501.13,Net Banking
ORD03766,2024-04-09,CUST4747,Headphones,Electronics,West,3,2629.33,0.09,7178.06,1660.88,Credit Card
ORD03767,2024-08-23,CUST4062,Keyboard,Accessories,South,5,1392.56,0.13,6057.62,650.73,Debit Card
ORD03768,2024-09-25,CUST4967,Headphones,Electronics,East,3,2368.59,0.07,6608.38,368.09,Cash
ORD03769,2025-07-20,CUST4381,Smartwatch,Electronics,East,3,7907.3,0.18,19451.95,4838.05,Credit Card
ORD03770,2024-09-10,CUST7305,Webcam,Accessories,South,3,3687.46,0.1,9956.13,1117.86,Debit Card
ORD03771,2025-12-27,CUST8455,Laptop,Electronics,East,1,71369.42,0.08,65659.87,14796.65,Cash
ORD03772,2024-11-24,CUST5658,Smartphone,Electronics,West,4,27940.01,0.23,86055.22,12107.53,Credit Card
ORD03773,2024-10-25,CUST2666,Tablet,Electronics,South,1,22289.02,0.07,20728.78,3785.6,Credit Card
ORD03774,2025-01-04,CUST6885,Keyboard,Accessories,East,2,1712.13,0.1,3081.83,302.69,UPI
ORD03775,2025-11-01,CUST8508,Smartwatch,Electronics,West,3,6619.28,0.1,17872.05,2691.09,Credit Card
ORD03776,2024-09-15,CUST4499,Headphones,Electronics,West,3,2245.36,0.06,6331.91,642.88,Debit Card
ORD03777,2024-08-15,CUST6383,Monitor,Electronics,North,2,12039.19,0.05,22874.46,5494.83,UPI
ORD03778,2025-01-11,CUST1825,Printer,Office,North,3,9663.46,0.08,26671.16,1658.65,Credit Card
ORD03779,2024-05-24,CUST1891,Laptop,Electronics,North,3,58361.76,0.22,136566.51,14330.58,UPI
ORD03780,2024-03-20,CUST4418,Laptop,Electronics,South,3,72576.75,0.19,176361.51,40320.08,Cash
ORD03781,2024-02-08,CUST1316,Smartwatch,Electronics,West,2,8030.52,0.17,13330.66,1946.37,Debit Card
ORD03782,2025-12-06,CUST7068,Headphones,Electronics,South,1,2551.44,0.11,2270.78,386.07,Cash
ORD03783,2025-12-09,CUST5294,Mouse,Accessories,South,3,865.92,0.13,2260.06,407.58,Debit Card
ORD03784,2024-04-06,CUST2099,Laptop,Electronics,South,4,72001.25,0.07,267844.64,17191.74,Net Banking
ORD03785,2024-09-02,CUST4953,Mouse,Accessories,South,2,848.24,0.02,1662.54,89.03,Cash
ORD03786,2024-11-28,CUST3467,Monitor,Electronics,South,5,10358.96,0.08,47651.22,11320.42,Net Banking
ORD03787,2025-08-10,CUST5965,Smartwatch,Electronics,East,2,6281.03,0.12,11054.62,1153.0,UPI
ORD03788,2025-02-06,CUST8530,Headphones,Electronics,North,1,2178.24,0.01,2156.46,271.85,Cash
ORD03789,2024-10-04,CUST3450,Headphones,Electronics,South,2,2132.41,0.02,4179.52,779.14,Credit Card
ORD03790,2024-01-08,CUST7161,Webcam,Accessories,East,5,3296.3,0.07,15327.78,1490.79,Debit Card
ORD03791,2024-12-29,CUST3707,Printer,Office,East,4,9677.07,0.09,35224.53,6925.64,Credit Card
ORD03792,2025-03-27,CUST3561,Keyboard,Accessories,West,5,1383.46,0.1,6225.59,881.84,Credit Card
ORD03793,2025-12-11,CUST1029,Keyboard,Accessories,South,2,1304.07,0.03,2529.9,559.92,UPI
ORD03794,2024-09-08,CUST1434,Tablet,Electronics,North,5,22197.1,0.06,104326.35,11028.14,UPI
ORD03795,2024-01-18,CUST1046,Smartphone,Electronics,West,2,27959.87,0.07,52005.37,4720.24,Credit Card
ORD03796,2025-01-24,CUST9490,Smartwatch,Electronics,South,4,7621.68,0.02,29876.98,6463.52,Credit Card
ORD03797,2024-08-29,CUST4541,Monitor,Electronics,West,4,10228.99,0.08,37642.68,4338.89,Credit Card
ORD03798,2024-09-09,CUST5482,Headphones,Electronics,North,1,2756.9,0.02,2701.76,357.64,Debit Card
ORD03799,2024-01-04,CUST4554,Printer,Office,North,4,11364.26,0.18,37274.78,7780.8,UPI
ORD03800,2025-01-07,CUST8022,Mouse,Accessories,South,3,851.87,0.1,2300.06,407.38,Cash
ORD03801,2025-02-28,CUST6797,Smartwatch,Electronics,North,5,7490.65,0.08,34457.0,4766.96,UPI
ORD03802,2024-06-27,CUST5257,Tablet,Electronics,North,5,24861.51,0.03,120578.33,12055.19,Credit Card
ORD03803,2024-01-12,CUST4378,Smartwatch,Electronics,North,2,6389.05,0.06,12011.41,2436.4,Cash
ORD03804,2024-10-19,CUST1338,Tablet,Electronics,South,4,25264.13,0.06,94993.14,8177.6,Cash
ORD03805,2024-09-15,CUST7202,Headphones,Electronics,West,1,2705.11,0.25,2028.83,478.11,Cash
ORD03806,2025-03-04,CUST6339,Smartphone,Electronics,West,1,32039.14,0.21,25310.92,2026.47,UPI
ORD03807,2025-08-19,CUST3408,Tablet,Electronics,West,1,21083.2,0.0,21083.2,4448.28,Credit Card
ORD03808,2024-10-21,CUST7168,Headphones,Electronics,West,3,2534.33,0.15,6462.55,871.47,Credit Card
ORD03809,2024-11-28,CUST2929,Headphones,Electronics,West,4,2615.44,0.06,9834.05,857.54,Net Banking
ORD03810,2024-04-21,CUST3500,Smartphone,Electronics,West,1,31083.09,0.03,30150.59,3933.92,Debit Card
ORD03811,2024-07-24,CUST8374,Keyboard,Accessories,West,3,1592.24,0.18,3916.92,369.41,UPI
ORD03812,2024-08-09,CUST3295,Smartwatch,Electronics,North,5,6123.0,0.03,29696.56,2292.54,Net Banking
ORD03813,2025-06-13,CUST8415,Laptop,Electronics,West,2,62185.14,0.11,110689.56,10828.88,Net Banking
ORD03814,2024-01-13,CUST8218,Laptop,Electronics,North,4,63713.0,0.16,214075.68,47841.57,Net Banking
ORD03815,2024-09-26,CUST8092,Mouse,Accessories,East,4,742.55,0.14,2554.38,181.84,UPI
ORD03816,2025-07-06,CUST3224,Mouse,Accessories,South,5,721.43,0.24,2741.44,670.3,Debit Card
ORD03817,2024-02-09,CUST7268,Laptop,Electronics,North,4,57959.09,0.2,185469.07,9458.87,Cash
ORD03818,2025-05-19,CUST9357,Monitor,Electronics,South,4,11518.98,0.19,37321.5,6779.36,Debit Card
ORD03819,2025-08-23,CUST7120,Laptop,Electronics,South,4,64872.11,0.09,236134.49,52257.13,Debit Card
ORD03820,2025-09-04,CUST9317,Mouse,Accessories,East,4,695.11,0.0,2780.46,658.39,Credit Card
ORD03821,2025-12-31,CUST4440,Printer,Office,West,3,11339.37,0.18,27894.86,2198.03,Net Banking
ORD03822,2024-08-02,CUST1881,Mouse,Accessories,East,3,863.66,0.25,1943.23,368.52,Net Banking
ORD03823,2024-10-30,CUST6933,Monitor,Electronics,North,2,12831.07,0.1,23095.92,1650.66,Cash
ORD03824,2025-06-05,CUST8414,Smartwatch,Electronics,North,4,6313.01,0.25,18939.02,2282.57,Credit Card
ORD03825,2025-12-29,CUST5165,Laptop,Electronics,North,5,67024.11,0.04,321715.75,63180.24,Cash
ORD03826,2024-04-30,CUST7137,Smartphone,Electronics,South,1,30267.52,0.07,28148.8,3355.19,UPI
ORD03827,2024-11-05,CUST1522,Printer,Office,West,2,11447.41,0.04,21979.02,2476.48,Credit Card
ORD03828,2025-11-05,CUST4129,Headphones,Electronics,West,1,2685.75,0.12,2363.46,173.03,Net Banking
ORD03829,2025-10-25,CUST4545,Monitor,Electronics,West,1,12272.74,0.2,9818.19,621.37,Cash
ORD03830,2024-10-31,CUST7996,Mouse,Accessories,East,4,884.2,0.09,3218.47,235.13,Credit Card
ORD03831,2025-03-01,CUST3981,Smartphone,Electronics,East,5,26895.85,0.23,103549.02,23308.36,Credit Card
ORD03832,2025-04-03,CUST4150,Tablet,Electronics,North,1,18800.43,0.14,16168.37,844.63,Debit Card
ORD03833,2025-08-18,CUST7328,Keyboard,Accessories,West,1,1585.61,0.12,1395.33,263.12,Credit Card
ORD03834,2024-07-20,CUST2094,Laptop,Electronics,West,2,57167.07,0.2,91467.32,18634.17,Credit Card
ORD03835,2025-07-15,CUST2139,Keyboard,Accessories,East,5,1326.95,0.03,6435.68,1052.73,Net Banking
ORD03836,2025-10-22,CUST5026,Monitor,Electronics,South,5,12880.85,0.19,52167.44,10232.91,UPI
ORD03837,2025-02-15,CUST7466,Tablet,Electronics,West,1,20485.53,0.06,19256.4,3474.89,Cash
ORD03838,2024-08-07,CUST9206,Tablet,Electronics,North,5,22848.97,0.07,106247.69,14992.79,UPI
ORD03839,2024-06-03,CUST7585,Tablet,Electronics,West,2,24754.89,0.15,42083.31,5325.31,Credit Card
ORD03840,2025-08-31,CUST2538,Headphones,Electronics,East,2,2362.36,0.23,3638.03,866.82,Net Banking
ORD03841,2024-11-19,CUST6177,Monitor,Electronics,West,2,10981.72,0.14,18888.56,4616.13,Net Banking
ORD03842,2025-09-02,CUST7542,Smartwatch,Electronics,North,4,6173.78,0.16,20743.91,3739.18,Net Banking
ORD03843,2024-12-05,CUST5795,Keyboard,Accessories,South,1,1333.71,0.19,1080.3,96.64,Net Banking
ORD03844,2025-01-24,CUST8579,Smartwatch,Electronics,South,5,6080.67,0.06,28579.14,3989.07,Debit Card
ORD03845,2024-07-04,CUST6011,Smartphone,Electronics,North,2,26288.78,0.21,41536.27,6201.68,Credit Card
ORD03846,2024-05-13,CUST2816,Webcam,Accessories,North,1,3428.6,0.1,3085.74,622.07,Debit Card
ORD03847,2024-05-26,CUST6635,Printer,Office,West,1,9462.6,0.04,9084.09,1667.43,Debit Card
ORD03848,2024-04-22,CUST7994,Printer,Office,West,4,10619.68,0.09,38655.64,5912.88,Credit Card
ORD03849,2025-06-12,CUST7203,Smartwatch,Electronics,East,5,7777.51,0.06,36554.29,6801.76,Net Banking
ORD03850,2025-03-08,CUST5251,Webcam,Accessories,South,5,3799.01,0.06,17855.36,978.68,Cash
ORD03851,2025-01-21,CUST7612,Webcam,Accessories,South,2,3532.17,0.07,6569.83,1348.96,Net Banking
ORD03852,2024-12-31,CUST3976,Laptop,Electronics,North,2,57247.62,0.05,108770.48,10042.39,Net Banking
ORD03853,2024-02-03,CUST9506,Smartphone,Electronics,East,1,31887.91,0.17,26466.96,4797.98,Debit Card
ORD03854,2024-03-02,CUST5863,Monitor,Electronics,West,5,11506.18,0.14,49476.59,3601.63,UPI
ORD03855,2025-03-19,CUST7275,Webcam,Accessories,North,5,3064.93,0.16,12872.72,938.32,Net Banking
ORD03856,2024-07-14,CUST4753,Mouse,Accessories,North,2,882.19,0.09,1605.59,91.73,Credit Card
ORD03857,2024-03-27,CUST3458,Printer,Office,North,3,9514.65,0.19,23120.6,5365.06,Credit Card
ORD03858,2025-09-26,CUST1135,Mouse,Accessories,South,1,732.38,0.03,710.41,121.42,Credit Card
ORD03859,2024-09-10,CUST1813,Smartphone,Electronics,West,5,33343.07,0.14,143375.19,17548.03,Debit Card
ORD03860,2024-05-06,CUST3008,Webcam,Accessories,West,4,3922.24,0.07,14590.73,3028.39,Cash
ORD03861,2024-06-10,CUST3073,Keyboard,Accessories,North,4,1427.54,0.13,4967.83,870.45,Cash
ORD03862,2024-11-11,CUST7656,Printer,Office,North,3,9564.4,0.08,26397.76,4593.63,Cash
ORD03863,2024-06-20,CUST8136,Laptop,Electronics,East,2,66552.76,0.2,106484.41,15696.71,Net Banking
ORD03864,2025-02-02,CUST9957,Laptop,Electronics,West,2,69552.11,0.22,108501.29,5597.08,Net Banking
ORD03865,2024-11-26,CUST4794,Tablet,Electronics,North,2,19116.78,0.19,30969.19,3149.33,UPI
ORD03866,2024-12-24,CUST7076,Headphones,Electronics,East,4,2570.01,0.04,9868.83,708.73,UPI
ORD03867,2024-09-08,CUST3769,Webcam,Accessories,North,2,3975.46,0.07,7394.36,1349.34,UPI
ORD03868,2024-01-09,CUST4673,Smartphone,Electronics,South,4,27858.85,0.23,85805.24,8556.86,Debit Card
ORD03869,2024-08-26,CUST9389,Printer,Office,North,3,11226.48,0.11,29974.71,4197.46,Cash
ORD03870,2024-02-04,CUST5032,Headphones,Electronics,South,1,2837.63,0.24,2156.6,260.27,Net Banking
ORD03871,2025-09-07,CUST2346,Smartphone,Electronics,West,5,27922.38,0.1,125650.72,9881.14,UPI
ORD03872,2025-01-17,CUST2719,Smartwatch,Electronics,North,3,7533.82,0.24,17177.12,4151.26,Debit Card
ORD03873,2025-10-30,CUST9632,Webcam,Accessories,West,4,3225.71,0.23,9935.2,2351.5,UPI
ORD03874,2025-11-16,CUST9583,Monitor,Electronics,West,3,12855.4,0.17,32009.95,2142.16,Net Banking
ORD03875,2025-12-10,CUST6003,Monitor,Electronics,West,5,13070.71,0.0,65353.56,14081.93,UPI
ORD03876,2025-12-23,CUST3255,Webcam,Accessories,South,1,3234.57,0.1,2911.11,429.9,Debit Card
ORD03877,2025-12-30,CUST6341,Tablet,Electronics,West,5,23424.74,0.23,90185.25,18465.17,Debit Card
ORD03878,2024-07-19,CUST3026,Tablet,Electronics,West,4,24059.89,0.22,75066.86,6022.72,UPI
ORD03879,2024-08-20,CUST5339,Monitor,Electronics,South,5,11490.88,0.05,54581.7,4173.03,Net Banking
ORD03880,2025-09-19,CUST4730,Keyboard,Accessories,North,3,1350.47,0.1,3646.26,831.9,Debit Card
ORD03881,2025-05-10,CUST2298,Printer,Office,West,2,8775.89,0.21,13865.91,3183.11,Cash
ORD03882,2024-03-17,CUST2612,Monitor,Electronics,East,3,12271.37,0.14,31660.15,4533.18,Debit Card
ORD03883,2024-08-05,CUST1107,Keyboard,Accessories,South,4,1715.14,0.21,5419.86,1214.22,Credit Card
ORD03884,2025-01-08,CUST2353,Headphones,Electronics,South,1,2742.21,0.21,2166.35,397.51,UPI
ORD03885,2024-02-22,CUST2646,Keyboard,Accessories,North,5,1471.13,0.23,5663.84,492.77,Cash
ORD03886,2025-08-18,CUST5220,Headphones,Electronics,East,1,2527.47,0.03,2451.64,283.88,Net Banking
ORD03887,2024-09-14,CUST2116,Smartphone,Electronics,South,4,28015.75,0.04,107580.48,8306.52,Cash
ORD03888,2024-05-11,CUST9603,Mouse,Accessories,North,5,719.14,0.02,3523.77,721.63,Debit Card
ORD03889,2025-12-11,CUST4020,Smartphone,Electronics,West,3,29838.73,0.23,68927.47,17028.54,Debit Card
ORD03890,2025-01-29,CUST1236,Monitor,Electronics,West,3,11868.61,0.12,31333.12,4990.6,Credit Card
ORD03891,2025-08-17,CUST3702,Headphones,Electronics,South,4,2516.45,0.02,9864.47,1787.18,Cash
ORD03892,2024-09-05,CUST9400,Monitor,Electronics,North,5,13630.1,0.08,62698.44,12490.69,Debit Card
ORD03893,2025-02-01,CUST8190,Webcam,Accessories,West,3,3609.09,0.09,9852.82,934.56,Net Banking
ORD03894,2024-03-09,CUST8594,Printer,Office,West,4,10317.32,0.2,33015.41,3869.41,Net Banking
ORD03895,2025-10-15,CUST7051,Laptop,Electronics,North,4,57746.48,0.18,189408.46,25089.85,Cash
ORD03896,2025-02-26,CUST6054,Monitor,Electronics,West,1,13787.36,0.17,11443.51,1933.01,Cash
ORD03897,2025-10-13,CUST4248,Printer,Office,West,3,10818.53,0.01,32131.05,7072.0,Credit Card
ORD03898,2024-12-05,CUST3813,Keyboard,Accessories,East,5,1669.74,0.23,6428.5,648.25,Cash
ORD03899,2025-01-08,CUST3337,Smartphone,Electronics,North,3,29228.7,0.05,83301.81,12010.27,Net Banking
ORD03900,2024-09-30,CUST6726,Keyboard,Accessories,West,3,1500.96,0.16,3782.41,757.64,Cash
ORD03901,2024-09-13,CUST2951,Laptop,Electronics,East,3,65430.63,0.02,192366.06,12980.28,Debit Card
ORD03902,2025-05-30,CUST4801,Headphones,Electronics,West,4,2270.57,0.02,8900.64,1358.05,Debit Card
ORD03903,2024-09-24,CUST8888,Webcam,Accessories,North,2,3698.96,0.0,7397.93,583.52,Cash
ORD03904,2024-12-22,CUST3453,Printer,Office,North,2,11208.93,0.14,19279.36,3042.86,UPI
ORD03905,2024-11-03,CUST7562,Webcam,Accessories,West,1,3146.89,0.16,2643.39,538.1,Cash
ORD03906,2025-08-24,CUST9438,Mouse,Accessories,South,3,700.72,0.01,2081.13,202.68,Credit Card
ORD03907,2025-06-10,CUST6721,Monitor,Electronics,East,2,12857.59,0.07,23915.11,5258.83,Net Banking
ORD03908,2025-10-09,CUST3533,Headphones,Electronics,West,1,2329.9,0.21,1840.62,215.28,Net Banking
ORD03909,2025-11-24,CUST8685,Mouse,Accessories,South,4,829.73,0.03,3219.34,283.81,Cash
ORD03910,2025-05-05,CUST9978,Smartwatch,Electronics,East,3,7411.09,0.05,21121.61,3021.76,UPI
ORD03911,2025-09-30,CUST6229,Monitor,Electronics,East,5,11358.88,0.11,50547.01,11383.95,Net Banking
ORD03912,2025-09-29,CUST6726,Keyboard,Accessories,South,4,1641.82,0.21,5188.14,330.93,UPI
ORD03913,2025-12-07,CUST7742,Smartphone,Electronics,East,1,30449.9,0.06,28622.91,3306.35,Net Banking
ORD03914,2024-07-16,CUST6132,Printer,Office,East,4,11107.0,0.25,33320.99,6018.86,Debit Card
ORD03915,2024-12-16,CUST1341,Laptop,Electronics,West,5,70134.22,0.09,319110.72,38777.11,Credit Card
ORD03916,2024-08-05,CUST5802,Laptop,Electronics,South,4,72187.22,0.1,259874.01,16674.76,Net Banking
ORD03917,2024-01-08,CUST7731,Keyboard,Accessories,West,1,1284.07,0.03,1245.55,144.98,Cash
ORD03918,2024-08-18,CUST2046,Tablet,Electronics,West,5,20307.14,0.17,84274.64,18050.94,Debit Card
ORD03919,2025-12-03,CUST2020,Laptop,Electronics,East,5,57005.15,0.06,267924.23,65268.35,UPI
ORD03920,2024-04-02,CUST7969,Printer,Office,South,4,9826.25,0.16,33016.2,1913.48,Credit Card
ORD03921,2025-10-18,CUST3242,Keyboard,Accessories,North,5,1675.48,0.06,7874.77,1290.33,UPI
ORD03922,2024-01-16,CUST9902,Headphones,Electronics,South,4,2475.66,0.1,8912.36,633.32,UPI
ORD03923,2025-09-16,CUST2161,Laptop,Electronics,East,3,71819.4,0.21,170211.99,31672.93,Net Banking
ORD03924,2024-07-14,CUST3557,Webcam,Accessories,North,5,3318.54,0.18,13606.0,701.78,Debit Card
ORD03925,2025-04-08,CUST6342,Keyboard,Accessories,West,4,1427.81,0.04,5482.78,290.3,Credit Card
ORD03926,2024-07-23,CUST6547,Printer,Office,North,3,11186.69,0.15,28526.05,5858.56,Debit Card
ORD03927,2025-08-02,CUST9005,Webcam,Accessories,North,5,3422.11,0.16,14372.85,932.61,Debit Card
ORD03928,2024-05-06,CUST9918,Monitor,Electronics,South,3,13043.16,0.02,38346.88,4257.9,Net Banking
ORD03929,2024-06-08,CUST7359,Monitor,Electronics,West,5,11051.92,0.12,48628.43,11749.02,UPI
ORD03930,2025-05-15,CUST7466,Laptop,Electronics,South,1,73751.62,0.07,68589.0,16944.87,Debit Card
ORD03931,2025-04-10,CUST6836,Webcam,Accessories,North,1,3578.31,0.12,3148.91,259.09,UPI
ORD03932,2025-05-12,CUST7054,Smartphone,Electronics,East,4,32333.91,0.19,104761.88,16990.32,Debit Card
ORD03933,2025-03-23,CUST8840,Monitor,Electronics,East,2,10522.26,0.04,20202.73,3269.4,Credit Card
ORD03934,2025-04-08,CUST7858,Smartphone,Electronics,North,1,29933.98,0.03,29035.96,4078.86,Cash
ORD03935,2024-12-07,CUST7556,Headphones,Electronics,,2,2800.78,0.07,5209.45,1223.91,Cash
ORD03936,2025-05-22,CUST8312,Keyboard,Accessories,East,3,1669.67,0.24,3806.84,764.44,Cash
ORD03937,2025-10-25,CUST8341,Mouse,Accessories,South,3,691.24,0.19,1679.7,340.82,Net Banking
ORD03938,2024-10-10,CUST4341,Printer,Office,West,2,9411.1,0.0,18822.19,1955.89,Net Banking
ORD03939,2024-05-30,CUST5772,Keyboard,Accessories,East,4,1474.49,0.1,5308.18,726.5,UPI
ORD03940,2025-07-28,CUST3929,Printer,Office,West,5,9016.79,0.06,42378.93,6250.25,Net Banking
ORD03941,2025-11-26,CUST2642,Webcam,Accessories,West,2,3741.5,0.16,6285.72,690.06,Cash
ORD03942,2024-07-31,CUST2874,Headphones,Electronics,South,2,2263.38,0.11,4028.82,277.84,Net Banking
ORD03943,2025-08-07,CUST1852,Smartwatch,Electronics,North,2,6677.94,0.24,10150.47,764.04,Cash
ORD03944,2024-11-17,CUST4100,Laptop,Electronics,East,2,68183.97,0.05,129549.55,11158.65,Debit Card
ORD03945,2025-10-27,CUST6339,Printer,Office,East,2,9946.27,0.15,16908.66,1534.13,Cash
ORD03946,2024-07-06,CUST8216,Printer,Office,South,4,10715.71,0.18,35147.54,3460.36,Cash
ORD03947,2025-07-25,CUST3040,Webcam,Accessories,South,1,3984.27,0.21,3147.57,318.19,Credit Card
ORD03948,2024-07-01,CUST6121,Smartphone,Electronics,North,5,26548.92,0.1,119470.14,16862.41,Credit Card
ORD03949,2025-01-18,CUST9901,Keyboard,Accessories,West,1,1594.31,0.17,1323.27,201.02,Credit Card
ORD03950,2024-01-25,CUST1069,Smartwatch,Electronics,North,2,6433.72,0.08,11838.05,1323.21,Credit Card
ORD03951,2025-06-20,CUST5800,Tablet,Electronics,East,1,21435.55,0.11,19077.64,4415.7,Cash
ORD03952,2024-11-09,CUST9237,Laptop,Electronics,South,4,55890.82,0.22,174379.37,28010.2,UPI
ORD03953,2024-02-07,CUST4134,Mouse,Accessories,South,3,712.62,0.24,1624.77,337.13,Credit Card
ORD03954,2024-10-28,CUST2654,Tablet,Electronics,West,1,20810.53,0.18,17064.63,4007.59,Net Banking
ORD03955,2025-01-03,CUST7881,Keyboard,Accessories,East,5,1428.89,0.09,6501.47,537.2,Net Banking
ORD03956,2024-04-09,CUST9020,Laptop,Electronics,South,4,72791.91,0.21,230022.44,31185.27,Net Banking
ORD03957,2025-01-22,CUST1916,Printer,Office,South,3,10725.44,0.01,31854.55,4352.67,Cash
ORD03958,2025-10-20,CUST2050,Mouse,Accessories,South,4,913.32,0.03,3543.7,428.41,Debit Card
ORD03959,2025-03-21,CUST2214,Smartphone,Electronics,South,2,30891.64,0.17,51280.13,2655.35,Debit Card
ORD03960,2025-04-14,CUST2814,Smartwatch,Electronics,East,3,6457.6,0.07,18016.7,3841.06,Credit Card
ORD03961,2024-02-24,CUST4299,Smartphone,Electronics,West,5,28448.9,0.24,108105.8,7817.33,Net Banking
ORD03962,2025-05-10,CUST5963,Headphones,Electronics,North,3,2364.88,0.11,6314.22,1572.85,Credit Card
ORD03963,2025-08-06,CUST5319,Webcam,Accessories,North,5,3317.82,0.11,14764.29,3020.65,Cash
ORD03964,2024-05-06,CUST2081,Laptop,Electronics,West,2,68372.8,0.17,113498.85,18841.04,Net Banking
ORD03965,2024-11-16,CUST5816,Smartphone,Electronics,West,5,30277.27,0.19,122622.95,9922.81,Credit Card
ORD03966,2024-03-08,CUST7797,Tablet,Electronics,East,4,21243.8,0.12,74778.17,11446.94,UPI
ORD03967,2025-01-30,CUST7672,Webcam,Accessories,North,1,3131.54,0.05,2974.97,304.11,Cash
ORD03968,2024-06-01,CUST5591,Smartphone,Electronics,West,4,25699.25,0.19,83265.58,8365.24,Cash
ORD03969,2024-05-28,CUST7895,Monitor,Electronics,South,4,10987.8,0.08,40435.12,8730.18,Cash
ORD03970,2025-02-06,CUST6157,Headphones,Electronics,East,3,2205.6,0.04,6352.14,801.19,UPI
ORD03971,2024-08-13,CUST9025,Keyboard,Accessories,West,2,1628.45,0.16,2735.8,383.41,Debit Card
ORD03972,2025-11-22,CUST4169,Smartwatch,Electronics,North,1,6186.25,0.02,6062.52,1325.22,Debit Card
ORD03973,2024-11-05,CUST3105,Headphones,Electronics,South,5,2668.17,0.24,10139.05,684.98,UPI
ORD03974,2025-02-22,CUST2370,Webcam,Accessories,West,3,3379.94,0.16,8517.45,1438.8,Debit Card
ORD03975,2025-05-29,CUST1528,Monitor,Electronics,North,2,10464.16,0.25,15696.24,2599.97,UPI
ORD03976,2024-10-15,CUST9823,Laptop,Electronics,East,1,71098.24,0.08,65410.38,8833.21,Credit Card
ORD03977,2024-07-19,CUST9726,Tablet,Electronics,North,4,22525.56,0.24,68477.71,14788.1,UPI
ORD03978,2025-06-02,CUST5577,Smartwatch,Electronics,North,2,6445.1,0.04,12374.59,2952.31,Debit Card
ORD03979,2025-10-28,CUST3769,Smartwatch,Electronics,North,2,7828.83,0.01,15501.08,2217.7,UPI
ORD03980,2024-06-16,CUST9404,Headphones,Electronics,East,2,2158.94,0.01,4274.71,603.71,UPI
ORD03981,2025-11-05,CUST3195,Webcam,Accessories,West,4,3186.91,0.12,11217.93,1687.32,Net Banking
ORD03982,2024-12-02,CUST2119,Laptop,Electronics,West,5,69914.92,0.02,342583.08,66675.17,UPI
ORD03983,2024-10-21,CUST7403,Printer,Office,South,3,10628.13,0.13,27739.43,5093.29,Debit Card
ORD03984,2025-01-14,CUST5168,Monitor,Electronics,West,5,11241.38,0.08,51710.34,4890.09,Cash
ORD03985,2024-01-11,CUST5426,Printer,Office,East,1,8686.07,0.08,7991.19,501.68,Credit Card
ORD03986,2024-12-22,CUST5144,Tablet,Electronics,North,3,24363.32,0.16,61395.55,14725.77,UPI
ORD03987,2024-05-10,CUST4293,Laptop,Electronics,East,1,61367.1,0.04,58912.42,6021.67,Debit Card
ORD03988,2024-07-23,CUST8532,Laptop,Electronics,North,4,59066.41,0.19,191375.17,34011.07,Debit Card
ORD03989,2025-03-11,CUST1793,Monitor,Electronics,West,5,12057.82,0.15,51245.75,11053.07,Net Banking
ORD03990,2024-11-11,CUST5600,Mouse,Accessories,South,2,898.45,0.23,1383.62,152.27,Debit Card
ORD03991,2025-08-26,CUST3866,Printer,Office,South,3,8630.64,0.09,23561.65,4172.45,Cash
ORD03992,2024-11-09,CUST1679,Smartphone,Electronics,West,2,32392.24,0.25,48588.36,3477.96,Debit Card
ORD03993,2025-04-30,CUST7180,Smartwatch,Electronics,North,1,7152.19,0.14,6150.89,1500.73,Cash
ORD03994,2024-04-20,CUST2202,Mouse,Accessories,West,2,782.11,0.24,1188.8,73.27,Credit Card
ORD03995,2024-10-16,CUST9248,Smartphone,Electronics,East,2,32196.72,0.01,63749.51,8774.16,UPI
ORD03996,2024-09-03,CUST8912,Webcam,Accessories,West,4,3989.12,0.18,13084.3,2059.0,Credit Card
ORD03997,2025-02-15,CUST9527,Monitor,Electronics,West,4,11025.14,0.2,35280.46,7341.73,UPI
ORD03998,2025-07-26,CUST1583,Webcam,Accessories,North,5,3125.83,0.01,15472.86,1148.48,Credit Card
ORD03999,2025-03-25,CUST5098,Smartwatch,Electronics,West,1,7867.05,0.14,6765.66,934.75,Cash
ORD04000,2025-09-13,CUST4262,Keyboard,Accessories,East,4,1576.03,0.2,5043.29,554.47,UPI
ORD04001,2025-02-24,CUST5302,Smartphone,Electronics,West,4,29441.87,0.14,101280.05,11384.09,UPI
ORD04002,2025-02-03,CUST6230,Mouse,Accessories,East,5,817.58,0.02,4006.15,824.3,Credit Card
ORD04003,2025-03-31,CUST8673,Smartphone,Electronics,West,3,32210.53,0.17,80204.21,4097.81,Net Banking
ORD04004,2024-05-04,CUST3610,Smartphone,Electronics,North,5,32457.29,0.02,159040.71,31778.99,Net Banking
ORD04005,2025-12-15,CUST4205,Monitor,Electronics,South,2,13511.62,0.2,21618.59,4584.86,Credit Card
ORD04006,2024-09-16,CUST3001,Webcam,Accessories,South,2,3423.18,0.01,6777.91,1560.77,Debit Card
ORD04007,2025-06-18,CUST2304,Printer,Office,East,4,9380.23,0.03,36395.3,6382.88,Credit Card
ORD04008,2025-12-12,CUST6345,Keyboard,Accessories,West,4,1562.85,0.07,5813.8,678.42,Cash
ORD04009,2024-03-20,CUST6657,Monitor,Electronics,North,5,11696.62,0.16,49125.81,6653.94,Cash
ORD04010,2024-09-28,CUST9121,Tablet,Electronics,West,5,22624.35,0.24,85972.53,20972.76,Debit Card
ORD04011,2025-07-18,CUST3639,Monitor,Electronics,North,1,11711.95,0.03,11360.59,2570.19,Net Banking
ORD04012,2025-02-21,CUST4092,Smartwatch,Electronics,North,2,6271.29,0.04,12040.88,1718.3,Cash
ORD04013,2025-02-05,CUST6459,Keyboard,Accessories,West,5,1486.24,0.09,6762.4,1613.59,Cash
ORD04014,2024-02-22,CUST2595,,Electronics,West,3,68722.9,0.21,162873.27,34951.13,UPI
ORD04015,2024-09-28,CUST5969,Tablet,Electronics,South,1,23975.27,0.12,21098.24,4857.19,UPI
ORD04016,2024-08-15,CUST9945,Headphones,Electronics,West,5,2494.99,0.08,11476.98,2141.55,Debit Card
ORD04017,2025-11-22,CUST9637,Monitor,Electronics,South,4,10794.86,0.14,37134.31,8226.39,Cash
ORD04018,2025-01-05,CUST8698,Smartphone,Electronics,East,5,29232.19,0.07,135929.68,31039.98,Credit Card
ORD04019,2025-12-12,CUST5490,Printer,Office,South,4,10858.88,0.1,39091.97,2674.02,Net Banking
ORD04020,2024-07-10,CUST4661,Laptop,Electronics,South,4,63300.76,0.08,232946.78,56616.18,Debit Card
ORD04021,2024-01-23,CUST6475,Monitor,Electronics,North,2,12707.51,0.2,20332.02,2373.21,Credit Card
ORD04022,2025-07-05,CUST1642,Monitor,Electronics,North,2,12025.97,0.23,18519.99,2555.39,Credit Card
ORD04023,2024-12-01,CUST5309,Mouse,Accessories,South,5,737.89,0.19,2988.47,622.74,Debit Card
ORD04024,2024-08-17,CUST5223,Mouse,Accessories,East,5,871.08,0.11,3876.29,709.28,Debit Card
ORD04025,2025-06-13,CUST9703,Laptop,Electronics,North,3,56892.16,0.13,148488.54,33946.26,Cash
ORD04026,2025-05-02,CUST2642,Webcam,Accessories,East,1,3526.13,0.03,3420.35,445.04,Net Banking
ORD04027,2024-06-12,CUST2068,Mouse,Accessories,South,1,730.13,0.19,591.41,73.72,Cash
ORD04028,2025-02-26,CUST5481,Smartphone,Electronics,West,5,26103.59,0.15,110940.26,6250.13,Credit Card
ORD04029,2024-12-25,CUST4940,Tablet,Electronics,South,2,22019.36,0.23,33909.82,4833.68,Cash
ORD04030,2024-06-17,CUST6302,Headphones,Electronics,West,3,2499.67,0.05,7124.06,1387.87,Cash
ORD04031,2025-05-27,CUST6906,Keyboard,Accessories,North,1,1593.11,0.19,1290.42,142.25,Net Banking
ORD04032,2024-12-13,CUST3564,Headphones,Electronics,North,5,2683.56,0.17,11136.79,1587.5,UPI
ORD04033,2024-07-17,CUST2954,Headphones,Electronics,North,2,2670.84,0.07,4967.77,466.37,Net Banking
ORD04034,2024-07-30,CUST4090,Keyboard,Accessories,North,2,1459.3,0.17,2422.44,495.53,Cash
ORD04035,2025-11-12,CUST2514,Mouse,Accessories,South,2,831.61,0.23,1280.67,79.53,UPI
ORD04036,2024-05-31,CUST8017,Laptop,Electronics,South,4,66500.43,0.23,204821.33,39136.57,Credit Card
ORD04037,2025-07-30,CUST2872,Keyboard,Accessories,North,2,1464.7,0.18,2402.11,302.16,Net Banking
ORD04038,2025-06-13,CUST9610,Smartwatch,Electronics,East,5,7204.15,0.01,35660.53,2079.69,Debit Card
ORD04039,2024-03-30,CUST6492,Webcam,Accessories,West,3,3969.61,0.22,9288.89,2050.0,Credit Card
ORD04040,2024-01-14,CUST3684,Tablet,Electronics,North,5,19973.1,0.16,83887.01,12377.06,UPI
ORD04041,2024-01-19,CUST8015,Printer,Office,North,2,11217.32,0.08,20639.86,3505.97,Credit Card
ORD04042,2024-03-22,CUST6272,Mouse,Accessories,North,3,692.83,0.05,1974.56,387.82,Debit Card
ORD04043,2025-09-12,CUST3773,Webcam,Accessories,East,1,3298.81,0.03,3199.84,579.22,Debit Card
ORD04044,2025-06-02,CUST6772,Keyboard,Accessories,North,1,1404.67,0.01,1390.62,272.8,Net Banking
ORD04045,2024-01-02,CUST2321,Smartwatch,Electronics,West,5,7265.37,0.19,29424.74,5957.22,Net Banking
ORD04046,2024-09-19,CUST4214,Printer,Office,West,3,8893.67,0.06,25080.16,4209.21,Cash
ORD04047,2025-06-23,CUST9460,Tablet,Electronics,South,5,24523.49,0.01,121391.3,14946.61,Cash
ORD04048,2025-05-04,CUST3378,Tablet,Electronics,East,3,24168.44,0.1,65254.79,6435.98,Credit Card
ORD04049,2024-12-02,CUST6291,Mouse,Accessories,South,3,836.5,0.12,2208.35,509.2,Debit Card
ORD04050,2024-10-12,CUST8091,Keyboard,Accessories,East,5,1481.29,0.04,7110.17,1734.78,Credit Card
ORD04051,2024-09-10,CUST5386,Webcam,Accessories,East,3,3954.6,0.01,11745.17,1427.42,UPI
ORD04052,2025-08-19,CUST5330,Laptop,Electronics,West,2,71449.56,0.05,135754.16,9837.04,UPI
ORD04053,2025-04-29,CUST5182,Webcam,Accessories,North,3,3499.28,0.17,8713.21,823.46,Cash
ORD04054,2024-07-19,CUST6452,Webcam,Accessories,West,3,3711.97,0.02,10913.18,2009.48,Credit Card
ORD04055,2024-10-18,CUST1709,Tablet,Electronics,South,5,22441.74,0.14,96499.47,8162.57,UPI
ORD04056,2024-10-04,CUST1732,Laptop,Electronics,East,1,66714.87,0.04,64046.28,13195.1,Cash
ORD04057,2024-11-30,CUST2824,Laptop,Electronics,South,4,61704.03,0.05,234475.33,55009.33,Credit Card
ORD04058,2025-08-12,CUST8169,Mouse,Accessories,West,3,790.9,0.1,2135.43,518.33,Debit Card
ORD04059,2025-02-14,CUST5512,Printer,Office,East,4,8734.36,0.03,33889.33,1757.67,UPI
ORD04060,2024-07-28,CUST4642,Monitor,Electronics,North,3,11486.46,0.04,33080.99,7993.39,UPI
ORD04061,2025-09-29,CUST6882,Headphones,Electronics,East,5,2646.87,0.09,12043.26,2385.03,Debit Card
ORD04062,2024-01-10,CUST4096,Headphones,Electronics,South,5,2839.91,0.08,13063.6,872.78,Cash
ORD04063,2024-08-27,CUST4314,Tablet,Electronics,South,3,25056.22,0.19,60886.62,8100.85,UPI
ORD04064,2024-06-18,CUST8594,Monitor,Electronics,South,5,12200.6,0.02,59782.95,11359.3,Debit Card
ORD04065,2025-11-11,CUST9643,Printer,Office,South,5,10319.87,0.22,40247.48,9713.21,Cash
ORD04066,2025-04-17,CUST2101,Monitor,Electronics,East,3,10868.6,0.2,26084.63,2160.55,Net Banking
ORD04067,2025-04-16,CUST3768,Mouse,Accessories,East,1,846.87,0.19,685.97,51.82,Cash
ORD04068,2025-11-26,CUST3152,Webcam,Accessories,West,3,3049.19,0.08,8415.77,1215.82,UPI
ORD04069,2024-08-16,CUST3441,Tablet,Electronics,West,1,20578.93,0.21,16257.35,3960.61,Cash
ORD04070,2025-02-11,CUST2138,Laptop,Electronics,East,5,68283.09,0.05,324344.66,79229.56,UPI
ORD04071,2025-02-02,CUST9789,Tablet,Electronics,West,1,20748.05,0.03,20125.61,1923.66,Cash
ORD04072,2024-07-21,CUST5143,Headphones,Electronics,East,5,2162.39,0.01,10703.81,1218.84,Net Banking
ORD04073,2025-11-14,CUST6694,Printer,Office,North,1,10995.61,0.23,8466.62,1960.92,Cash
ORD04074,2025-08-15,CUST9982,Monitor,Electronics,East,1,11317.19,0.08,10411.81,2050.8,Net Banking
ORD04075,2024-02-18,CUST3273,Printer,Office,West,3,8689.32,0.23,20072.32,4906.95,UPI
ORD04076,2025-12-27,CUST4151,Mouse,Accessories,North,1,697.95,0.07,649.09,148.4,Cash
ORD04077,2025-11-19,CUST5723,Tablet,Electronics,West,5,20361.61,0.23,78392.19,7291.98,Debit Card
ORD04078,2024-04-04,CUST8566,Keyboard,Accessories,East,3,1355.11,0.23,3130.3,632.15,Net Banking
ORD04079,2024-04-27,CUST9647,Tablet,Electronics,West,1,23810.38,0.23,18333.99,1094.78,Credit Card
ORD04080,2025-09-01,CUST5094,Laptop,Electronics,East,3,61522.84,0.12,162420.29,34687.54,Net Banking
ORD04081,2024-03-14,CUST2766,Tablet,Electronics,West,4,24010.99,0.22,74914.3,12758.76,Cash
ORD04082,2024-02-06,CUST9106,Smartwatch,Electronics,West,3,6315.08,0.24,14398.37,3473.18,Net Banking
ORD04083,2024-11-25,CUST3809,Mouse,Accessories,East,4,798.29,0.08,2937.71,710.95,Cash
ORD04084,2025-03-01,CUST9843,Smartphone,Electronics,North,4,31692.33,0.1,114092.4,6864.14,UPI
ORD04085,2024-07-05,CUST6212,Mouse,Accessories,East,3,836.48,0.18,2057.74,168.95,UPI
ORD04086,2025-01-18,CUST5747,Monitor,Electronics,East,5,12364.07,0.08,56874.7,8351.56,Debit Card
ORD04087,2025-04-03,CUST7803,Smartphone,Electronics,East,5,33823.39,0.19,136984.75,30944.68,Credit Card
ORD04088,2024-11-04,CUST5065,Monitor,Electronics,South,5,11022.69,0.02,54011.18,11498.39,UPI
ORD04089,2025-03-01,CUST6933,Monitor,Electronics,South,2,11977.39,0.13,20840.66,5061.65,Debit Card
ORD04090,2025-01-26,CUST3806,Laptop,Electronics,West,4,72487.85,0.03,281252.88,48830.23,Credit Card
ORD04091,2024-11-26,CUST6298,Laptop,Electronics,South,3,56768.93,0.07,158385.31,16046.44,Debit Card
ORD04092,2025-02-11,CUST2472,Webcam,Accessories,North,5,3033.68,0.06,14258.31,784.51,UPI
ORD04093,2024-11-02,CUST4739,Headphones,Electronics,East,5,2299.98,0.21,9084.91,859.3,Credit Card
ORD04094,2024-03-11,CUST4378,Webcam,Accessories,North,3,3639.67,0.05,10373.07,1919.58,UPI
ORD04095,2025-03-19,CUST6115,Webcam,Accessories,East,4,3247.87,0.2,10393.2,2445.05,Cash
ORD04096,2024-05-28,CUST2618,Headphones,Electronics,North,3,2267.68,0.2,5442.43,621.42,Credit Card
ORD04097,2025-03-12,CUST9847,Keyboard,Accessories,South,2,1481.46,0.12,2607.37,587.03,Debit Card
ORD04098,2024-09-18,CUST1394,Smartphone,Electronics,East,2,31022.38,0.06,58322.08,7522.36,Cash
ORD04099,2025-10-13,CUST1471,Printer,Office,South,3,9245.67,0.06,26072.8,2911.14,Debit Card
ORD04100,2024-12-22,CUST8179,Webcam,Accessories,South,4,3290.73,0.12,11583.35,1757.99,UPI
ORD04101,2024-10-31,CUST4363,Tablet,Electronics,East,5,22749.49,0.0,113747.46,15748.87,UPI
ORD04102,2025-06-26,CUST5152,Tablet,Electronics,North,2,24941.87,0.13,43398.86,10101.52,Cash
ORD04103,2024-06-03,CUST9655,Monitor,Electronics,West,2,12629.07,0.24,19196.19,2757.56,Cash
ORD04104,2024-04-25,CUST1601,Headphones,Electronics,South,4,2712.18,0.04,10414.76,1098.41,Credit Card
ORD04105,2025-12-21,CUST5611,Monitor,Electronics,South,2,11520.52,0.14,19815.29,4329.9,Debit Card
ORD04106,2025-09-18,CUST3780,Smartwatch,Electronics,East,2,6521.73,0.24,9913.04,2475.78,Net Banking
ORD04107,2024-02-20,CUST7799,Smartwatch,Electronics,East,4,6903.96,0.22,21540.36,3869.39,UPI
ORD04108,2024-03-12,CUST1021,Printer,Office,North,3,10921.4,0.21,25883.71,2590.76,Net Banking
ORD04109,2025-10-01,CUST8274,Laptop,Electronics,South,5,64147.84,0.21,253383.98,24771.58,Net Banking
ORD04110,2024-05-22,CUST3473,Laptop,Electronics,West,5,71761.15,0.08,330101.27,20314.87,Cash
ORD04111,2024-06-15,CUST8406,Headphones,Electronics,South,2,2866.58,0.22,4471.86,292.72,Debit Card
ORD04112,2024-03-10,CUST9230,Headphones,Electronics,North,5,2179.02,0.24,8280.28,1929.28,Net Banking
ORD04113,2025-05-10,CUST4828,Webcam,Accessories,West,3,3022.68,0.12,7979.88,552.98,Debit Card
ORD04114,2025-06-03,CUST8829,Smartwatch,Electronics,East,2,6264.14,0.09,11400.73,1674.41,Cash
ORD04115,2024-06-11,CUST9221,Webcam,Accessories,East,5,3378.59,0.1,15203.65,2882.98,Net Banking
ORD04116,2025-07-28,CUST8581,Laptop,Electronics,East,1,57805.32,0.08,53180.9,11703.57,Net Banking
ORD04117,2024-10-13,CUST3208,Smartphone,Electronics,North,1,33335.98,0.05,31669.18,2668.26,UPI
ORD04118,2024-08-21,CUST1615,Smartphone,Electronics,East,1,25708.32,0.15,21852.07,3005.88,Net Banking
ORD04119,2025-12-30,CUST6789,Headphones,Electronics,West,1,2361.84,0.14,2031.19,203.72,Credit Card
ORD04120,2024-12-09,CUST7041,Monitor,Electronics,,1,10864.9,0.12,9561.11,967.25,Cash
ORD04121,2024-09-09,CUST3181,Laptop,Electronics,North,2,73415.02,0.02,143893.43,15938.77,Credit Card
ORD04122,2025-12-06,CUST3613,Smartphone,Electronics,South,4,31525.33,0.2,100881.05,16889.83,Net Banking
ORD04123,2024-09-13,CUST5023,Laptop,Electronics,South,4,73034.59,0.04,280452.83,14952.48,Net Banking
ORD04124,2025-05-20,CUST8992,Mouse,Accessories,West,2,913.36,0.03,1771.92,233.46,Credit Card
ORD04125,2025-04-15,CUST1079,Tablet,Electronics,North,2,21980.85,0.16,36927.83,3226.24,UPI
ORD04126,2024-10-15,CUST8130,Smartwatch,Electronics,East,3,6442.07,0.1,17393.59,4234.01,UPI
ORD04127,2025-09-11,CUST6239,Webcam,Accessories,East,4,3178.42,0.01,12586.52,2096.23,Credit Card
ORD04128,2025-07-02,CUST2157,Laptop,Electronics,South,1,59596.92,0.09,54233.2,12127.58,Credit Card
ORD04129,2025-05-19,CUST1446,Tablet,Electronics,East,2,23376.72,0.19,37870.28,3375.68,Cash
ORD04130,2025-06-06,CUST6420,Mouse,Accessories,South,1,689.71,0.15,586.25,124.29,UPI
ORD04131,2024-03-24,CUST1978,Webcam,Accessories,South,4,3028.93,0.09,11025.3,1465.89,Debit Card
ORD04132,2025-12-30,CUST1028,Laptop,Electronics,East,5,67108.79,0.05,318766.74,27266.97,Net Banking
ORD04133,2025-07-12,CUST3424,Headphones,Electronics,South,5,2606.54,0.16,10947.48,2214.12,Net Banking
ORD04134,2024-12-10,CUST2973,Tablet,Electronics,South,2,23090.74,0.22,36021.55,7290.84,Credit Card
ORD04135,2025-01-13,CUST1032,Webcam,Accessories,North,3,3365.47,0.16,8481.0,2113.27,Debit Card
ORD04136,2024-05-11,CUST8621,Laptop,Electronics,East,1,70965.93,0.2,56772.74,11705.83,UPI
ORD04137,2024-07-29,CUST6055,Tablet,Electronics,North,2,22221.92,0.13,38666.14,3056.69,UPI
ORD04138,2025-12-17,CUST9811,Mouse,Accessories,East,3,705.31,0.18,1735.07,198.68,UPI
ORD04139,2025-08-17,CUST3947,Laptop,Electronics,East,1,70793.44,0.22,55218.88,7749.71,Credit Card
ORD04140,2024-03-17,CUST8668,Laptop,Electronics,East,4,73834.82,0.19,239224.82,18020.94,Credit Card
ORD04141,2024-05-19,CUST3548,Laptop,Electronics,East,5,56420.71,0.23,217219.73,45096.51,Net Banking
ORD04142,2024-05-07,CUST5798,Printer,Office,West,3,9674.05,0.11,25829.72,4012.38,Net Banking
ORD04143,2024-03-06,CUST4664,Headphones,Electronics,West,1,2490.64,0.23,1917.79,458.14,UPI
ORD04144,2025-10-24,CUST2941,Mouse,Accessories,South,2,715.15,0.16,1201.46,201.68,Net Banking
ORD04145,2025-07-20,CUST4217,Webcam,Accessories,North,1,3886.09,0.22,3031.15,468.56,Net Banking
ORD04146,2024-05-26,CUST7712,Printer,Office,North,2,9352.45,0.01,18517.85,1190.42,UPI
ORD04147,2024-03-07,CUST7427,Monitor,Electronics,South,5,13018.83,0.16,54679.09,4367.17,Credit Card
ORD04148,2025-04-16,CUST6014,Printer,Office,North,5,10512.98,0.21,41526.28,9131.85,Net Banking
ORD04149,2024-05-30,CUST7279,Smartwatch,Electronics,West,1,7205.9,0.04,6917.66,1716.52,Credit Card
ORD04150,2024-01-04,CUST4243,Smartwatch,Electronics,North,1,6353.5,0.17,5273.4,701.55,Debit Card
ORD04151,2024-01-18,CUST5984,Laptop,Electronics,East,2,59553.72,0.21,94094.88,19949.73,Credit Card
ORD04152,2025-06-07,CUST8177,Printer,Office,East,2,8642.05,0.07,16074.2,2821.3,Cash
ORD04153,2024-09-12,CUST3344,Monitor,Electronics,East,3,11066.56,0.1,29879.72,7225.27,Cash
ORD04154,2025-05-23,CUST3754,Printer,Office,East,3,9536.33,0.14,24603.73,2402.0,UPI
ORD04155,2024-02-04,CUST5094,Headphones,Electronics,South,3,2749.86,0.13,7177.13,1140.93,Cash
ORD04156,2025-07-08,CUST1329,Headphones,Electronics,South,1,2399.79,0.01,2375.8,313.03,Debit Card
ORD04157,2025-08-12,CUST7591,Monitor,Electronics,West,3,12916.64,0.02,37974.92,6013.07,Credit Card
ORD04158,2025-05-21,CUST9206,Printer,Office,West,1,9818.33,0.03,9523.78,988.3,Credit Card
ORD04159,2024-11-18,CUST3263,Tablet,Electronics,West,5,23880.13,0.07,111042.61,16606.34,Net Banking
ORD04160,2025-03-28,CUST6372,Headphones,Electronics,South,4,2857.2,0.06,10743.09,1879.62,Net Banking
ORD04161,2024-12-24,CUST5425,Headphones,Electronics,North,5,2304.88,0.19,9334.77,618.36,Net Banking
ORD04162,2024-02-21,CUST3611,,Electronics,East,1,33261.07,0.14,28604.52,5680.79,Credit Card
ORD04163,2025-06-12,CUST6549,Printer,Office,North,1,10365.47,0.19,8396.03,1606.2,Credit Card
ORD04164,2025-12-23,CUST2082,Headphones,Electronics,East,4,2737.97,0.02,10732.85,2426.61,Net Banking
ORD04165,2024-02-02,CUST7319,Mouse,Accessories,West,2,836.38,0.12,1472.03,198.98,Credit Card
ORD04166,2024-11-23,CUST4889,Printer,Office,East,2,9771.85,0.08,17980.2,1120.77,Debit Card
ORD04167,2025-03-11,CUST4419,Smartwatch,Electronics,North,2,6428.96,0.21,10157.75,1445.37,Net Banking
ORD04168,2025-02-22,CUST5456,Smartphone,Electronics,North,3,26130.32,0.18,64280.58,4983.15,Cash
ORD04169,2024-03-17,CUST2789,Headphones,Electronics,West,2,2526.64,0.22,3941.56,707.47,Net Banking
ORD04170,2025-08-02,CUST8233,Smartphone,Electronics,West,3,34412.93,0.01,102206.42,6073.75,Cash
ORD04171,2024-02-19,CUST7056,Smartwatch,Electronics,North,3,7499.89,0.18,18449.72,2302.51,UPI
ORD04172,2025-03-17,CUST3617,Monitor,Electronics,West,2,11378.44,0.14,19570.92,1302.81,Cash
ORD04173,2025-10-31,CUST9830,Monitor,Electronics,South,2,13177.94,0.21,20821.14,1055.08,Debit Card
ORD04174,2024-07-16,CUST3563,Printer,Office,West,4,10806.95,0.13,37608.19,9105.37,Credit Card
ORD04175,2025-04-07,CUST3480,Smartwatch,Electronics,North,4,6541.44,0.14,22502.54,5608.21,Debit Card
ORD04176,2025-01-11,CUST6151,Keyboard,Accessories,South,3,1281.44,0.01,3805.87,613.13,UPI
ORD04177,2025-06-29,CUST6806,Keyboard,Accessories,North,4,1328.17,0.17,4409.53,431.21,Debit Card
ORD04178,2025-03-11,CUST2597,Printer,Office,South,3,11131.92,0.07,31058.05,7212.3,Debit Card
ORD04179,2025-12-24,CUST3273,Laptop,Electronics,West,1,71562.98,0.0,71562.98,16789.2,UPI
ORD04180,2024-09-28,CUST7287,Smartphone,Electronics,West,3,28156.88,0.02,82781.23,18286.52,Debit Card
ORD04181,2025-07-29,CUST7161,Smartphone,Electronics,North,3,28066.76,0.24,63992.21,10166.7,UPI
ORD04182,2024-06-03,CUST3779,Monitor,Electronics,South,4,13054.31,0.09,47517.7,3085.82,Credit Card
ORD04183,2024-11-16,CUST7889,Keyboard,Accessories,North,1,1696.98,0.22,1323.65,89.59,Net Banking
ORD04184,2024-09-25,CUST6509,Webcam,Accessories,East,5,3793.09,0.24,14413.76,3305.42,Credit Card
ORD04185,2025-07-05,CUST1746,Headphones,Electronics,West,5,2579.18,0.24,9800.9,2206.82,Credit Card
ORD04186,2024-06-08,CUST3409,Headphones,Electronics,North,5,2307.0,0.22,8997.31,1231.55,Credit Card
ORD04187,2024-11-18,CUST7078,Headphones,Electronics,North,1,2519.31,0.22,1965.06,227.22,Debit Card
ORD04188,2024-01-14,CUST5944,Monitor,Electronics,East,2,11040.64,0.07,20535.6,3672.27,Credit Card
ORD04189,2025-01-10,CUST7243,Smartwatch,Electronics,East,1,7646.82,0.04,7340.95,1551.86,UPI
ORD04190,2024-04-29,CUST5351,Tablet,Electronics,South,4,21253.94,0.16,71413.25,14021.06,UPI
ORD04191,2024-11-09,CUST6434,Keyboard,Accessories,East,3,1650.16,0.12,4356.43,754.19,UPI
ORD04192,2024-12-13,CUST1161,Keyboard,Accessories,South,3,1446.72,0.02,4253.37,409.61,UPI
ORD04193,2024-02-15,CUST5012,Webcam,Accessories,North,4,3840.36,0.17,12749.98,1306.89,Credit Card
ORD04194,2024-12-11,CUST6760,Smartphone,Electronics,East,4,28499.86,0.14,98039.52,19099.42,Cash
ORD04195,2025-04-13,CUST8932,Laptop,Electronics,South,3,63832.59,0.22,149368.26,31445.6,Net Banking
ORD04196,2025-01-16,CUST4214,Printer,Office,North,2,10346.47,0.15,17588.99,1287.99,Cash
ORD04197,2025-09-13,CUST7366,Smartphone,Electronics,South,2,26132.59,0.14,44948.05,3931.13,Debit Card
ORD04198,2025-01-05,CUST7450,Smartwatch,Electronics,North,2,7941.23,0.11,14135.4,2630.51,Credit Card
ORD04199,2025-04-03,CUST1570,Printer,Office,South,4,10220.82,0.12,35977.28,4597.8,Cash
ORD04200,2024-08-06,CUST7288,Keyboard,Accessories,West,3,1503.52,0.24,3428.02,557.6,Credit Card
ORD04201,2024-04-30,CUST4895,Smartwatch,Electronics,North,3,7712.73,0.03,22444.04,3881.99,UPI
ORD04202,2024-10-15,CUST7800,Printer,Office,North,3,11097.29,0.11,29629.76,6081.23,Debit Card
ORD04203,2025-05-26,CUST9977,Webcam,Accessories,South,1,3523.37,0.16,2959.63,624.91,Cash
ORD04204,2025-07-11,CUST1822,Webcam,Accessories,North,1,3948.63,0.11,3514.28,372.58,Net Banking
ORD04205,2024-12-03,CUST7626,Mouse,Accessories,South,5,695.54,0.07,3234.25,511.85,UPI
ORD04206,2025-01-15,CUST9624,Tablet,Electronics,North,1,19447.29,0.07,18085.98,1351.11,UPI
ORD04207,2025-05-20,CUST8062,Webcam,Accessories,East,2,3601.63,0.06,6771.06,1478.82,Debit Card
ORD04208,2025-07-19,CUST5372,Keyboard,Accessories,East,2,1434.33,0.09,2610.48,571.93,UPI
ORD04209,2025-01-22,CUST4740,Laptop,Electronics,South,2,64302.39,0.22,100311.73,11024.37,UPI
ORD04210,2025-07-19,CUST3733,Headphones,Electronics,West,2,2371.06,0.13,4125.64,338.81,Cash
ORD04211,2024-01-04,CUST7243,Mouse,Accessories,East,5,777.13,0.06,3652.53,233.83,UPI
ORD04212,2025-08-14,CUST6172,Headphones,Electronics,East,2,2741.98,0.1,4935.57,814.35,Debit Card
ORD04213,2024-07-19,CUST9838,Tablet,Electronics,North,4,22616.94,0.03,87753.74,5992.32,Credit Card
ORD04214,2024-07-20,CUST2884,Printer,Office,West,4,11492.03,0.23,35395.46,6587.77,Debit Card
ORD04215,2024-09-12,CUST5672,Monitor,Electronics,West,4,13032.77,0.1,46917.95,8709.16,Debit Card
ORD04216,2024-07-17,CUST6140,Webcam,Accessories,West,1,3262.35,0.25,2446.76,422.79,Credit Card
ORD04217,2024-03-13,CUST8467,Laptop,Electronics,West,3,60404.73,0.09,164904.91,37155.07,Cash
ORD04218,2025-11-18,CUST7502,Tablet,Electronics,West,5,20916.93,0.21,82621.87,10381.94,Net Banking
ORD04219,2024-08-06,CUST8927,Headphones,Electronics,West,4,2757.44,0.06,10367.99,2389.34,Net Banking
ORD04220,2025-03-08,CUST9334,Mouse,Accessories,East,4,686.55,0.02,2691.27,154.44,Debit Card
ORD04221,2025-02-10,CUST5705,Webcam,Accessories,South,2,3216.69,0.01,6369.05,462.08,Cash
ORD04222,2024-04-02,CUST8169,Keyboard,Accessories,South,4,1682.21,0.15,5719.53,757.5,Cash
ORD04223,2025-10-25,CUST1642,Webcam,Accessories,West,2,3646.89,0.08,6710.28,1132.69,Cash
ORD04224,2024-03-20,CUST8855,Mouse,Accessories,North,2,734.44,0.11,1307.31,73.83,Cash
ORD04225,2024-07-26,CUST3499,Mouse,Accessories,East,3,732.59,0.2,1758.23,287.45,Debit Card
ORD04226,2024-04-01,CUST5142,Monitor,Electronics,North,1,13305.43,0.06,12507.1,1394.29,UPI
ORD04227,2025-06-15,CUST9618,Webcam,Accessories,East,2,3913.45,0.08,7200.74,1637.66,Net Banking
ORD04228,2024-02-22,CUST1867,Webcam,Accessories,East,2,3243.94,0.21,5125.42,802.93,Net Banking
ORD04229,2024-03-23,CUST2562,Monitor,Electronics,East,3,11713.84,0.12,30924.53,5182.3,Credit Card
ORD04230,2024-03-14,CUST3947,Smartwatch,Electronics,North,2,7702.65,0.21,12170.19,2910.19,Debit Card
ORD04231,2025-02-13,CUST3739,Smartwatch,Electronics,North,5,7569.12,0.09,34439.48,6985.5,Net Banking
ORD04232,2025-03-19,CUST6036,Printer,Office,West,1,10941.75,0.1,9847.57,1355.56,Debit Card
ORD04233,2024-05-09,CUST7631,Smartwatch,Electronics,East,5,7038.64,0.04,33785.45,4911.59,Debit Card
ORD04234,2024-07-02,CUST5767,Smartphone,Electronics,South,4,33703.94,0.23,103808.14,18642.36,Cash
ORD04235,2025-07-31,CUST1528,Webcam,Accessories,East,1,3317.25,0.22,2587.45,232.97,Credit Card
ORD04236,2025-10-26,CUST4350,Laptop,Electronics,South,4,58305.11,0.25,174915.32,11847.04,Debit Card
ORD04237,2024-12-30,CUST5661,Webcam,Accessories,West,2,3719.17,0.1,6694.5,751.44,Net Banking
ORD04238,2024-07-14,CUST9716,Smartphone,Electronics,West,3,30354.19,0.2,72850.06,14983.55,Net Banking
ORD04239,2024-01-15,CUST7901,Smartphone,Electronics,West,5,33191.27,0.1,149360.72,15154.85,Credit Card
ORD04240,2024-07-28,CUST9641,Headphones,Electronics,East,4,2185.87,0.11,7781.7,592.59,Debit Card
ORD04241,2024-05-14,CUST9974,Webcam,Accessories,East,2,3860.88,0.21,6100.19,572.22,Cash
ORD04242,2025-01-18,CUST2763,Tablet,Electronics,South,5,20635.74,0.04,99051.57,18403.25,Credit Card
ORD04243,2025-04-19,CUST7807,Smartphone,Electronics,South,5,31393.7,0.06,147550.39,25495.18,Debit Card
ORD04244,2025-08-16,CUST1496,Laptop,Electronics,North,4,56032.51,0.08,206199.64,38696.04,Credit Card
ORD04245,2025-08-05,CUST3886,Monitor,Electronics,South,2,12394.49,0.2,19831.19,2268.52,Cash
ORD04246,2025-05-18,CUST9399,Printer,Office,West,3,10651.82,0.09,29079.46,6693.25,UPI
ORD04247,2025-04-21,CUST6584,Headphones,Electronics,East,4,2401.56,0.09,8741.69,1226.93,UPI
ORD04248,2024-10-23,CUST2501,Monitor,Electronics,North,5,10975.48,0.25,41158.04,6286.59,UPI
ORD04249,2025-01-16,CUST7197,Headphones,Electronics,East,5,2528.22,0.1,11377.0,2727.77,Cash
ORD04250,2025-03-19,CUST2779,Laptop,Electronics,West,1,71497.22,0.06,67207.39,16523.3,Cash
ORD04251,2025-11-14,CUST7358,Mouse,Accessories,West,2,757.65,0.16,1272.85,232.05,Credit Card
ORD04252,2024-05-02,CUST3501,Webcam,Accessories,West,1,3240.09,0.2,2592.07,619.41,Net Banking
ORD04253,2024-10-15,CUST5506,Keyboard,Accessories,North,3,1400.52,0.02,4117.53,651.81,Cash
ORD04254,2024-07-28,CUST4964,Tablet,Electronics,East,4,24964.27,0.15,84878.53,9460.27,Cash
ORD04255,2025-05-08,CUST5027,Monitor,Electronics,South,5,11493.4,0.01,56892.31,6429.89,UPI
ORD04256,2025-07-29,CUST5204,Webcam,Accessories,East,2,2978.78,0.13,5183.08,838.56,UPI
ORD04257,2025-01-24,CUST1026,Tablet,Electronics,East,5,23859.1,0.06,112137.75,19176.37,UPI
ORD04258,2024-03-03,CUST2439,Mouse,Accessories,North,1,847.83,0.08,780.0,107.58,Net Banking
ORD04259,2025-02-12,CUST2005,Keyboard,Accessories,South,1,1332.86,0.12,1172.91,265.96,UPI
ORD04260,2025-06-03,CUST2011,Tablet,Electronics,South,4,25200.37,0.23,77617.13,10504.64,UPI
ORD04261,2024-09-01,CUST7493,Tablet,Electronics,East,2,22713.21,0.18,37249.67,3899.47,Net Banking
ORD04262,2024-06-13,CUST7005,Monitor,Electronics,West,2,12002.81,0.23,18484.32,953.72,UPI
ORD04263,2024-04-02,CUST7789,Smartwatch,Electronics,East,4,6752.66,0.16,22688.94,5538.68,Credit Card
ORD04264,2024-10-10,CUST9521,Keyboard,Accessories,North,1,1679.4,0.0,1679.4,360.84,Credit Card
ORD04265,2025-12-11,CUST7051,Webcam,Accessories,West,1,3231.16,0.07,3004.98,520.2,Debit Card
ORD04266,2024-05-03,CUST5017,Mouse,Accessories,North,1,748.58,0.23,576.41,124.57,Credit Card
ORD04267,2025-07-20,CUST4004,Keyboard,Accessories,West,5,1330.08,0.16,5586.36,1184.63,Net Banking
ORD04268,2024-07-08,CUST7226,Laptop,Electronics,West,3,70052.82,0.25,157618.85,37256.39,UPI
ORD04269,2025-10-16,CUST5362,Smartwatch,Electronics,West,1,7200.65,0.04,6912.63,879.38,Debit Card
ORD04270,2024-11-12,CUST4457,Laptop,Electronics,South,3,67126.79,0.07,187283.74,30147.15,Cash
ORD04271,2025-08-31,CUST6176,Mouse,Accessories,West,3,732.43,0.09,1999.54,139.42,Cash
ORD04272,2024-07-15,CUST7942,Monitor,Electronics,South,2,12544.21,0.08,23081.34,5610.22,Credit Card
ORD04273,2024-10-11,CUST3234,Monitor,Electronics,North,4,12955.65,0.06,48713.25,12033.41,Debit Card
ORD04274,2025-08-15,CUST8504,Mouse,Accessories,West,5,765.89,0.11,3408.22,708.29,Cash
ORD04275,2024-04-18,CUST2870,Headphones,Electronics,West,3,2726.01,0.16,6869.55,967.4,Cash
ORD04276,2024-07-27,CUST6606,,Accessories,West,5,763.71,0.08,3513.06,524.55,Cash
ORD04277,2024-04-24,CUST7256,Smartwatch,Electronics,North,2,7542.09,0.02,14782.5,2026.29,Credit Card
ORD04278,2025-05-20,CUST7132,Smartphone,Electronics,East,1,25803.57,0.18,21158.93,2299.17,Credit Card
ORD04279,2024-11-26,CUST4413,Monitor,Electronics,East,3,12184.19,0.11,32531.79,5060.59,Debit Card
ORD04280,2024-07-22,CUST8937,Printer,Office,North,4,11408.58,0.14,39245.51,2381.77,Credit Card
ORD04281,2025-12-13,CUST8630,Smartwatch,Electronics,North,2,8010.61,0.11,14258.89,3541.59,Credit Card
ORD04282,2025-10-28,CUST4781,Smartwatch,Electronics,North,5,6541.68,0.22,25512.55,3439.35,Net Banking
ORD04283,2024-11-10,CUST1918,Smartwatch,Electronics,East,1,6876.94,0.14,5914.17,1392.63,Credit Card
ORD04284,2024-09-21,CUST4701,Tablet,Electronics,South,5,19115.65,0.23,73595.27,14340.35,Debit Card
ORD04285,2024-10-15,CUST9347,Smartwatch,Electronics,North,4,7784.02,0.13,27088.38,2925.24,Credit Card
ORD04286,2025-08-04,CUST2598,Monitor,Electronics,East,3,12246.86,0.07,34168.74,3225.89,Credit Card
ORD04287,2025-11-21,CUST2046,Smartphone,Electronics,South,4,28965.91,0.09,105435.9,26267.78,Net Banking
ORD04288,2025-04-25,CUST4947,Smartphone,Electronics,West,5,26514.94,0.13,115339.97,23578.4,Debit Card
ORD04289,2025-11-10,CUST5882,Smartwatch,Electronics,West,5,7938.21,0.13,34531.22,3450.78,Cash
ORD04290,2024-01-06,CUST4482,Laptop,Electronics,North,4,65589.27,0.17,217756.38,13825.14,Net Banking
ORD04291,2025-10-05,CUST8941,Monitor,Electronics,South,4,11218.54,0.06,42181.71,7988.51,Credit Card
ORD04292,2024-05-20,CUST1227,Monitor,Electronics,East,4,11460.77,0.16,38508.2,4259.13,UPI
ORD04293,2024-10-08,CUST6882,Keyboard,Accessories,West,1,1396.81,0.19,1131.42,106.65,Net Banking
ORD04294,2024-10-16,CUST4152,Webcam,Accessories,West,5,3606.9,0.17,14968.64,2948.63,Net Banking
ORD04295,2024-07-23,CUST3635,Headphones,Electronics,East,2,2822.47,0.12,4967.55,923.23,Debit Card
ORD04296,2025-11-23,CUST4352,Headphones,Electronics,West,1,2767.52,0.25,2075.64,303.63,Cash
ORD04297,2025-07-12,CUST7774,Laptop,Electronics,West,1,64227.43,0.1,57804.68,13788.22,Cash
ORD04298,2024-11-27,CUST3811,Headphones,Electronics,North,1,2744.87,0.03,2662.53,495.04,Cash
ORD04299,2025-10-09,CUST9365,Keyboard,Accessories,South,2,1465.4,0.21,2315.33,529.48,Net Banking
ORD04300,2025-02-06,CUST8526,Mouse,Accessories,South,4,740.55,0.05,2814.1,247.95,UPI
ORD04301,2024-08-20,CUST2398,Headphones,Electronics,South,5,2862.56,0.18,11736.5,1283.14,Debit Card
ORD04302,2025-12-14,CUST8222,Monitor,Electronics,South,3,11294.0,0.04,32526.71,2306.27,UPI
ORD04303,2024-02-01,CUST8831,Mouse,Accessories,East,3,757.69,0.0,2273.08,252.12,Cash
ORD04304,2024-07-10,CUST4402,Headphones,Electronics,South,5,2867.27,0.04,13762.89,3363.04,Net Banking
ORD04305,2025-02-10,CUST4735,Monitor,Electronics,North,2,10682.14,0.09,19441.49,4715.95,Cash
ORD04306,2025-08-25,CUST3434,Monitor,Electronics,East,3,12937.92,0.03,37649.35,7608.08,UPI
ORD04307,2025-08-05,CUST4219,Smartwatch,Electronics,North,1,7915.21,0.05,7519.45,1159.57,Cash
ORD04308,2024-10-24,CUST2147,Smartphone,Electronics,West,3,30106.15,0.19,73157.96,15081.95,Credit Card
ORD04309,2024-02-04,CUST5835,Laptop,Electronics,South,5,55299.17,0.19,223961.66,35990.05,Debit Card
ORD04310,2024-08-07,CUST1705,Keyboard,Accessories,South,1,1443.78,0.2,1155.02,58.56,UPI
ORD04311,2025-12-11,CUST7222,Tablet,Electronics,East,3,19436.36,0.21,46064.16,6923.88,Credit Card
ORD04312,2025-09-09,CUST3596,Webcam,Accessories,South,5,3412.0,0.11,15183.39,2577.91,Cash
ORD04313,2024-11-27,CUST4528,Headphones,Electronics,North,2,2717.52,0.22,4239.33,437.29,Debit Card
ORD04314,2024-02-21,CUST4832,Headphones,Electronics,East,5,2454.03,0.13,10675.05,967.79,Debit Card
ORD04315,2024-01-17,CUST5807,Mouse,Accessories,South,2,783.66,0.12,1379.25,144.49,Debit Card
ORD04316,2024-01-09,CUST9792,Mouse,Accessories,North,1,813.63,0.18,667.18,116.57,Net Banking
ORD04317,2024-06-28,CUST7369,Webcam,Accessories,West,5,3585.78,0.05,17032.43,1349.19,Debit Card
ORD04318,2024-01-03,CUST3382,Headphones,Electronics,South,4,2767.22,0.2,8855.11,1718.47,Credit Card
ORD04319,2024-10-04,CUST9313,Printer,Office,South,4,9425.07,0.11,33553.24,4514.08,UPI
ORD04320,2025-11-24,CUST1475,Keyboard,Accessories,South,4,1644.75,0.03,6381.64,770.07,Credit Card
ORD04321,2024-06-15,CUST9428,Headphones,Electronics,West,4,2549.45,0.03,9891.87,2091.6,Cash
ORD04322,2024-09-07,CUST3826,Smartphone,Electronics,South,4,28204.77,0.04,108306.3,16377.28,Net Banking
ORD04323,2024-09-30,CUST4913,Webcam,Accessories,West,2,3284.88,0.22,5124.42,644.04,Net Banking
ORD04324,2025-08-15,CUST9573,Printer,Office,North,5,9583.41,0.25,35937.8,8108.68,Cash
ORD04325,2024-01-27,CUST8571,Keyboard,Accessories,East,1,1555.21,0.09,1415.24,175.0,UPI
ORD04326,2024-04-27,CUST5484,Headphones,Electronics,North,4,2298.11,0.07,8548.96,1896.16,Net Banking
ORD04327,2024-12-17,CUST2470,Tablet,Electronics,North,4,24774.2,0.05,94141.97,14200.35,Cash
ORD04328,2024-07-13,CUST4264,Smartwatch,Electronics,East,1,7157.32,0.21,5654.28,517.94,Cash
ORD04329,2025-10-14,CUST4724,Smartphone,Electronics,East,1,33780.14,0.05,32091.13,5537.76,Cash
ORD04330,2024-09-29,CUST3510,Tablet,Electronics,South,4,19006.27,0.23,58539.31,6267.49,Cash
ORD04331,2024-11-12,CUST9776,Mouse,Accessories,West,2,762.23,0.17,1265.3,100.5,Debit Card
ORD04332,2025-02-05,CUST1514,Mouse,Accessories,South,1,685.47,0.22,534.67,35.99,UPI
ORD04333,2025-06-12,CUST4467,Headphones,Electronics,North,5,2329.19,0.14,10015.51,984.92,Cash
ORD04334,2025-11-26,CUST1209,Mouse,Accessories,West,5,886.88,0.17,3680.56,726.21,Debit Card
ORD04335,2024-02-17,CUST7967,Smartphone,Electronics,South,2,25829.49,0.15,43910.13,9554.84,Debit Card
ORD04336,2024-01-16,CUST5153,Keyboard,Accessories,East,3,1471.27,0.21,3486.9,775.29,Credit Card
ORD04337,2025-04-14,CUST4840,Monitor,Electronics,East,2,10623.24,0.21,16784.72,1746.11,Cash
ORD04338,2025-12-05,CUST5039,Laptop,Electronics,South,4,63378.39,0.15,215486.54,39260.48,Debit Card
ORD04339,2024-10-09,CUST6232,Webcam,Accessories,West,3,3855.79,0.16,9716.6,933.48,Credit Card
ORD04340,2024-01-14,CUST5166,Keyboard,Accessories,North,4,1555.38,0.23,4790.58,836.21,Credit Card
ORD04341,2024-12-13,CUST2068,Monitor,Electronics,West,5,12852.32,0.23,49481.44,11254.17,Cash
ORD04342,2025-01-01,CUST4856,Printer,Office,South,1,9547.31,0.17,7924.27,461.02,Net Banking
ORD04343,2024-08-15,CUST2765,Smartphone,Electronics,East,4,33999.58,0.0,135998.32,33597.72,Debit Card
ORD04344,2025-09-19,CUST7685,Tablet,Electronics,East,5,23381.13,0.03,113398.48,24428.03,Net Banking
ORD04345,2025-01-07,CUST5571,Monitor,Electronics,North,2,11718.48,0.21,18515.19,3746.22,Credit Card
ORD04346,2025-06-24,CUST8407,Smartphone,Electronics,East,4,29338.18,0.02,115005.68,21652.42,Net Banking
ORD04347,2025-06-23,CUST1571,Smartwatch,Electronics,North,5,7879.24,0.05,37426.37,7637.03,Net Banking
ORD04348,2025-02-08,CUST8621,Tablet,Electronics,North,1,22504.27,0.06,21154.01,5265.64,Cash
ORD04349,2025-02-11,CUST4225,Mouse,Accessories,West,4,849.53,0.15,2888.41,589.35,Credit Card
ORD04350,2025-07-11,CUST5561,Mouse,Accessories,West,5,780.09,0.14,3354.38,403.6,UPI
ORD04351,2024-02-29,CUST1224,Tablet,Electronics,South,4,20176.37,0.07,75056.1,12968.52,Debit Card
ORD04352,2025-10-21,CUST9749,Printer,Office,South,1,10670.68,0.05,10137.14,1189.94,Cash
ORD04353,2024-02-21,CUST6673,Printer,Office,North,4,10323.47,0.19,33448.05,8161.76,Cash
ORD04354,2024-05-29,CUST4528,Printer,Office,South,4,10004.03,0.23,30812.41,7087.71,UPI
ORD04355,2025-10-17,CUST7635,Monitor,Electronics,East,5,12446.48,0.01,61610.05,10074.73,Cash
ORD04356,2025-10-22,CUST9644,Webcam,Accessories,North,3,3193.7,0.03,9293.67,1916.86,Credit Card
ORD04357,2024-06-20,CUST2897,Monitor,Electronics,North,4,13058.18,0.16,43875.48,10176.36,Cash
ORD04358,2024-11-13,CUST3849,Headphones,Electronics,South,3,2836.12,0.2,6806.69,671.96,Cash
ORD04359,2025-10-22,CUST1741,Laptop,Electronics,West,2,72626.51,0.2,116202.42,19277.56,UPI
ORD04360,2025-09-07,CUST9900,Tablet,Electronics,North,4,20821.48,0.18,68294.44,9994.43,Debit Card
ORD04361,2025-05-03,CUST9345,Keyboard,Accessories,North,3,1457.7,0.22,3411.02,696.93,Debit Card
ORD04362,2025-10-12,CUST9657,Laptop,Electronics,West,2,71013.84,0.05,134926.31,16975.96,Net Banking
ORD04363,2025-09-23,CUST9758,Smartwatch,Electronics,West,5,7199.75,0.03,34918.77,6697.28,Credit Card
ORD04364,2025-07-02,CUST5057,Monitor,Electronics,North,4,12172.49,0.15,41386.47,5405.02,UPI
ORD04365,2025-11-14,CUST3814,Monitor,Electronics,South,5,13535.91,0.21,53466.85,3861.11,Debit Card
ORD04366,2024-05-03,CUST6569,Smartphone,Electronics,North,2,30324.22,0.15,51551.18,3682.01,UPI
ORD04367,2024-10-04,CUST7222,Laptop,Electronics,North,5,65291.3,0.24,248106.96,18313.09,Net Banking
ORD04368,2024-07-30,CUST9202,Smartphone,Electronics,North,5,25878.17,0.2,103512.67,5848.88,Debit Card
ORD04369,2025-12-06,CUST2004,Keyboard,Accessories,South,1,1306.24,0.18,1071.11,167.73,UPI
ORD04370,2025-03-02,CUST5905,Smartphone,Electronics,West,2,25566.78,0.02,50110.89,9239.47,Credit Card
ORD04371,2025-04-03,CUST5944,Laptop,Electronics,North,5,73058.26,0.03,354332.57,26697.43,Credit Card
ORD04372,2025-06-16,CUST7304,Tablet,Electronics,West,3,21395.35,0.2,51348.84,8851.08,Net Banking
ORD04373,2025-10-18,CUST1498,Smartwatch,Electronics,North,2,6933.98,0.05,13174.56,2233.72,Debit Card
ORD04374,2024-10-18,CUST7315,Monitor,Electronics,South,1,13243.39,0.01,13110.96,1041.26,Debit Card
ORD04375,2024-05-21,CUST8000,Keyboard,Accessories,North,4,1549.16,0.23,4771.42,624.18,Credit Card
ORD04376,2025-11-07,CUST7369,Monitor,Electronics,North,5,12394.21,0.22,48337.4,9717.13,Net Banking
ORD04377,2025-01-22,CUST6939,Headphones,Electronics,West,3,2347.4,0.05,6690.09,356.92,Cash
ORD04378,2025-10-07,CUST8436,Smartwatch,Electronics,North,1,7701.21,0.2,6160.97,489.12,Credit Card
ORD04379,2024-06-26,CUST5390,Webcam,Accessories,North,2,3149.12,0.01,6235.26,1553.61,Credit Card
ORD04380,2024-03-25,CUST8486,Smartphone,Electronics,North,5,25978.35,0.07,120799.31,23762.31,UPI
ORD04381,2024-07-23,CUST2551,Mouse,Accessories,West,1,725.98,0.16,609.83,87.1,Net Banking
ORD04382,2025-07-03,CUST1725,Laptop,Electronics,East,1,60470.88,0.19,48981.41,8618.78,Cash
ORD04383,2024-11-30,CUST5681,Monitor,Electronics,West,3,11216.32,0.0,33648.96,7377.34,Net Banking
ORD04384,2025-01-23,CUST7727,Smartphone,Electronics,North,4,31534.62,0.08,116047.41,25351.82,Net Banking
ORD04385,2024-06-14,CUST5429,Keyboard,Accessories,East,4,1373.02,0.05,5217.48,599.7,Credit Card
ORD04386,2025-06-19,CUST7880,Monitor,Electronics,West,4,12635.97,0.25,37907.91,5620.16,Credit Card
ORD04387,2025-06-13,CUST5457,Webcam,Accessories,West,2,3070.69,0.17,5097.34,905.34,Credit Card
ORD04388,2025-11-02,CUST1934,Smartwatch,Electronics,East,1,6259.13,0.1,5633.21,362.66,UPI
ORD04389,2024-08-09,CUST5585,Smartwatch,Electronics,East,2,7018.53,0.02,13756.31,3289.95,Cash
ORD04390,2025-09-05,CUST4812,Monitor,Electronics,East,1,13518.82,0.15,11491.0,1569.08,Cash
ORD04391,2024-11-23,CUST1872,Keyboard,Accessories,East,3,1661.81,0.16,4187.75,520.0,Net Banking
ORD04392,2025-08-23,CUST9490,Smartwatch,Electronics,South,3,7984.38,0.2,19162.52,4434.59,Credit Card
ORD04393,2025-10-31,CUST3606,Smartwatch,Electronics,South,2,7316.01,0.07,13607.77,1002.31,Net Banking
ORD04394,2025-08-22,CUST6818,Webcam,Accessories,South,2,3684.61,0.25,5526.91,319.74,Credit Card
ORD04395,2025-02-17,CUST4268,Laptop,Electronics,East,3,67437.95,0.11,180059.32,33671.18,Net Banking
ORD04396,2024-05-12,CUST4984,Keyboard,Accessories,North,5,1555.27,0.07,7232.0,918.47,Net Banking
ORD04397,2024-06-27,CUST8186,Keyboard,Accessories,North,4,1341.2,0.09,4881.98,990.53,UPI
ORD04398,2024-10-15,CUST7061,Tablet,Electronics,North,4,22288.68,0.13,77564.6,4941.56,UPI
ORD04399,2025-09-18,CUST8540,Tablet,Electronics,West,3,21248.05,0.23,49082.99,6221.34,Net Banking
ORD04400,2024-12-14,CUST6273,Smartwatch,Electronics,North,4,6879.33,0.18,22564.2,2190.19,Credit Card
ORD04401,2024-10-13,CUST9385,Mouse,Accessories,South,5,805.66,0.14,3464.36,685.67,Net Banking
ORD04402,2024-12-29,CUST3651,Tablet,Electronics,East,5,19547.41,0.04,93827.59,8954.34,Credit Card
ORD04403,2024-03-23,CUST3435,Smartwatch,Electronics,West,1,6704.92,0.04,6436.73,911.37,Debit Card
ORD04404,2024-08-24,CUST6525,Printer,Office,South,2,8690.35,0.13,15121.21,3232.54,Cash
ORD04405,2025-03-13,CUST1367,Headphones,Electronics,North,4,2859.75,0.18,9379.98,2186.27,Net Banking
ORD04406,2024-08-26,CUST3609,Headphones,Electronics,East,5,2213.9,0.19,8966.28,1744.13,Debit Card
ORD04407,2025-03-20,CUST8615,Keyboard,Accessories,North,2,1391.34,0.06,2615.71,355.33,Net Banking
ORD04408,2024-03-06,CUST8122,Mouse,Accessories,South,2,893.91,0.03,1734.19,285.1,UPI
ORD04409,2025-10-21,CUST8945,Webcam,Accessories,South,1,3481.85,0.1,3133.66,588.93,Cash
ORD04410,2025-12-16,CUST2889,Laptop,Electronics,South,2,57894.93,0.23,89158.19,20059.39,Net Banking
ORD04411,2024-04-23,CUST9719,Tablet,Electronics,North,2,21235.92,0.14,36525.79,8317.46,UPI
ORD04412,2024-07-07,CUST3147,Printer,Office,East,3,8847.6,0.08,24419.39,5767.71,UPI
ORD04413,2025-08-18,CUST6558,Smartwatch,Electronics,East,1,6370.45,0.08,5860.82,1243.33,Debit Card
ORD04414,2024-10-02,CUST9469,Mouse,Accessories,West,1,692.49,0.03,671.71,53.31,UPI
ORD04415,2025-09-03,CUST2401,Keyboard,Accessories,West,4,1472.2,0.12,5182.15,1033.98,Debit Card
ORD04416,2024-10-28,CUST1328,Tablet,Electronics,West,2,24023.8,0.2,38438.08,8184.18,Credit Card
ORD04417,2025-12-10,CUST2023,Mouse,Accessories,South,4,820.63,0.24,2494.72,562.75,Credit Card
ORD04418,2025-06-29,CUST9955,Tablet,Electronics,East,5,22701.88,0.13,98753.17,23203.38,Credit Card
ORD04419,2025-08-13,CUST1032,Laptop,Electronics,North,2,59161.39,0.04,113589.87,17246.57,Credit Card
ORD04420,2025-10-04,CUST4168,Laptop,Electronics,East,5,61955.93,0.17,257117.11,46542.96,Net Banking
ORD04421,2025-08-06,CUST1385,Webcam,Accessories,North,3,3862.5,0.19,9385.89,487.23,Debit Card
ORD04422,2025-10-12,CUST7756,Headphones,Electronics,West,2,2190.89,0.02,4294.15,706.63,Credit Card
ORD04423,2025-11-16,CUST4388,Smartphone,Electronics,South,4,33221.38,0.21,104979.55,15184.21,UPI
ORD04424,2025-04-24,CUST7464,Smartphone,Electronics,South,4,29853.21,0.21,94336.14,22872.86,Debit Card
ORD04425,2025-03-01,CUST5181,Tablet,Electronics,West,2,24225.17,0.12,42636.3,9820.93,Net Banking
ORD04426,2024-01-17,CUST3589,Webcam,Accessories,South,4,3308.91,0.14,11382.64,2384.9,Credit Card
ORD04427,2024-02-16,CUST9271,Smartphone,Electronics,West,2,28549.59,0.18,46821.32,2874.77,Debit Card
ORD04428,2024-01-30,CUST1393,Keyboard,Accessories,East,1,1613.22,0.17,1338.97,174.61,Cash
ORD04429,2025-01-26,CUST1666,Smartphone,Electronics,North,4,32564.97,0.0,130259.86,24646.27,Credit Card
ORD04430,2024-02-09,CUST3925,Monitor,Electronics,South,2,11026.72,0.03,21391.84,1196.49,Debit Card
ORD04431,2025-12-11,CUST8978,Smartwatch,Electronics,West,2,7993.03,0.04,15346.62,1491.12,Credit Card
ORD04432,2025-10-29,CUST3258,Webcam,Accessories,North,4,3063.71,0.19,9926.44,2258.28,Cash
ORD04433,2024-10-10,CUST8538,Keyboard,Accessories,West,1,1305.83,0.11,1162.19,88.28,UPI
ORD04434,2024-02-28,CUST8266,Mouse,Accessories,South,4,822.92,0.14,2830.85,170.63,UPI
ORD04435,2024-11-25,CUST3314,Keyboard,Accessories,North,2,1600.23,0.19,2592.38,430.64,Cash
ORD04436,2025-12-26,CUST8289,Headphones,Electronics,South,1,2845.66,0.09,2589.55,619.66,Debit Card
ORD04437,2024-09-19,CUST1031,Mouse,Accessories,North,5,777.19,0.19,3147.61,682.79,Net Banking
ORD04438,2024-11-19,CUST2020,Printer,Office,North,3,8575.87,0.11,22897.58,5608.87,Credit Card
ORD04439,2024-01-24,CUST5563,Smartwatch,Electronics,West,4,7216.08,0.09,26266.54,5271.82,Net Banking
ORD04440,2024-12-19,CUST1291,Smartwatch,Electronics,North,2,6558.36,0.08,12067.39,1658.95,Credit Card
ORD04441,2024-02-23,CUST8598,Smartwatch,Electronics,East,1,6859.19,0.24,5212.98,1247.59,Net Banking
ORD04442,2025-11-14,CUST9791,Smartwatch,Electronics,South,1,6975.79,0.19,5650.39,764.65,Credit Card
ORD04443,2024-10-31,CUST1170,Tablet,Electronics,West,5,19125.78,0.01,94672.63,11362.51,UPI
ORD04444,2024-11-14,CUST7511,Smartwatch,Electronics,North,4,6970.56,0.24,21190.51,2959.03,Credit Card
ORD04445,2025-12-21,CUST4892,Smartwatch,Electronics,East,1,6845.27,0.19,5544.67,1179.88,Credit Card
ORD04446,2024-02-14,CUST8300,Smartwatch,Electronics,East,5,7446.34,0.04,35742.45,8347.24,Cash
ORD04447,2024-12-27,CUST3930,Webcam,Accessories,East,2,3652.95,0.02,7159.78,870.17,Cash
ORD04448,2025-04-05,CUST3939,Tablet,Electronics,West,5,19922.42,0.08,91643.15,13054.52,Credit Card
ORD04449,2024-01-07,CUST1111,Laptop,Electronics,North,4,59269.71,0.16,199146.22,45737.01,Credit Card
ORD04450,2024-09-15,CUST1354,Keyboard,Accessories,North,5,1387.95,0.15,5898.8,350.44,Debit Card
ORD04451,2024-03-28,CUST6889,Keyboard,Accessories,East,1,1355.53,0.07,1260.64,260.67,UPI
ORD04452,2024-07-07,CUST9073,Mouse,Accessories,West,1,837.73,0.11,745.58,105.01,Credit Card
ORD04453,2025-03-30,CUST9382,Webcam,Accessories,South,3,4019.15,0.05,11454.58,1435.3,Credit Card
ORD04454,2025-06-25,CUST4642,Monitor,Electronics,North,5,12547.59,0.01,62110.57,8657.24,UPI
ORD04455,2025-05-31,CUST3309,Keyboard,Accessories,North,2,1548.01,0.13,2693.53,360.23,Debit Card
ORD04456,2024-12-25,CUST8215,Smartphone,Electronics,South,4,29189.35,0.09,106249.24,21390.49,Cash
ORD04457,2025-01-03,CUST6020,Monitor,Electronics,North,3,11325.29,0.14,29219.25,6883.75,Cash
ORD04458,2024-07-18,CUST4927,Smartwatch,Electronics,South,5,7863.25,0.24,29880.37,4430.99,UPI
ORD04459,2024-01-07,CUST5424,Smartwatch,Electronics,South,2,7984.9,0.04,15331.02,3319.88,Credit Card
ORD04460,2025-11-09,CUST3919,Tablet,Electronics,North,3,21978.72,0.0,65936.17,12949.13,Cash
ORD04461,2025-01-20,CUST9964,Monitor,Electronics,East,1,11244.72,0.02,11019.83,1279.8,Credit Card
ORD04462,2025-11-13,CUST3064,Smartphone,Electronics,North,4,32431.1,0.12,114157.47,19117.13,Net Banking
ORD04463,2025-01-30,CUST6655,Tablet,Electronics,East,5,19574.21,0.18,80254.28,14715.68,Credit Card
ORD04464,2025-06-23,CUST9026,Mouse,Accessories,North,2,863.74,0.15,1468.36,80.32,Cash
ORD04465,2025-09-11,CUST6743,Monitor,Electronics,West,1,13148.21,0.12,11570.43,1494.8,Credit Card
ORD04466,2024-05-26,CUST7225,Webcam,Accessories,East,3,3106.15,0.09,8479.79,2107.46,Credit Card
ORD04467,2024-10-10,CUST6637,Smartwatch,Electronics,South,4,8001.41,0.08,29445.19,5225.09,Debit Card
ORD04468,2024-04-08,CUST3843,Smartwatch,Electronics,East,3,8019.58,0.09,21893.44,2558.22,Debit Card
ORD04469,2025-08-10,CUST7249,Headphones,Electronics,East,3,2827.54,0.15,7210.23,721.06,Credit Card
ORD04470,2025-08-26,CUST2683,Tablet,Electronics,North,2,21973.83,0.04,42189.75,3877.08,UPI
ORD04471,2025-05-21,CUST8887,Laptop,Electronics,West,1,60048.45,0.19,48639.24,6339.07,UPI
ORD04472,2025-04-18,CUST1146,Laptop,Electronics,South,5,66599.18,0.14,286376.48,25388.17,UPI
ORD04473,2025-12-10,CUST4079,Tablet,Electronics,West,2,21471.56,0.07,39937.11,3076.64,UPI
ORD04474,2024-05-26,CUST4876,Webcam,Accessories,East,4,3191.25,0.13,11105.54,1363.9,Cash
ORD04475,2025-07-29,CUST3558,Printer,Office,West,3,9771.03,0.24,22277.95,3818.44,UPI
ORD04476,2025-05-17,CUST9926,Tablet,Electronics,West,4,23081.67,0.01,91403.42,7246.45,Cash
ORD04477,2024-02-19,CUST5133,Webcam,Accessories,West,2,3049.46,0.05,5793.97,341.08,UPI
ORD04478,2025-06-05,CUST7070,Mouse,Accessories,East,2,760.02,0.11,1352.84,77.01,Credit Card
ORD04479,2024-08-12,CUST8391,Smartwatch,Electronics,West,5,5987.37,0.16,25146.95,2602.13,UPI
ORD04480,2024-03-22,CUST9078,Smartphone,Electronics,West,3,32245.46,0.05,91899.56,8089.59,Credit Card
ORD04481,2024-06-30,CUST9762,Printer,Office,North,2,10422.07,0.23,16049.99,2533.51,Credit Card
ORD04482,2025-06-05,CUST4658,Monitor,Electronics,South,4,10425.62,0.16,35030.08,4944.29,Debit Card
ORD04483,2024-12-25,CUST8529,Printer,Office,East,5,11394.21,0.22,44437.43,5108.23,Net Banking
ORD04484,2024-08-22,CUST2419,Smartphone,Electronics,West,4,25703.59,0.08,94589.23,20498.3,Net Banking
ORD04485,2024-11-21,CUST1848,Headphones,Electronics,West,3,2567.47,0.21,6084.91,918.76,Credit Card
ORD04486,2025-04-11,CUST7930,Smartwatch,Electronics,North,5,7580.37,0.09,34490.69,2355.92,Net Banking
ORD04487,2025-03-22,CUST9956,Laptop,Electronics,South,5,70613.98,0.06,331885.7,36226.28,Net Banking
ORD04488,2025-06-29,CUST7426,Webcam,Accessories,East,5,3011.0,0.23,11592.35,2836.27,UPI
ORD04489,2024-02-12,CUST8604,Tablet,Electronics,West,1,24682.34,0.02,24188.69,5935.8,Net Banking
ORD04490,2025-01-16,CUST6801,Tablet,Electronics,East,5,24761.78,0.24,94094.77,9497.39,Net Banking
ORD04491,2024-05-12,CUST5347,Laptop,Electronics,West,4,66197.11,0.11,235661.72,19665.32,Net Banking
ORD04492,2025-02-06,CUST6420,Printer,Office,West,4,9946.25,0.25,29838.75,4450.08,Debit Card
ORD04493,2025-09-16,CUST9899,Smartwatch,Electronics,East,3,6044.22,0.13,15775.42,2307.83,Net Banking
ORD04494,2025-01-04,CUST3083,Keyboard,Accessories,East,2,1527.88,0.19,2475.16,326.79,UPI
ORD04495,2024-02-23,CUST8626,Webcam,Accessories,West,2,3404.85,0.0,6809.7,1061.44,Cash
ORD04496,2025-10-15,CUST4354,Mouse,Accessories,East,1,865.47,0.12,761.62,73.45,Debit Card
ORD04497,2025-07-14,CUST8499,Smartphone,Electronics,South,5,29134.95,0.18,119453.3,8718.4,UPI
ORD04498,2024-06-07,CUST8103,Printer,Office,East,1,10550.74,0.2,8440.59,1385.04,Credit Card
ORD04499,2024-05-17,CUST3949,Monitor,Electronics,East,3,10565.07,0.04,30427.4,7196.68,UPI
ORD04500,2025-06-16,CUST8243,Headphones,Electronics,East,3,2224.71,0.1,6006.73,465.82,Cash
ORD04501,2024-09-10,CUST4511,Tablet,Electronics,East,2,19622.09,0.1,35319.76,6744.76,Debit Card
ORD04502,2024-10-28,CUST2151,Printer,Office,West,3,8636.58,0.03,25132.44,3457.7,Cash
ORD04503,2025-12-15,CUST1277,Headphones,Electronics,North,5,2531.0,0.11,11262.94,1225.35,Credit Card
ORD04504,2025-09-10,CUST4766,Smartphone,Electronics,West,4,32645.71,0.2,104466.27,23047.54,Credit Card
ORD04505,2024-03-14,CUST9522,Tablet,Electronics,West,3,22728.71,0.08,62731.25,8863.82,Credit Card
ORD04506,2025-06-15,CUST7503,Tablet,Electronics,South,1,22494.7,0.11,20020.28,3336.63,UPI
ORD04507,2024-10-03,CUST8731,Keyboard,Accessories,West,5,1581.28,0.24,6008.87,832.9,UPI
ORD04508,2025-02-24,CUST1870,Printer,Office,West,3,9518.94,0.01,28271.24,1872.97,Net Banking
ORD04509,2024-02-26,CUST7245,Smartwatch,Electronics,South,3,6710.1,0.15,17110.76,2891.39,Credit Card
ORD04510,2025-07-22,CUST9568,Laptop,Electronics,South,5,61378.27,0.19,248581.98,33252.36,Cash
ORD04511,2024-03-09,CUST3636,Laptop,Electronics,East,3,69136.12,0.19,168000.78,11315.07,Credit Card
ORD04512,2024-07-16,CUST5093,Mouse,Accessories,West,4,718.79,0.18,2357.64,398.82,Debit Card
ORD04513,2024-05-31,CUST2863,Monitor,Electronics,South,2,10246.89,0.18,16804.9,873.42,UPI
ORD04514,2025-12-20,CUST6978,Headphones,Electronics,West,5,2572.15,0.01,12732.13,1167.59,Credit Card
ORD04515,2024-07-06,CUST5223,Printer,Office,West,1,11327.14,0.13,9854.62,2032.16,Net Banking
ORD04516,2025-10-24,CUST7495,Webcam,Accessories,West,3,3614.88,0.2,8675.71,499.59,Credit Card
ORD04517,2024-02-16,CUST4753,Monitor,Electronics,East,2,13018.52,0.02,25516.3,4576.0,Net Banking
ORD04518,2025-05-14,CUST9450,Keyboard,Accessories,East,1,1577.76,0.0,1577.76,378.57,UPI
ORD04519,2025-12-20,CUST3069,Tablet,Electronics,West,1,21983.08,0.2,17586.47,1481.46,UPI
ORD04520,2024-08-30,CUST2184,Smartwatch,Electronics,North,4,7458.62,0.18,24464.29,3264.08,Net Banking
ORD04521,2024-06-28,CUST6861,Printer,Office,West,2,10972.31,0.1,19750.16,3260.74,Debit Card
ORD04522,2024-05-20,CUST3406,Monitor,Electronics,East,5,11009.03,0.24,41834.33,5860.29,UPI
ORD04523,2025-05-13,CUST2878,Monitor,Electronics,South,2,11410.07,0.19,18484.31,3217.67,Net Banking
ORD04524,2024-01-08,CUST1829,Smartwatch,Electronics,West,2,6419.82,0.24,9758.13,1276.55,UPI
ORD04525,2024-04-11,CUST6404,Mouse,Accessories,East,1,788.52,0.23,607.16,48.39,Credit Card
ORD04526,2024-06-08,CUST6953,Headphones,Electronics,South,4,2788.8,0.12,9816.57,665.65,Cash
ORD04527,2025-04-14,CUST7449,Headphones,Electronics,East,4,2383.91,0.19,7723.85,1536.19,Debit Card
ORD04528,2025-10-18,CUST1047,Monitor,Electronics,North,2,11548.08,0.17,19169.81,1873.37,Cash
ORD04529,2024-01-05,CUST8467,Smartphone,Electronics,East,2,33243.31,0.2,53189.29,11674.52,Debit Card
ORD04530,2025-01-13,CUST4575,Monitor,Electronics,West,3,12055.35,0.2,28932.83,5746.22,Credit Card
ORD04531,2025-01-15,CUST2734,Monitor,Electronics,South,1,12127.62,0.04,11642.51,697.28,Net Banking
ORD04532,2025-08-28,CUST6384,Smartwatch,Electronics,West,5,7757.68,0.06,36461.11,3290.33,Net Banking
ORD04533,2025-12-29,CUST7328,Tablet,Electronics,West,5,21937.48,0.07,102009.27,11057.65,Net Banking
ORD04534,2025-11-14,CUST7926,Smartwatch,Electronics,North,4,7381.27,0.2,23620.07,3989.35,Credit Card
ORD04535,2025-10-11,CUST9926,Printer,Office,East,1,8756.93,0.2,7005.55,1484.93,Cash
ORD04536,2024-10-30,CUST4516,Monitor,Electronics,North,4,10843.07,0.12,38167.62,2368.94,UPI
ORD04537,2024-06-04,CUST2906,Headphones,Electronics,East,5,2428.28,0.15,10320.2,1031.21,Net Banking
ORD04538,2024-10-26,CUST2262,Webcam,Accessories,North,2,3494.58,0.21,5521.44,691.52,UPI
ORD04539,2025-11-01,CUST1557,Headphones,Electronics,East,1,2849.3,0.08,2621.36,227.21,Cash
ORD04540,2024-09-28,CUST7470,Laptop,Electronics,South,1,74177.71,0.01,73435.93,11680.6,UPI
ORD04541,2024-05-02,CUST4362,Mouse,Accessories,West,3,884.29,0.12,2334.52,339.91,UPI
ORD04542,2025-05-25,CUST9047,Keyboard,Accessories,East,2,1417.02,0.23,2182.21,247.24,UPI
ORD04543,2024-10-05,CUST1289,Printer,Office,South,2,11392.08,0.2,18227.34,2795.66,Credit Card
ORD04544,2025-01-01,CUST3274,Printer,Office,East,4,10568.02,0.09,38467.6,4660.9,Cash
ORD04545,2025-06-16,CUST4870,Mouse,Accessories,East,1,774.31,0.02,758.82,90.03,UPI
ORD04546,2025-12-20,CUST4595,Webcam,Accessories,West,4,3711.76,0.16,12471.51,1285.55,Net Banking
ORD04547,2025-09-21,CUST5270,Keyboard,Accessories,West,2,1282.44,0.21,2026.25,320.32,Net Banking
ORD04548,2024-05-02,CUST4712,Tablet,Electronics,South,3,19664.62,0.17,48964.91,6797.46,Cash
ORD04549,2025-12-13,CUST1846,Monitor,Electronics,West,1,13186.87,0.11,11736.31,1047.64,Credit Card
ORD04550,2025-01-20,CUST3809,Keyboard,Accessories,West,2,1565.51,0.03,3037.09,159.73,UPI
ORD04551,2025-01-31,CUST8874,Webcam,Accessories,South,3,3357.4,0.23,7755.6,621.89,Credit Card
ORD04552,2024-10-27,CUST5930,Smartphone,Electronics,West,5,30006.0,0.07,139527.9,8171.72,Cash
ORD04553,2025-01-28,CUST8473,Laptop,Electronics,South,2,72900.27,0.06,137052.51,18682.97,Debit Card
ORD04554,2025-08-25,CUST5982,Keyboard,Accessories,South,5,1559.21,0.2,6236.84,592.62,Net Banking
ORD04555,2025-08-15,CUST2919,Keyboard,Accessories,West,4,1454.17,0.25,4362.5,584.97,UPI
ORD04556,2024-08-03,CUST8779,Laptop,Electronics,East,5,57596.37,0.17,239024.93,27700.59,UPI
ORD04557,2024-01-01,CUST1858,Monitor,Electronics,West,2,11257.49,0.16,18912.58,2980.68,Cash
ORD04558,2024-05-23,CUST7896,Keyboard,Accessories,West,5,1715.25,0.08,7890.16,1536.79,Cash
ORD04559,2024-09-06,CUST2139,Laptop,Electronics,East,1,63778.58,0.01,63140.79,9209.89,Credit Card
ORD04560,2024-06-19,CUST8843,Laptop,Electronics,West,2,64450.87,0.05,122456.65,7640.51,Net Banking
ORD04561,2024-05-13,CUST6870,Laptop,Electronics,West,3,64972.66,0.15,165680.29,8864.24,Credit Card
ORD04562,2024-03-16,CUST9358,Smartwatch,Electronics,East,5,7806.62,0.04,37471.77,3471.62,Cash
ORD04563,2025-04-24,CUST8177,Webcam,Accessories,South,1,3609.12,0.22,2815.12,380.02,Net Banking
ORD04564,2025-09-15,CUST2823,Smartwatch,Electronics,East,4,7406.72,0.05,28145.54,1660.05,Cash
ORD04565,2024-09-23,CUST2971,Smartphone,Electronics,East,4,29004.72,0.13,100936.43,11662.88,Credit Card
ORD04566,2025-04-10,CUST9519,Tablet,Electronics,North,5,18891.98,0.13,82180.11,18688.18,Credit Card
ORD04567,2025-03-25,CUST6166,Smartwatch,Electronics,North,4,7905.04,0.15,26877.15,1827.75,Credit Card
ORD04568,2024-04-05,CUST4596,Smartwatch,Electronics,South,3,7943.17,0.08,21923.14,5255.05,Debit Card
ORD04569,2024-10-02,CUST6954,Webcam,Accessories,West,2,3971.61,0.22,6195.71,1371.32,Credit Card
ORD04570,2025-07-03,CUST1820,Tablet,Electronics,South,1,24928.33,0.11,22186.22,4800.13,UPI
ORD04571,2024-11-07,CUST5494,Mouse,Accessories,West,5,875.66,0.18,3590.2,799.65,Credit Card
ORD04572,2024-12-12,CUST8924,Laptop,Electronics,North,4,68599.62,0.16,230494.73,15214.97,Cash
ORD04573,2024-09-23,CUST3778,Printer,Office,East,2,11033.53,0.03,21405.05,1717.4,Credit Card
ORD04574,2024-09-30,CUST3682,Tablet,Electronics,East,3,22663.61,0.16,57112.29,4390.48,Cash
ORD04575,2025-08-15,CUST1488,Smartphone,Electronics,South,4,26709.33,0.14,91880.08,6638.19,Cash
ORD04576,2024-04-07,CUST5845,Monitor,Electronics,East,4,11608.39,0.22,36218.16,4184.73,Net Banking
ORD04577,2025-07-10,CUST2338,Smartphone,Electronics,East,1,34241.65,0.22,26708.49,5770.19,Debit Card
ORD04578,2025-10-27,CUST2133,Laptop,Electronics,North,3,62097.19,0.04,178839.9,17954.17,Cash
ORD04579,2024-11-10,CUST5651,Tablet,Electronics,North,3,24427.66,0.02,71817.33,7098.74,Cash
ORD04580,2024-05-13,CUST4162,Smartphone,Electronics,South,5,26338.9,0.07,122475.9,22679.81,UPI
ORD04581,2025-07-08,CUST1238,Smartphone,Electronics,West,1,28507.65,0.25,21380.74,1483.5,Credit Card
ORD04582,2024-04-03,CUST8467,Mouse,Accessories,South,5,764.23,0.01,3782.93,461.73,Debit Card
ORD04583,2024-06-28,CUST9961,Mouse,Accessories,North,1,692.38,0.17,574.68,62.69,Debit Card
ORD04584,2024-09-12,CUST8410,Tablet,Electronics,East,3,19486.02,0.15,49689.36,10904.84,Net Banking
ORD04585,2024-01-17,CUST8120,Laptop,Electronics,West,1,59016.72,0.16,49574.05,7579.88,Cash
ORD04586,2025-09-20,CUST5086,Smartwatch,Electronics,North,1,7709.41,0.05,7323.94,1313.14,Cash
ORD04587,2025-07-11,CUST1776,Headphones,Electronics,North,1,2172.55,0.06,2042.2,154.81,UPI
ORD04588,2025-11-11,CUST4778,Keyboard,Accessories,West,2,1409.42,0.11,2508.76,591.52,Debit Card
ORD04589,2024-05-20,CUST6015,Printer,Office,West,2,8530.53,0.02,16719.83,1914.26,Credit Card
ORD04590,2025-01-24,CUST2733,Keyboard,Accessories,South,3,1588.03,0.02,4668.82,893.46,Net Banking
ORD04591,2025-12-26,CUST3948,Webcam,Accessories,West,1,3626.32,0.02,3553.79,856.2,Net Banking
ORD04592,2025-11-20,CUST8235,Mouse,Accessories,West,3,834.8,0.14,2153.77,326.79,Net Banking
ORD04593,2024-02-17,CUST2693,Tablet,Electronics,East,2,21170.93,0.1,38107.67,5773.58,Net Banking
ORD04594,2025-09-02,CUST8395,Keyboard,Accessories,South,1,1368.72,0.07,1272.91,93.5,Debit Card
ORD04595,2024-09-18,CUST1946,Laptop,Electronics,West,5,69296.24,0.08,318762.72,40819.2,Cash
ORD04596,2025-07-23,CUST5255,Printer,Office,South,2,10933.35,0.05,20773.37,4580.38,Debit Card
ORD04597,2024-09-09,CUST5937,Keyboard,Accessories,West,2,1337.37,0.1,2407.27,185.41,Credit Card
ORD04598,2025-12-03,CUST7898,Printer,Office,North,2,9960.49,0.05,18924.93,4418.99,Net Banking
ORD04599,2025-05-27,CUST2124,Monitor,Electronics,North,1,11095.38,0.17,9209.16,1689.53,Debit Card
ORD04600,2024-06-04,CUST9746,Laptop,Electronics,South,4,58528.08,0.03,227088.97,30473.51,Credit Card
ORD04601,2025-08-25,CUST2388,Headphones,Electronics,North,5,2675.74,0.24,10167.83,1619.73,UPI
ORD04602,2024-07-28,CUST9606,Smartphone,Electronics,North,5,30342.87,0.02,148680.07,11909.17,Net Banking
ORD04603,2024-11-19,CUST8645,Printer,Office,West,3,9148.56,0.24,20858.71,1950.22,Cash
ORD04604,2024-02-10,CUST6142,Laptop,Electronics,East,1,61295.0,0.21,48423.05,5194.91,Cash
ORD04605,2024-12-27,CUST4647,Printer,Office,West,2,11399.96,0.17,18923.94,2402.76,Cash
ORD04606,2025-01-06,CUST1839,Printer,Office,East,4,11046.04,0.23,34021.8,7930.63,Credit Card
ORD04607,2025-02-19,CUST2206,Smartwatch,Electronics,South,1,7797.89,0.03,7563.95,934.25,Debit Card
ORD04608,2025-09-26,CUST9847,Smartwatch,Electronics,East,1,6916.03,0.04,6639.38,1027.56,Net Banking
ORD04609,2025-12-09,CUST5872,Laptop,Electronics,South,4,67414.24,0.06,253477.55,20887.88,Net Banking
ORD04610,2025-10-23,CUST1978,Smartwatch,Electronics,East,2,6741.21,0.06,12673.48,2499.14,Net Banking
ORD04611,2025-01-11,CUST1550,Webcam,Accessories,North,1,3056.6,0.08,2812.07,455.71,Net Banking
ORD04612,2024-11-08,CUST9491,Headphones,Electronics,North,5,2425.8,0.14,10430.95,1439.28,UPI
ORD04613,2024-10-04,CUST6388,Tablet,Electronics,South,5,22620.27,0.01,111970.35,26809.88,Net Banking
ORD04614,2024-11-17,CUST4979,Laptop,Electronics,East,4,60849.31,0.1,219057.53,49973.63,UPI
ORD04615,2025-07-08,CUST3095,Laptop,Electronics,North,2,71785.04,0.06,134955.87,24548.78,Debit Card
ORD04616,2024-02-03,CUST1204,Webcam,Accessories,,4,3133.66,0.15,10654.43,2497.0,Cash
ORD04617,2024-04-23,CUST9613,Mouse,Accessories,East,1,768.11,0.25,576.08,93.88,UPI
ORD04618,2024-01-02,CUST2985,Mouse,Accessories,North,5,709.98,0.13,3088.4,665.2,Cash
ORD04619,2025-07-24,CUST7463,Smartwatch,Electronics,West,3,6800.15,0.11,18156.39,2394.68,Cash
ORD04620,2024-02-05,CUST4746,Tablet,Electronics,East,4,18961.76,0.09,69020.82,4648.47,Credit Card
ORD04621,2024-01-08,CUST8311,Smartwatch,Electronics,South,3,6522.35,0.2,15653.65,3895.09,UPI
ORD04622,2024-06-09,CUST2703,Monitor,Electronics,West,3,11642.65,0.02,34229.38,2845.36,Net Banking
ORD04623,2025-03-27,CUST7233,Monitor,Electronics,West,5,11921.4,0.24,45301.3,4543.81,Credit Card
ORD04624,2025-06-13,CUST5024,Smartphone,Electronics,South,4,30393.27,0.1,109415.76,9040.0,Net Banking
ORD04625,2025-07-29,CUST4683,Monitor,Electronics,West,3,11189.97,0.08,30884.31,3628.78,Cash
ORD04626,2025-07-26,CUST9165,Mouse,Accessories,South,1,805.53,0.24,612.2,66.03,Credit Card
ORD04627,2024-03-23,CUST2793,Headphones,Electronics,North,2,2506.75,0.23,3860.4,657.12,Net Banking
ORD04628,2024-01-10,CUST7101,Monitor,Electronics,South,2,11338.24,0.16,19048.24,4748.58,Net Banking
ORD04629,2025-03-09,CUST6378,Smartwatch,Electronics,West,5,7693.42,0.0,38467.1,2327.33,Debit Card
ORD04630,2025-09-09,CUST7254,Printer,Office,West,4,10136.92,0.19,32843.63,6755.56,Credit Card
ORD04631,2024-08-20,CUST6658,Laptop,Electronics,East,4,61729.26,0.08,227163.68,17173.21,Credit Card
ORD04632,2024-08-09,CUST7078,Headphones,Electronics,West,2,2835.5,0.1,5103.91,275.44,Cash
ORD04633,2025-07-04,CUST1683,Headphones,Electronics,North,1,2758.83,0.04,2648.48,470.68,Cash
ORD04634,2024-11-16,CUST8175,Smartwatch,Electronics,South,2,8013.43,0.13,13943.38,3132.56,Credit Card
ORD04635,2025-10-06,CUST1022,Laptop,Electronics,South,2,68748.56,0.19,111372.67,9495.6,Debit Card
ORD04636,2024-10-08,CUST6765,Mouse,Accessories,West,4,770.77,0.07,2867.28,339.26,Debit Card
ORD04637,2024-04-29,CUST7714,Headphones,Electronics,North,3,2335.65,0.23,5395.34,451.86,Cash
ORD04638,2024-03-03,CUST2791,Smartphone,Electronics,South,1,31469.86,0.05,29896.37,6915.08,UPI
ORD04639,2025-11-16,CUST7031,Smartwatch,Electronics,East,4,8009.71,0.02,31398.08,3267.66,Net Banking
ORD04640,2025-06-26,CUST6454,Headphones,Electronics,North,2,2595.04,0.16,4359.66,605.74,Cash
ORD04641,2024-06-17,CUST5782,Tablet,Electronics,East,3,24518.66,0.21,58109.22,13304.0,Debit Card
ORD04642,2025-10-13,CUST4495,Laptop,Electronics,East,1,61667.52,0.24,46867.31,7525.66,Credit Card
ORD04643,2024-09-29,CUST6266,Monitor,Electronics,South,5,11665.03,0.19,47243.39,11176.37,Debit Card
ORD04644,2025-10-19,CUST9186,Headphones,Electronics,North,1,2804.71,0.05,2664.47,626.92,Credit Card
ORD04645,2025-12-06,CUST1751,Smartwatch,Electronics,West,1,7539.42,0.24,5729.96,815.49,Cash
ORD04646,2025-01-03,CUST8595,Monitor,Electronics,South,2,13733.08,0.23,21148.94,3520.8,Net Banking
ORD04647,2025-04-16,CUST4426,Smartphone,Electronics,East,2,32472.88,0.04,62347.93,5989.32,Net Banking
ORD04648,2024-10-21,CUST9857,Monitor,Electronics,South,5,11814.66,0.14,50803.02,12604.59,Cash
ORD04649,2024-03-14,CUST9499,Tablet,Electronics,South,5,22205.05,0.14,95481.71,10088.92,Net Banking
ORD04650,2025-04-03,CUST2868,Mouse,Accessories,East,5,896.12,0.11,3987.75,824.11,Net Banking
ORD04651,2025-10-09,CUST9494,Headphones,Electronics,South,4,2538.74,0.25,7616.21,857.54,UPI
ORD04652,2025-08-25,CUST1711,Keyboard,Accessories,West,4,1389.93,0.01,5504.12,619.81,UPI
ORD04653,2025-06-21,CUST1525,Keyboard,Accessories,East,2,1471.03,0.16,2471.33,174.9,UPI
ORD04654,2025-08-10,CUST8321,Monitor,Electronics,North,2,12058.74,0.05,22911.6,3711.2,Credit Card
ORD04655,2025-06-30,CUST9951,Webcam,Accessories,East,5,3076.56,0.13,13383.02,1324.47,UPI
ORD04656,2024-07-25,CUST5701,Laptop,Electronics,West,4,69753.37,0.19,226000.93,18007.52,Cash
ORD04657,2024-06-13,CUST3546,Keyboard,Accessories,North,3,1324.21,0.06,3734.27,356.0,UPI
ORD04658,2024-05-03,CUST8911,Webcam,Accessories,East,4,3400.16,0.1,12240.59,1226.74,Cash
ORD04659,2024-09-29,CUST9297,Keyboard,Accessories,East,2,1637.08,0.24,2488.36,375.29,UPI
ORD04660,2025-01-16,CUST9076,Webcam,Accessories,South,4,3465.95,0.19,11229.67,1428.24,Net Banking
ORD04661,2025-04-18,CUST5835,Laptop,Electronics,North,2,71669.3,0.14,123271.2,8024.72,UPI
ORD04662,2024-12-19,CUST1906,Printer,Office,West,5,9525.64,0.06,44770.53,7038.18,Cash
ORD04663,2024-04-06,CUST7301,Keyboard,Accessories,West,5,1705.94,0.11,7591.42,1575.59,Cash
ORD04664,2024-03-22,CUST7388,Tablet,Electronics,East,5,20082.49,0.19,81334.09,13407.68,Cash
ORD04665,2025-06-20,CUST4665,Headphones,Electronics,South,3,2153.7,0.21,5104.26,1250.08,UPI
ORD04666,2024-12-26,CUST6654,Webcam,Accessories,West,3,3891.05,0.06,10972.75,766.23,Credit Card
ORD04667,2024-03-01,CUST9261,Headphones,Electronics,South,2,2689.15,0.17,4463.99,956.32,Cash
ORD04668,2024-04-03,CUST3925,Smartwatch,Electronics,North,1,6437.17,0.02,6308.42,953.45,Credit Card
ORD04669,2024-12-30,CUST1134,Smartwatch,Electronics,South,3,8017.96,0.01,23813.33,3674.85,UPI
ORD04670,2025-10-14,CUST9110,Laptop,Electronics,South,2,65044.46,0.14,111876.48,17208.84,Credit Card
ORD04671,2024-10-22,CUST1736,Webcam,Accessories,East,4,3973.62,0.06,14940.81,1719.15,Credit Card
ORD04672,2025-11-12,CUST8033,Smartphone,Electronics,West,5,30045.26,0.02,147221.77,16917.4,Cash
ORD04673,2024-06-18,CUST9329,Smartwatch,Electronics,North,5,6940.94,0.18,28457.84,5019.08,UPI
ORD04674,2024-10-25,CUST2876,Laptop,Electronics,West,5,64008.2,0.12,281636.09,16603.3,Cash
ORD04675,2025-12-08,CUST7856,Smartwatch,Electronics,North,2,6653.24,0.2,10645.18,1785.81,Net Banking
ORD04676,2025-10-29,CUST4958,Smartwatch,Electronics,North,5,7070.77,0.17,29343.71,5719.62,Debit Card
ORD04677,2025-09-02,CUST2437,Smartphone,Electronics,West,3,29572.99,0.18,72749.56,8821.99,Credit Card
ORD04678,2024-11-12,CUST6551,Keyboard,Accessories,North,4,1291.54,0.08,4752.85,444.26,UPI
ORD04679,2025-10-06,CUST3287,Monitor,Electronics,West,5,11137.57,0.07,51789.69,4799.73,Credit Card
ORD04680,2025-10-12,CUST7680,Printer,Office,South,2,9139.37,0.15,15536.93,1031.15,UPI
ORD04681,2024-09-20,CUST1216,Smartwatch,Electronics,North,4,7771.61,0.05,29532.14,2006.53,Cash
ORD04682,2025-10-22,CUST3928,Smartwatch,Electronics,West,5,7207.63,0.2,28830.51,2402.66,Debit Card
ORD04683,2025-04-24,CUST4083,Tablet,Electronics,South,1,23740.31,0.13,20654.07,1111.9,Debit Card
ORD04684,2024-09-17,CUST7650,Printer,Office,South,5,11370.48,0.06,53441.25,5517.65,Debit Card
ORD04685,2025-06-29,CUST7561,Smartphone,Electronics,South,3,31296.35,0.16,78866.81,8776.33,Debit Card
ORD04686,2025-06-04,CUST1386,Headphones,Electronics,South,4,2861.96,0.24,8700.35,2166.77,Credit Card
ORD04687,2024-02-12,CUST6253,Webcam,Accessories,North,3,3302.35,0.02,9708.92,2411.09,UPI
ORD04688,2024-04-05,CUST6434,Smartwatch,Electronics,West,1,6341.16,0.03,6150.93,537.65,Net Banking
ORD04689,2025-01-28,CUST1922,Monitor,Electronics,West,1,11651.92,0.21,9205.01,852.44,UPI
ORD04690,2025-06-07,CUST9227,Webcam,Accessories,South,3,3469.34,0.03,10095.78,1498.02,Credit Card
ORD04691,2024-12-20,CUST4264,Printer,Office,East,4,11186.08,0.01,44296.9,3532.98,Cash
ORD04692,2025-02-05,CUST7825,Webcam,Accessories,East,1,3562.94,0.09,3242.27,488.96,Net Banking
ORD04693,2025-04-15,CUST6261,Keyboard,Accessories,East,1,1406.48,0.12,1237.7,160.75,Net Banking
ORD04694,2025-10-13,CUST7391,Smartwatch,Electronics,East,5,7509.53,0.14,32290.99,3711.03,Net Banking
ORD04695,2024-10-13,CUST3368,Webcam,Accessories,South,2,3506.12,0.13,6100.65,1308.72,Credit Card
ORD04696,2024-10-09,CUST6643,Headphones,Electronics,East,1,2246.6,0.23,1729.88,373.0,Debit Card
ORD04697,2025-06-16,CUST4457,Headphones,Electronics,East,4,2557.61,0.19,8286.67,2051.6,Debit Card
ORD04698,2024-09-25,CUST4938,Smartwatch,Electronics,South,4,7863.93,0.25,23591.79,2232.2,Debit Card
ORD04699,2025-07-10,CUST9514,Mouse,Accessories,West,5,882.23,0.12,3881.81,883.72,UPI
ORD04700,2025-11-17,CUST6932,Headphones,Electronics,West,4,2565.11,0.02,10055.22,1584.39,Debit Card
ORD04701,2024-10-07,CUST7204,Webcam,Accessories,North,5,3370.94,0.24,12809.56,2155.75,Net Banking
ORD04702,2024-03-17,CUST2824,Laptop,Electronics,West,1,56946.09,0.0,56946.09,13055.38,Debit Card
ORD04703,2025-12-10,CUST3966,Headphones,Electronics,North,1,2477.24,0.19,2006.56,478.62,Net Banking
ORD04704,2024-12-20,CUST7471,Printer,Office,North,1,10756.24,0.01,10648.68,2080.35,Net Banking
ORD04705,2024-09-11,CUST3215,Mouse,Accessories,North,1,766.47,0.19,620.84,74.23,UPI
ORD04706,2025-10-29,CUST3405,Webcam,Accessories,West,2,3222.22,0.23,4962.22,734.08,Debit Card
ORD04707,2025-02-28,CUST3915,Smartphone,Electronics,South,2,33882.42,0.1,60988.35,10551.64,Cash
ORD04708,2024-01-04,CUST1682,Tablet,Electronics,South,1,24122.27,0.06,22674.93,4891.62,Debit Card
ORD04709,2024-03-24,CUST7227,Smartphone,Electronics,West,4,31244.48,0.06,117479.25,21333.0,Cash
ORD04710,2025-12-09,CUST5921,,Accessories,North,5,1336.55,,5880.83,723.87,UPI
ORD04711,2024-08-01,CUST6615,Tablet,Electronics,East,3,19656.4,0.04,56610.43,7561.8,Credit Card
ORD04712,2025-10-18,CUST4069,Keyboard,Accessories,South,5,1321.45,0.17,5484.01,329.52,UPI
ORD04713,2024-02-26,CUST4967,Tablet,Electronics,East,3,22767.56,0.09,62155.43,14597.43,UPI
ORD04714,2024-06-02,CUST3528,Tablet,Electronics,East,3,19462.71,0.08,53717.09,3632.55,Cash
ORD04715,2025-09-03,CUST9837,Laptop,Electronics,East,1,71681.23,0.12,63079.48,10470.32,UPI
ORD04716,2025-12-12,CUST8455,Monitor,Electronics,West,3,13774.67,0.14,35538.66,7972.4,Net Banking
ORD04717,2025-02-04,CUST5288,Printer,Office,North,1,9599.04,0.04,9215.08,1236.42,UPI
ORD04718,2025-06-03,CUST9691,Smartphone,Electronics,West,2,29583.03,0.18,48516.17,10189.61,UPI
ORD04719,2025-06-05,CUST9860,Headphones,Electronics,North,4,2658.75,0.22,8295.3,1748.34,Cash
ORD04720,2025-09-27,CUST5670,Webcam,Accessories,North,3,3959.01,0.07,11045.64,684.49,UPI
ORD04721,2024-09-26,CUST6656,Mouse,Accessories,East,4,894.58,0.05,3399.41,450.18,UPI
ORD04722,2025-06-22,CUST3038,Printer,Office,East,1,8672.78,0.19,7024.95,1322.13,Debit Card
ORD04723,2025-05-26,CUST1316,Keyboard,Accessories,South,3,1351.08,0.05,3850.58,517.79,Net Banking
ORD04724,2025-05-31,CUST3647,Laptop,Electronics,West,5,69964.65,0.01,346324.99,55077.26,Net Banking
ORD04725,2025-02-15,CUST6657,Keyboard,Accessories,South,2,1585.0,0.15,2694.5,455.08,Net Banking
ORD04726,2025-10-06,CUST8445,Monitor,Electronics,North,2,10679.59,0.06,20077.62,1611.15,UPI
ORD04727,2024-12-07,CUST7072,Mouse,Accessories,West,3,800.5,0.04,2305.43,305.23,Net Banking
ORD04728,2024-05-19,CUST6949,Laptop,Electronics,West,2,70475.89,0.25,105713.83,5887.48,Debit Card
ORD04729,2024-09-20,CUST5473,Keyboard,Accessories,South,5,1373.45,0.07,6386.55,510.45,Credit Card
ORD04730,2025-03-24,CUST3165,Monitor,Electronics,West,4,13336.64,0.23,41076.84,6262.2,Credit Card
ORD04731,2024-08-14,CUST2937,Webcam,Accessories,East,5,3030.62,0.04,14546.98,2396.14,Debit Card
ORD04732,2024-02-29,CUST4870,Webcam,Accessories,East,2,3796.3,0.2,6074.09,481.35,Credit Card
ORD04733,2024-03-20,CUST7169,Keyboard,Accessories,East,4,1552.12,0.13,5401.37,1086.34,Credit Card
ORD04734,2024-02-24,CUST5334,Printer,Office,North,5,9445.6,0.02,46283.43,5766.8,Cash
ORD04735,2025-08-28,CUST8276,Mouse,Accessories,South,1,853.02,0.18,699.48,163.77,UPI
ORD04736,2025-03-02,CUST6209,Smartwatch,Electronics,East,1,7592.97,0.22,5922.52,755.31,Cash
ORD04737,2025-07-06,CUST9573,Printer,Office,North,4,11301.7,0.04,43398.52,3470.24,Cash
ORD04738,2025-06-05,CUST3840,Webcam,Accessories,North,4,3361.16,0.18,11024.62,2222.5,Debit Card
ORD04739,2024-08-13,CUST2655,Mouse,Accessories,South,4,844.64,0.11,3006.93,491.81,Credit Card
ORD04740,2024-04-25,CUST8859,Monitor,Electronics,East,1,12369.42,0.19,10019.23,1275.82,Debit Card
ORD04741,2024-12-05,CUST6137,Laptop,Electronics,West,5,65491.52,0.18,268515.23,32541.74,Net Banking
ORD04742,2024-04-16,CUST1663,Tablet,Electronics,North,4,24576.75,0.01,97323.92,7800.88,Cash
ORD04743,2025-06-02,CUST1501,Keyboard,Accessories,West,1,1276.43,0.04,1225.37,144.8,Credit Card
ORD04744,2025-06-16,CUST1619,Smartphone,Electronics,North,4,28039.0,0.12,98697.3,5514.1,UPI
ORD04745,2024-11-26,CUST6774,Mouse,Accessories,East,4,809.19,0.23,2492.29,375.04,Cash
ORD04746,2024-04-10,CUST2919,Headphones,Electronics,North,4,2258.72,0.09,8221.74,1885.61,Credit Card
ORD04747,2024-08-02,CUST7919,Monitor,Electronics,North,1,13468.32,0.16,11313.39,2365.25,Net Banking
ORD04748,2025-07-09,CUST1216,Smartwatch,Electronics,South,5,7309.95,0.0,36549.75,2035.98,Debit Card
ORD04749,2024-08-10,CUST7167,Tablet,Electronics,South,1,21854.03,0.18,17920.3,4054.51,Credit Card
ORD04750,2024-07-28,CUST6613,Headphones,Electronics,West,1,2736.03,0.15,2325.62,326.67,Credit Card
ORD04751,2024-12-09,CUST6881,Smartwatch,Electronics,South,4,6896.86,0.18,22621.7,1994.74,Cash
ORD04752,2025-12-26,CUST6095,Smartphone,Electronics,South,3,30527.88,0.23,70519.4,14137.9,Credit Card
ORD04753,2025-03-03,CUST7516,Webcam,Accessories,West,3,2977.89,0.04,8576.32,982.63,Net Banking
ORD04754,2024-03-05,CUST6952,Printer,Office,West,3,9597.1,0.07,26775.91,2695.36,UPI
ORD04755,2024-09-10,CUST6657,Keyboard,Accessories,South,1,1337.46,0.25,1003.09,82.52,Net Banking
ORD04756,2025-06-01,CUST9521,Laptop,Electronics,East,4,68698.93,0.04,263803.89,38864.74,Credit Card
ORD04757,2024-10-20,CUST8321,Smartwatch,Electronics,North,3,6955.96,0.18,17111.65,1175.21,UPI
ORD04758,2024-08-08,CUST6953,Tablet,Electronics,East,2,20691.6,0.18,33934.22,7028.55,Net Banking
ORD04759,2025-03-02,CUST1935,Mouse,Accessories,East,2,792.28,0.17,1315.18,189.56,UPI
ORD04760,2024-11-08,CUST7560,Webcam,Accessories,South,2,3195.11,0.06,6006.81,837.32,Cash
ORD04761,2025-12-15,CUST9614,Mouse,Accessories,East,5,902.02,0.05,4284.6,215.82,Credit Card
ORD04762,2025-04-08,CUST6760,Tablet,Electronics,North,4,19056.22,0.17,63266.65,13512.03,UPI
ORD04763,2025-08-04,CUST4345,Mouse,Accessories,East,1,887.7,0.05,843.32,125.29,Debit Card
ORD04764,2025-07-30,CUST2181,Smartwatch,Electronics,West,1,7023.85,0.17,5829.8,804.39,Cash
ORD04765,2024-09-08,CUST2690,Monitor,Electronics,East,4,12428.21,0.12,43747.29,8849.07,Credit Card
ORD04766,2025-11-25,CUST5795,Mouse,Accessories,South,5,752.63,0.1,3386.81,211.95,Cash
ORD04767,2024-04-21,CUST4504,Printer,Office,East,4,11400.09,0.08,41952.34,5174.24,Debit Card
ORD04768,2024-10-17,CUST5208,Smartphone,Electronics,East,5,28036.66,0.24,106539.3,17594.62,Credit Card
ORD04769,2024-10-06,CUST2780,Laptop,Electronics,West,3,66733.12,0.13,174173.45,24752.75,Cash
ORD04770,2024-10-20,CUST8779,Smartwatch,Electronics,South,3,8036.18,0.14,20733.33,1789.86,Cash
ORD04771,2025-05-29,CUST4509,Headphones,Electronics,North,5,2785.82,0.24,10586.12,1162.94,UPI
ORD04772,2024-06-27,CUST1017,Tablet,Electronics,South,4,22239.78,0.16,74725.65,8222.82,UPI
ORD04773,2024-07-07,CUST1158,Webcam,Accessories,South,3,4014.89,0.24,9153.96,2273.79,Cash
ORD04774,2024-06-16,CUST2033,Smartwatch,Electronics,East,4,7422.88,0.03,28800.76,3318.98,UPI
ORD04775,2024-02-23,CUST6881,Monitor,Electronics,South,3,10951.32,0.21,25954.63,2362.82,Credit Card
ORD04776,2025-07-31,CUST8683,Webcam,Accessories,South,4,3400.88,0.08,12515.22,2684.86,UPI
ORD04777,2025-09-18,CUST1564,Printer,Office,North,4,9503.48,0.2,30411.14,4082.22,Credit Card
ORD04778,2024-11-11,CUST9890,Tablet,Electronics,East,2,20970.49,0.21,33133.37,4598.01,Credit Card
ORD04779,2024-09-27,CUST9582,Webcam,Accessories,North,5,3773.48,0.07,17546.68,2803.57,Credit Card
ORD04780,2025-12-26,CUST7282,Mouse,Accessories,North,1,820.22,0.1,738.2,124.86,Credit Card
ORD04781,2025-03-05,CUST8027,Smartwatch,Electronics,South,5,6029.99,0.18,24722.98,4156.21,Cash
ORD04782,2025-09-13,CUST3809,Smartphone,Electronics,North,4,33397.04,0.02,130916.38,7449.13,Net Banking
ORD04783,2024-07-01,CUST3172,Tablet,Electronics,West,4,20658.85,0.19,66934.69,14308.53,Net Banking
ORD04784,2024-09-16,CUST4699,Keyboard,Accessories,North,5,1723.68,0.03,8359.87,743.78,Credit Card
ORD04785,2024-01-24,CUST3266,Printer,Office,South,4,11362.57,0.23,34996.72,3796.04,Net Banking
ORD04786,2024-04-03,CUST8919,Laptop,Electronics,South,3,73590.35,0.07,205317.07,17387.46,Credit Card
ORD04787,2024-09-12,CUST7245,Tablet,Electronics,East,4,24053.44,0.14,82743.84,16831.37,Net Banking
ORD04788,2024-08-01,CUST4111,Monitor,Electronics,South,5,10994.21,0.03,53321.91,8890.45,Debit Card
ORD04789,2025-05-10,CUST2399,Smartwatch,Electronics,South,5,7068.53,0.07,32868.66,6608.55,UPI
ORD04790,2024-02-09,CUST2214,Mouse,Accessories,West,5,733.83,0.1,3302.25,596.65,Net Banking
ORD04791,2025-04-07,CUST9054,Laptop,Electronics,South,2,60313.67,0.12,106152.06,7518.93,Credit Card
ORD04792,2025-03-11,CUST3481,Laptop,Electronics,East,2,67163.56,0.0,134327.12,14816.28,UPI
ORD04793,2025-07-02,CUST3058,Printer,Office,North,2,8622.5,0.22,13451.1,2037.21,UPI
ORD04794,2025-12-16,CUST6819,Webcam,Accessories,South,2,3992.93,0.0,7985.86,886.34,Cash
ORD04795,2024-07-29,CUST6365,Monitor,Electronics,East,2,13507.22,0.19,21881.7,2001.32,Cash
ORD04796,2024-05-02,CUST7275,Webcam,Accessories,South,2,3374.81,0.12,5939.66,1330.26,Net Banking
ORD04797,2025-04-03,CUST7627,Mouse,Accessories,North,2,803.7,0.13,1398.44,279.07,Cash
ORD04798,2024-10-12,CUST1414,Laptop,Electronics,North,5,64339.33,0.05,305611.81,36381.26,Credit Card
ORD04799,2024-10-02,CUST8497,Monitor,Electronics,South,1,13375.92,0.15,11369.53,2308.04,Cash
ORD04800,2024-08-31,CUST5663,Monitor,Electronics,South,2,12678.97,0.13,22061.4,3871.95,Debit Card
ORD04801,2024-05-22,CUST3402,Headphones,Electronics,East,5,2333.58,0.04,11201.2,568.54,Net Banking
ORD04802,2024-11-15,CUST2579,Smartwatch,Electronics,North,1,6888.37,0.06,6475.06,816.2,UPI
ORD04803,2025-01-09,CUST9452,Laptop,Electronics,South,2,63614.84,0.02,124685.08,13478.15,UPI
ORD04804,2025-03-08,CUST7735,Laptop,Electronics,South,1,73957.04,0.02,72477.9,6782.61,Debit Card
ORD04805,2025-08-01,CUST5675,Monitor,Electronics,South,1,10831.12,0.0,10831.12,1086.55,Credit Card
ORD04806,2024-05-01,CUST8171,Webcam,Accessories,South,3,3069.06,0.06,8654.74,2063.92,UPI
ORD04807,2024-08-22,CUST7484,Laptop,Electronics,East,4,72422.07,0.17,240441.26,35408.2,Debit Card
ORD04808,2025-03-04,CUST1969,Monitor,Electronics,West,3,13428.07,0.08,37061.47,8136.54,Cash
ORD04809,2024-05-05,CUST1094,Laptop,Electronics,East,1,72248.91,0.09,65746.51,6104.13,Net Banking
ORD04810,2025-06-27,CUST7159,Monitor,Electronics,North,5,12039.52,0.03,58391.66,4956.33,Debit Card
ORD04811,2024-07-21,CUST6230,Headphones,Electronics,North,2,2619.81,0.14,4506.07,1026.29,Debit Card
ORD04812,2024-09-29,CUST5081,Smartwatch,Electronics,West,4,7133.06,0.09,25964.35,3872.35,Cash
ORD04813,2024-06-22,CUST6341,Monitor,Electronics,East,2,10450.01,0.17,17347.02,3973.0,Credit Card
ORD04814,2024-08-25,CUST8438,Laptop,Electronics,West,5,66868.78,0.19,270818.56,16954.8,Cash
ORD04815,2025-04-06,CUST9527,Mouse,Accessories,West,4,683.27,0.15,2323.11,541.95,Cash
ORD04816,2024-04-19,CUST1163,Smartwatch,Electronics,North,3,6632.47,0.07,18504.6,2462.76,UPI
ORD04817,2025-02-15,CUST6505,Headphones,Electronics,East,1,2824.22,0.13,2457.07,199.2,Debit Card
ORD04818,2024-03-11,CUST7555,Monitor,Electronics,South,5,11294.56,0.06,53084.45,9909.62,Debit Card
ORD04819,2025-10-17,CUST9510,Mouse,Accessories,South,1,905.56,0.23,697.28,146.0,Cash
ORD04820,2025-12-18,CUST2278,Monitor,Electronics,West,1,11100.48,0.19,8991.39,534.76,Cash
ORD04821,2024-12-22,CUST2854,Webcam,Accessories,East,2,3305.29,0.12,5817.31,1439.43,Debit Card
ORD04822,2025-02-26,CUST7693,Laptop,Electronics,South,5,67503.95,0.24,256515.0,48585.32,Debit Card
ORD04823,2024-08-28,CUST2443,Tablet,Electronics,South,1,23726.74,0.14,20404.99,2331.89,Debit Card
ORD04824,2025-08-25,CUST4765,Printer,Office,East,3,10004.16,0.08,27611.49,2216.06,Credit Card
ORD04825,2025-10-31,CUST1186,Smartphone,Electronics,South,4,33439.04,0.02,131081.04,16844.74,Cash
ORD04826,2025-12-19,CUST7285,Webcam,Accessories,North,5,3017.25,0.14,12974.19,1221.04,Cash
ORD04827,2025-07-22,CUST1427,Mouse,Accessories,South,2,901.33,0.22,1406.07,209.27,UPI
ORD04828,2025-07-21,CUST2147,Webcam,Accessories,North,5,3181.12,0.22,12406.38,2560.41,UPI
ORD04829,2025-11-09,CUST5120,Keyboard,Accessories,West,2,1672.91,0.15,2843.94,517.67,Net Banking
ORD04830,2024-05-06,CUST2826,Monitor,Electronics,East,4,11643.11,0.1,41915.19,5750.22,Debit Card
ORD04831,2025-03-01,CUST7990,Monitor,Electronics,North,3,13197.93,0.16,33258.77,2454.12,Debit Card
ORD04832,2025-06-13,CUST4758,Smartphone,Electronics,South,1,31544.99,0.19,25551.44,6168.92,Net Banking
ORD04833,2024-03-15,CUST2680,Smartphone,Electronics,North,5,27083.47,0.1,121875.64,12684.1,Cash
ORD04834,2024-10-04,CUST6142,Keyboard,Accessories,South,2,1688.12,0.12,2971.09,313.65,Debit Card
ORD04835,2025-05-08,CUST4807,Laptop,Electronics,South,4,60037.59,0.17,199324.8,35699.16,UPI
ORD04836,2025-01-22,CUST9313,Printer,Office,North,1,9232.42,0.22,7201.29,1469.8,Credit Card
ORD04837,2025-06-19,CUST1982,Tablet,Electronics,South,4,24073.58,0.2,77035.46,19014.7,Cash
ORD04838,2025-04-06,CUST9208,Tablet,Electronics,North,3,19398.76,0.01,57614.33,14048.27,Credit Card
ORD04839,2024-11-03,CUST5097,Headphones,Electronics,West,1,2291.53,0.03,2222.78,517.36,Credit Card
ORD04840,2025-08-01,CUST9458,Headphones,Electronics,West,1,2502.76,0.21,1977.18,271.0,Net Banking
ORD04841,2024-05-02,CUST6647,Laptop,Electronics,West,1,71444.3,0.21,56441.0,4703.45,Credit Card
ORD04842,2024-10-13,CUST9442,Headphones,Electronics,West,2,2235.61,0.1,4024.1,671.6,Debit Card
ORD04843,2024-02-22,CUST5372,Headphones,Electronics,South,1,2535.75,0.15,2155.39,115.21,Net Banking
ORD04844,2025-03-20,CUST6933,Keyboard,Accessories,East,4,1595.06,0.23,4912.78,438.46,UPI
ORD04845,2024-04-30,CUST6356,Keyboard,Accessories,East,2,1662.27,0.23,2559.89,129.29,Credit Card
ORD04846,2025-11-28,CUST4606,Headphones,Electronics,North,1,2826.67,0.2,2261.34,194.72,Debit Card
ORD04847,2025-02-22,CUST7076,Webcam,Accessories,West,4,3798.87,0.05,14435.71,2092.48,Debit Card
ORD04848,2024-03-16,CUST3271,Smartwatch,Electronics,West,4,7320.94,0.18,24012.68,3089.59,UPI
ORD04849,2024-03-24,CUST1940,Smartwatch,Electronics,North,5,6860.6,0.03,33273.92,4121.28,Net Banking
ORD04850,2024-11-02,CUST8653,Laptop,Electronics,East,4,57436.15,0.22,179200.78,38741.52,Net Banking
ORD04851,2025-03-20,CUST9664,Tablet,Electronics,East,3,23384.27,0.04,67346.68,12459.09,Net Banking
ORD04852,2025-10-20,CUST1513,Smartphone,Electronics,West,1,34434.64,0.17,28580.75,6781.82,UPI
ORD04853,2024-12-02,CUST6461,Laptop,Electronics,West,1,69616.83,0.15,59174.31,8229.27,UPI
ORD04854,2025-01-15,CUST9491,Headphones,Electronics,East,1,2137.53,0.19,1731.4,180.84,UPI
ORD04855,2025-05-31,CUST8118,Keyboard,Accessories,West,4,1498.32,0.14,5154.21,384.18,Net Banking
ORD04856,2024-04-10,CUST3501,Monitor,Electronics,West,4,12412.73,0.01,49154.4,9064.34,Credit Card
ORD04857,2024-04-09,CUST4961,Webcam,Accessories,West,1,3699.16,0.18,3033.31,662.32,UPI
ORD04858,2024-06-21,CUST3528,Mouse,Accessories,East,2,852.73,0.1,1534.92,133.15,UPI
ORD04859,2025-03-07,CUST3122,Keyboard,Accessories,West,2,1526.15,0.08,2808.11,633.93,Net Banking
ORD04860,2024-04-17,CUST3356,Smartwatch,Electronics,West,3,6419.06,0.25,14442.88,2242.33,UPI
ORD04861,2024-01-28,CUST5171,Keyboard,Accessories,West,5,1698.99,0.15,7220.71,569.11,Credit Card
ORD04862,2024-09-21,CUST8468,Webcam,Accessories,South,3,3706.5,0.18,9117.99,1628.22,Net Banking
ORD04863,2024-11-10,CUST3794,Smartphone,Electronics,North,1,27631.56,0.13,24039.46,3702.33,UPI
ORD04864,2024-02-07,CUST6935,Headphones,Electronics,North,1,2366.74,0.19,1917.06,106.66,UPI
ORD04865,2025-08-27,CUST4568,Monitor,Electronics,West,1,13518.94,0.19,10950.34,1421.89,Cash
ORD04866,2024-06-01,CUST2219,Smartwatch,Electronics,East,5,7813.72,0.16,32817.62,6791.86,Cash
ORD04867,2024-11-23,CUST7623,Smartwatch,Electronics,North,4,6800.81,0.25,20402.42,3286.52,Debit Card
ORD04868,2024-02-17,CUST4176,Printer,Office,West,5,8614.92,0.11,38336.4,4079.31,Debit Card
ORD04869,2025-10-03,CUST2800,Tablet,Electronics,West,3,19020.08,0.18,46789.4,11029.59,UPI
ORD04870,2024-01-06,CUST6193,Smartphone,Electronics,North,4,28055.26,0.2,89776.85,8758.25,Cash
ORD04871,2025-02-17,CUST8408,Smartwatch,Electronics,South,4,7271.16,0.09,26467.01,2661.18,Debit Card
ORD04872,2024-03-01,CUST4722,Tablet,Electronics,South,3,22555.68,0.11,60223.68,7282.72,Net Banking
ORD04873,2025-03-10,CUST8276,Smartwatch,Electronics,North,4,7281.04,0.24,22134.36,5066.72,Cash
ORD04874,2024-12-04,CUST5123,Headphones,Electronics,West,2,2662.96,0.01,5272.67,798.94,Credit Card
ORD04875,2024-09-25,CUST1149,Tablet,Electronics,South,3,18825.61,0.08,51958.69,9686.96,Credit Card
ORD04876,2024-01-08,CUST9873,Webcam,Accessories,East,3,3085.34,0.12,8145.3,1997.66,Credit Card
ORD04877,2025-10-24,CUST4225,Printer,Office,North,2,9578.45,0.0,19156.9,3958.95,Credit Card
ORD04878,2025-04-29,CUST9953,Headphones,Electronics,South,5,2241.14,0.22,8740.47,738.74,Cash
ORD04879,2025-12-12,CUST9374,Webcam,Accessories,South,5,3054.09,0.07,14201.5,2949.24,Net Banking
ORD04880,2024-11-24,CUST8370,Monitor,Electronics,North,5,12507.47,0.06,58785.12,11737.47,Credit Card
ORD04881,2025-02-03,CUST9364,Smartphone,Electronics,West,4,32838.03,0.21,103768.17,10016.06,Net Banking
ORD04882,2025-02-03,CUST9546,Smartphone,Electronics,North,2,32273.64,0.07,60028.97,6907.53,Debit Card
ORD04883,2025-12-29,CUST3201,Mouse,Accessories,East,3,876.09,0.16,2207.75,423.94,Debit Card
ORD04884,2025-01-29,CUST7744,Mouse,Accessories,West,3,839.81,0.21,1990.34,194.41,UPI
ORD04885,2024-12-03,CUST9924,Tablet,Electronics,South,3,23553.28,0.2,56527.87,5180.07,Cash
ORD04886,2025-02-22,CUST9037,Smartphone,Electronics,West,4,27946.01,0.2,89427.23,17053.29,Credit Card
ORD04887,2024-07-28,CUST6217,Tablet,Electronics,North,4,25253.85,0.02,98995.1,22384.68,Net Banking
ORD04888,2024-12-28,CUST6419,Mouse,Accessories,West,5,723.96,0.02,3547.4,230.59,Net Banking
ORD04889,2024-06-19,CUST9552,Monitor,Electronics,South,4,10972.18,0.08,40377.61,5619.82,Cash
ORD04890,2024-04-10,CUST7027,Smartwatch,Electronics,South,5,6556.74,0.01,32455.84,5564.07,Debit Card
ORD04891,2025-02-17,CUST1717,Webcam,Accessories,South,5,3999.1,0.13,17396.08,3222.72,Cash
ORD04892,2025-07-25,CUST7803,Keyboard,Accessories,South,3,1719.73,0.1,4643.27,1157.28,Net Banking
ORD04893,2024-11-18,CUST5936,Tablet,Electronics,North,4,23946.3,0.14,82375.27,15366.15,Cash
ORD04894,2024-01-29,CUST9446,Monitor,Electronics,North,5,12464.61,0.07,57960.42,10086.9,Debit Card
ORD04895,2025-10-26,CUST5356,Webcam,Accessories,East,2,3521.07,0.12,6197.08,1536.55,Debit Card
ORD04896,2025-07-31,CUST8296,Smartphone,Electronics,North,2,34235.59,0.08,62993.48,3914.01,Credit Card
ORD04897,2024-01-05,CUST1522,Smartwatch,Electronics,South,4,7410.81,0.05,28161.07,1827.3,Credit Card
ORD04898,2025-09-27,CUST7019,Webcam,Accessories,East,3,3966.97,0.16,9996.76,1620.84,Credit Card
ORD04899,2025-08-29,CUST6648,Printer,Office,West,3,9449.65,0.17,23529.63,2864.33,Debit Card
ORD04900,2025-05-31,CUST3627,Mouse,Accessories,North,5,760.11,0.21,3002.42,208.19,Net Banking
ORD04901,2024-03-25,CUST9607,Webcam,Accessories,North,4,3872.46,0.22,12082.08,1344.61,Credit Card
ORD04902,2024-08-27,CUST4076,Keyboard,Accessories,East,2,1342.43,0.18,2201.59,407.01,Cash
ORD04903,2024-02-18,CUST1917,Monitor,Electronics,North,5,13605.34,0.17,56462.16,12767.39,Net Banking
ORD04904,2024-01-26,CUST9397,Smartwatch,Electronics,North,5,7015.7,0.01,34727.7,2391.52,UPI
ORD04905,2025-02-17,CUST7612,Headphones,Electronics,North,1,2819.81,0.03,2735.22,432.24,Credit Card
ORD04906,2024-04-07,CUST5852,Webcam,Accessories,South,4,3328.63,0.2,10651.62,1163.4,UPI
ORD04907,2025-02-15,CUST9458,Laptop,Electronics,East,5,69211.2,0.06,325292.63,59679.89,Credit Card
ORD04908,2024-09-26,CUST5570,Keyboard,Accessories,East,2,1492.29,0.09,2715.97,434.26,Net Banking
ORD04909,2024-09-30,CUST1152,Keyboard,Accessories,South,1,1557.06,0.04,1494.78,351.78,UPI
ORD04910,2024-11-08,CUST1553,Laptop,Electronics,East,2,65085.26,0.05,123662.0,7115.11,Debit Card
ORD04911,2024-08-23,CUST5582,Printer,Office,West,3,11401.35,0.19,27705.27,3989.77,Credit Card
ORD04912,2024-07-27,CUST8970,Headphones,Electronics,North,1,2644.08,0.07,2458.99,217.75,Cash
ORD04913,2024-01-25,CUST8758,Mouse,Accessories,South,1,740.32,0.11,658.88,103.68,UPI
ORD04914,2025-10-06,CUST8215,Monitor,Electronics,West,5,13474.84,0.04,64679.22,14275.73,Cash
ORD04915,2024-06-29,CUST8191,Smartwatch,Electronics,South,3,6567.46,0.17,16352.98,3798.2,UPI
ORD04916,2025-08-19,CUST2398,Monitor,Electronics,South,5,11537.78,0.18,47304.89,6132.91,Net Banking
ORD04917,2024-09-02,CUST7852,Headphones,Electronics,East,4,2201.59,0.09,8013.8,1701.78,Cash
ORD04918,2025-07-04,CUST4428,Monitor,Electronics,West,2,13439.88,0.2,21503.81,2281.59,Credit Card
ORD04919,2025-03-16,CUST8639,Laptop,Electronics,West,2,60829.18,0.06,114358.87,5862.15,Debit Card
ORD04920,2025-09-17,CUST3612,Keyboard,Accessories,South,5,1391.51,0.17,5774.78,1276.5,Net Banking
ORD04921,2025-04-12,CUST2521,Monitor,Electronics,South,2,13512.95,0.18,22161.23,1637.33,UPI
ORD04922,2025-09-05,CUST4796,Tablet,Electronics,West,2,24016.48,0.24,36505.05,1953.83,Credit Card
ORD04923,2024-08-14,CUST8975,Webcam,Accessories,South,4,3123.13,0.06,11742.98,1418.08,UPI
ORD04924,2024-10-07,CUST8170,Headphones,Electronics,East,3,2701.99,0.02,7943.86,999.94,Cash
ORD04925,2025-10-31,CUST4120,Printer,Office,East,1,11239.1,0.07,10452.36,684.04,Cash
ORD04926,2025-05-28,CUST4085,Tablet,Electronics,East,5,19218.17,0.03,93208.14,19838.1,Debit Card
ORD04927,2024-07-30,CUST9060,Laptop,Electronics,South,5,71341.69,0.04,342440.12,44900.25,Cash
ORD04928,2024-02-05,CUST1246,Smartphone,Electronics,North,4,30426.78,0.08,111970.55,16569.93,Net Banking
ORD04929,2025-07-02,CUST9623,Laptop,Electronics,West,4,68299.35,0.1,245877.66,25306.97,UPI
ORD04930,2024-08-27,CUST1566,Printer,Office,East,1,9978.56,0.23,7683.49,1170.21,UPI
ORD04931,2024-12-29,CUST9672,Printer,Office,North,3,10593.41,0.05,30191.22,6139.27,Net Banking
ORD04932,2025-03-06,CUST9726,Tablet,Electronics,North,5,18925.05,0.24,71915.17,16629.42,Cash
ORD04933,2024-03-31,CUST7251,Webcam,Accessories,East,4,3775.84,0.2,12082.69,2949.46,Cash
ORD04934,2025-08-30,CUST5271,Headphones,Electronics,East,5,2150.01,0.22,8385.03,1134.87,Net Banking
ORD04935,2024-07-05,CUST1468,Mouse,Accessories,North,2,789.27,0.23,1215.48,301.45,Debit Card
ORD04936,2024-09-16,CUST4958,Keyboard,Accessories,East,5,1342.93,0.19,5438.88,592.79,Credit Card
ORD04937,2025-12-31,CUST3574,Tablet,Electronics,North,3,24135.59,0.2,57925.42,2977.09,Credit Card
ORD04938,2024-12-15,CUST5247,Printer,Office,North,3,9440.98,0.11,25207.42,5130.3,Cash
ORD04939,2025-12-07,CUST6395,Smartphone,Electronics,South,5,29586.84,0.13,128702.76,11028.17,Credit Card
ORD04940,2024-02-15,CUST8205,Smartwatch,Electronics,North,2,6850.38,0.23,10549.58,638.15,Credit Card
ORD04941,2025-07-30,CUST2621,Printer,Office,South,3,10817.51,0.09,29531.79,6934.12,Credit Card
ORD04942,2024-08-14,CUST3995,Webcam,Accessories,South,4,3480.2,0.01,13781.6,2871.56,Cash
ORD04943,2025-07-21,CUST2970,Webcam,Accessories,East,5,3803.41,0.19,15403.8,1086.48,UPI
ORD04944,2025-12-16,CUST9622,Printer,Office,West,2,8720.52,0.14,14999.3,3080.59,Cash
ORD04945,2025-06-30,CUST5415,Webcam,Accessories,East,4,3176.17,0.2,10163.76,2223.83,Cash
ORD04946,2024-04-28,CUST3118,Tablet,Electronics,West,5,22340.13,0.02,109466.62,25293.39,Debit Card
ORD04947,2024-08-25,CUST2111,Printer,Office,North,2,11341.26,0.16,19053.33,3024.5,Debit Card
ORD04948,2024-04-10,CUST3214,Printer,Office,East,4,8724.27,0.06,32803.27,6255.01,Cash
ORD04949,2024-11-29,CUST5726,Headphones,Electronics,East,3,2157.31,0.23,4983.39,1008.88,Net Banking
ORD04950,2025-05-21,CUST1796,Keyboard,Accessories,,5,1345.45,0.03,6525.42,1225.0,Net Banking
ORD04951,2025-07-09,CUST4307,Smartphone,Electronics,East,5,31270.38,0.21,123517.99,22155.02,Debit Card
ORD04952,2024-01-01,CUST3969,Webcam,Accessories,North,3,3393.94,0.02,9978.19,1591.64,Debit Card
ORD04953,2025-12-31,CUST7463,Headphones,Electronics,West,1,2744.16,0.01,2716.72,396.2,UPI
ORD04954,2025-12-28,CUST6934,Mouse,Accessories,West,4,697.26,0.06,2621.71,653.4,Debit Card
ORD04955,2024-05-19,CUST5627,Mouse,Accessories,South,3,727.14,0.08,2006.9,235.84,Credit Card
ORD04956,2024-10-02,CUST5102,Monitor,Electronics,South,5,11280.1,0.16,47376.4,3205.19,Cash
ORD04957,2025-01-01,CUST9429,Tablet,Electronics,South,4,22836.42,0.03,88605.3,17987.53,Cash
ORD04958,2025-09-15,CUST9029,Tablet,Electronics,East,4,23222.14,0.11,82670.82,7668.95,Cash
ORD04959,2025-06-01,CUST3498,Laptop,Electronics,West,1,57671.96,0.05,54788.37,8576.5,UPI
ORD04960,2024-10-03,CUST6233,Smartphone,Electronics,East,5,33994.24,0.21,134277.26,9286.66,UPI
ORD04961,2025-09-06,CUST9640,Printer,Office,West,2,9523.13,0.01,18855.8,3278.21,Credit Card
ORD04962,2024-10-27,CUST4229,Webcam,Accessories,North,1,3723.83,0.09,3388.68,809.22,Cash
ORD04963,2024-03-10,CUST9001,Smartphone,Electronics,West,1,30217.87,0.16,25383.01,4938.03,Credit Card
ORD04964,2025-03-03,CUST6518,Monitor,Electronics,South,2,11001.93,0.23,16942.97,1574.12,Debit Card
ORD04965,2024-07-05,CUST1638,Laptop,Electronics,North,2,71751.45,0.22,111932.27,27336.95,Cash
ORD04966,2024-06-06,CUST8903,Headphones,Electronics,West,1,2738.68,0.22,2136.17,238.01,Credit Card
ORD04967,2025-10-11,CUST3629,Smartphone,Electronics,South,4,29064.65,0.02,113933.42,15645.68,UPI
ORD04968,2024-11-26,CUST9120,Headphones,Electronics,North,3,2566.46,0.21,6082.5,910.08,UPI
ORD04969,2024-09-13,CUST5760,Mouse,Accessories,North,3,741.88,0.19,1802.76,447.34,UPI
ORD04970,2025-02-12,CUST2558,Webcam,Accessories,North,1,3699.34,0.23,2848.5,181.67,Credit Card
ORD04971,2025-04-08,CUST8817,Monitor,Electronics,South,4,11312.5,0.08,41629.99,7882.46,Credit Card
ORD04972,2024-03-23,CUST3960,Printer,Office,East,2,11032.24,0.23,16989.64,2079.3,Credit Card
ORD04973,2025-08-08,CUST3227,Webcam,Accessories,South,1,3203.25,0.1,2882.93,189.31,Net Banking
ORD04974,2024-01-14,CUST1952,Keyboard,Accessories,West,5,1281.66,0.16,5382.98,1275.8,Cash
ORD04975,2024-05-10,CUST1492,Tablet,Electronics,East,4,20472.15,0.11,72880.86,12241.92,Net Banking
ORD04976,2024-07-14,CUST2616,Monitor,Electronics,North,5,10887.79,0.11,48450.66,9724.22,Net Banking
ORD04977,2025-11-10,CUST8880,Smartphone,Electronics,South,5,30074.58,0.14,129320.69,12683.4,Debit Card
ORD04978,2024-07-30,CUST3990,Webcam,Accessories,East,1,3188.89,0.09,2901.89,587.08,Debit Card
ORD04979,2024-07-25,CUST4398,Smartwatch,Electronics,South,4,7552.7,0.2,24168.64,5213.06,UPI
ORD04980,2024-05-14,CUST4583,Tablet,Electronics,South,5,20293.05,0.16,85230.79,11605.53,Net Banking
ORD04981,2024-04-17,CUST9981,Tablet,Electronics,West,4,23365.99,0.17,77575.09,12752.67,Debit Card
ORD04982,2025-09-22,CUST7065,Smartwatch,Electronics,South,3,7164.79,0.06,20204.7,4937.51,Net Banking
ORD04983,2025-12-31,CUST3381,Laptop,Electronics,North,5,74481.87,0.24,283031.11,62081.72,Cash
ORD04984,2024-06-13,CUST3499,Laptop,Electronics,East,5,74748.07,0.17,310204.49,43109.12,Net Banking
ORD04985,2024-06-02,CUST5279,Smartwatch,Electronics,North,4,7776.0,0.05,29548.82,5404.92,UPI
ORD04986,2024-12-12,CUST7847,Keyboard,Accessories,West,3,1616.99,0.19,3929.29,812.76,Credit Card
ORD04987,2024-01-25,CUST7483,Mouse,Accessories,West,5,772.75,0.04,3709.2,203.51,UPI
ORD04988,2025-07-08,CUST6991,Smartwatch,Electronics,West,1,7531.88,0.02,7381.24,1237.64,Net Banking
ORD04989,2025-09-18,CUST5706,Mouse,Accessories,West,4,909.6,0.13,3165.42,781.56,Net Banking
ORD04990,2024-12-15,CUST2476,Webcam,Accessories,East,4,2999.55,0.14,10318.44,2470.61,Credit Card
ORD04991,2025-07-09,CUST1224,Keyboard,Accessories,West,5,1517.06,0.05,7206.04,1560.02,UPI
ORD04992,2025-12-24,CUST7999,Monitor,Electronics,North,3,10984.79,0.09,29988.49,2136.46,UPI
ORD04993,2025-03-30,CUST2316,Mouse,Accessories,South,5,813.89,0.24,3092.78,769.51,Net Banking
ORD04994,2024-08-05,CUST4544,Tablet,Electronics,North,2,21778.55,0.07,40508.1,6963.65,Cash
ORD04995,2024-09-02,CUST6973,Webcam,Accessories,South,5,3579.56,0.04,17181.87,1625.09,Debit Card
ORD04996,2024-11-08,CUST3796,Tablet,Electronics,East,2,22336.35,0.25,33504.53,6193.44,Net Banking
ORD04997,2025-10-10,CUST8428,Keyboard,Accessories,East,1,1707.05,0.08,1570.48,347.56,Net Banking
ORD04998,2025-04-04,CUST2671,Mouse,Accessories,West,4,812.52,0.17,2697.58,195.48,Debit Card
ORD04999,2025-08-04,CUST3813,Headphones,Electronics,South,4,2759.67,0.06,10376.37,2420.68,Credit Card
ORD05000,2025-06-01,CUST7964,Keyboard,Accessories,South,3,1418.92,0.14,3660.81,856.78,Net Banking
ORD05001,2025-10-28,CUST5462,Keyboard,Accessories,West,5,1472.15,0.1,6624.65,349.07,Cash
ORD05002,2024-09-12,CUST6402,Headphones,Electronics,North,1,2477.81,0.24,1883.14,433.24,Credit Card
ORD05003,2025-09-25,CUST2506,Webcam,Accessories,North,2,3267.66,0.11,5816.44,1392.24,Credit Card
ORD05004,2025-09-21,CUST1832,Mouse,Accessories,North,3,771.15,0.15,1966.43,113.15,Credit Card
ORD05005,2025-04-11,CUST6830,Mouse,Accessories,East,1,823.64,0.24,625.97,68.13,Net Banking
ORD05006,2025-05-20,CUST2410,Tablet,Electronics,South,1,22529.24,0.25,16896.93,2105.72,Credit Card
ORD05007,2024-07-27,CUST2212,Keyboard,Accessories,East,2,1561.4,0.03,3029.11,362.82,UPI
ORD05008,2025-02-10,CUST7633,Keyboard,Accessories,South,2,1433.32,0.21,2264.64,457.01,Net Banking
ORD05009,2024-03-21,CUST7193,Printer,Office,South,4,9447.49,0.1,34010.98,4136.45,Net Banking
ORD05010,2024-11-25,CUST3248,Monitor,Electronics,West,5,12401.82,0.15,52707.75,12719.21,Debit Card
ORD05011,2024-04-16,CUST9366,Keyboard,Accessories,East,3,1334.79,0.09,3643.97,907.34,Credit Card
ORD05012,2025-10-09,CUST4346,Smartphone,Electronics,North,5,27777.28,0.1,124997.78,14170.22,Net Banking
ORD05013,2025-03-13,CUST3237,Monitor,Electronics,North,3,10351.66,0.04,29812.78,4524.39,Cash
ORD05014,2024-01-14,CUST8301,Smartphone,Electronics,East,1,26153.5,0.14,22492.01,3633.39,Cash
ORD05015,2025-06-26,CUST9070,Mouse,Accessories,West,2,738.41,0.14,1270.07,210.68,Net Banking
ORD05016,2025-11-21,CUST2636,Monitor,Electronics,South,2,10270.31,0.05,19513.58,2436.11,Net Banking
ORD05017,2025-02-05,CUST8981,Keyboard,Accessories,East,1,1385.43,0.14,1191.47,99.13,Cash
ORD05018,2025-05-24,CUST2568,Headphones,Electronics,North,1,2616.23,0.24,1988.34,121.11,Cash
ORD05019,2025-03-06,CUST2651,Tablet,Electronics,West,3,19103.31,0.18,46994.13,3349.26,UPI
ORD05020,2024-04-03,CUST3376,Smartphone,Electronics,South,1,29430.63,0.12,25898.95,5963.45,Cash
ORD05021,2024-03-22,CUST8668,Monitor,Electronics,West,3,13487.19,0.23,31155.41,3304.81,UPI
ORD05022,2025-11-22,CUST8708,Keyboard,Accessories,East,5,1631.08,0.14,7013.64,458.44,Net Banking
ORD05023,2024-09-05,CUST2396,Monitor,Electronics,North,2,11299.58,0.03,21921.18,3829.76,Credit Card
ORD05024,2024-08-28,CUST4582,Keyboard,Accessories,South,2,1691.16,0.14,2908.8,189.25,Credit Card
ORD05025,2024-06-13,CUST3822,Keyboard,Accessories,West,2,1423.34,0.05,2704.35,173.11,Debit Card
ORD05026,2025-04-17,CUST3529,Keyboard,Accessories,East,5,1307.63,0.19,5295.91,923.15,UPI
ORD05027,2024-10-12,CUST6586,Printer,Office,East,5,11482.17,0.24,43632.24,7342.39,Cash
ORD05028,2024-01-30,CUST1430,Tablet,Electronics,North,4,24442.15,0.09,88969.42,5186.51,UPI
ORD05029,2025-04-03,CUST4585,Headphones,Electronics,East,3,2474.45,0.11,6606.78,938.79,Debit Card
ORD05030,2024-10-30,CUST7147,Headphones,Electronics,West,3,2624.78,0.11,7008.17,961.2,Debit Card
ORD05031,2025-11-09,CUST5432,Monitor,Electronics,East,4,12616.42,0.07,46933.09,7478.22,UPI
ORD05032,2025-12-14,CUST8614,Monitor,Electronics,East,2,10900.14,0.2,17440.22,3445.65,Cash
ORD05033,2025-08-28,CUST5125,Keyboard,Accessories,West,3,1365.02,0.15,3480.81,370.91,Net Banking
ORD05034,2025-04-03,CUST7271,Printer,Office,East,3,9908.74,0.02,29131.7,3978.11,Net Banking
ORD05035,2024-01-15,CUST2887,Keyboard,Accessories,North,2,1685.21,0.21,2662.63,555.29,Net Banking
ORD05036,2024-10-26,CUST9416,Printer,Office,South,1,8529.98,0.05,8103.48,1900.36,Debit Card
ORD05037,2025-02-10,CUST4345,Keyboard,Accessories,South,1,1627.13,0.24,1236.62,282.28,UPI
ORD05038,2024-02-17,CUST1407,Smartphone,Electronics,East,4,26017.74,0.09,94704.58,13782.0,Debit Card
ORD05039,2025-10-24,CUST7820,Smartphone,Electronics,North,5,29804.0,0.15,126667.0,19528.65,Cash
ORD05040,2024-04-23,CUST3205,Mouse,Accessories,East,3,833.09,0.02,2449.28,381.65,Credit Card
ORD05041,2025-03-30,CUST7550,Keyboard,Accessories,East,3,1584.04,0.09,4324.43,967.56,Debit Card
ORD05042,2025-06-09,CUST2192,Tablet,Electronics,East,4,19085.96,0.2,61075.08,13313.63,Cash
ORD05043,2024-12-13,CUST3391,Mouse,Accessories,East,4,780.46,0.12,2747.24,308.53,Cash
ORD05044,2024-06-19,CUST2422,Monitor,Electronics,South,3,12301.81,0.23,28417.19,2346.41,Cash
ORD05045,2025-03-04,CUST7655,Webcam,Accessories,East,2,3044.35,0.14,5236.28,658.7,Credit Card
ORD05046,2025-02-09,CUST4273,Keyboard,Accessories,East,2,1335.79,0.23,2057.12,221.51,Net Banking
ORD05047,2025-01-14,CUST3042,Smartphone,Electronics,East,5,31472.84,0.25,118023.15,28343.99,UPI
ORD05048,2024-03-01,CUST4659,Webcam,Accessories,South,3,3522.72,0.11,9405.66,970.51,Debit Card
ORD05049,2025-06-13,CUST6728,Printer,Office,North,3,8985.49,0.14,23182.55,1999.29,Credit Card
ORD05050,2025-08-20,CUST3818,Webcam,Accessories,North,3,3537.0,0.21,8382.69,1927.15,Cash
ORD05051,2024-07-19,CUST5177,Tablet,Electronics,North,3,24723.77,0.06,69721.03,4691.93,Credit Card
ORD05052,2025-10-19,CUST2316,Keyboard,Accessories,North,4,1282.01,0.22,3999.88,408.2,Debit Card
ORD05053,2024-02-26,CUST7918,Headphones,Electronics,North,1,2606.98,0.15,2215.93,305.4,UPI
ORD05054,2024-03-25,CUST1878,Webcam,Accessories,West,3,3052.33,0.18,7508.74,1269.14,Debit Card
ORD05055,2025-12-13,CUST7585,Headphones,Electronics,East,1,2129.84,0.02,2087.24,241.15,Credit Card
ORD05056,2024-04-15,CUST4204,Printer,Office,East,2,8951.96,0.19,14502.18,2164.4,Cash
ORD05057,2025-10-03,CUST1594,Mouse,Accessories,North,5,781.5,0.08,3594.89,322.7,Cash
ORD05058,2024-01-14,CUST5280,Headphones,Electronics,West,2,2726.76,0.2,4362.81,719.23,Net Banking
ORD05059,2025-06-16,CUST1667,Mouse,Accessories,South,3,747.63,0.13,1951.31,256.72,Net Banking
ORD05060,2024-02-14,CUST5644,Smartphone,Electronics,West,2,31131.06,0.07,57903.77,12730.26,UPI
ORD05061,2025-06-29,CUST1216,Keyboard,Accessories,East,4,1460.02,0.24,4438.46,590.97,UPI
ORD05062,2025-01-07,CUST7007,Webcam,Accessories,North,1,3221.05,0.19,2609.05,362.04,Net Banking
ORD05063,2024-03-11,CUST5703,Smartphone,Electronics,West,3,30128.22,0.25,67788.5,11417.96,Net Banking
ORD05064,2024-08-18,CUST7756,Smartphone,Electronics,South,4,32677.18,0.09,118944.94,8877.34,Debit Card
ORD05065,2025-06-07,CUST9157,Smartwatch,Electronics,North,1,7698.23,0.16,6466.52,526.11,Debit Card
ORD05066,2024-05-02,CUST5480,Laptop,Electronics,South,4,71757.13,0.15,243974.24,50758.24,Cash
ORD05067,2024-03-09,CUST5192,Tablet,Electronics,North,2,20934.48,0.17,34751.24,3637.89,Cash
ORD05068,2024-04-20,CUST9788,Mouse,Accessories,East,3,870.43,0.01,2585.18,483.27,Net Banking
ORD05069,2024-09-02,CUST4981,Smartwatch,Electronics,North,2,6395.57,0.07,11895.77,826.58,Debit Card
ORD05070,2025-01-07,CUST3798,Laptop,Electronics,North,5,69649.29,0.23,268149.76,57483.09,Net Banking
ORD05071,2024-04-07,CUST5783,Tablet,Electronics,North,3,24959.34,0.11,66641.43,16503.46,Net Banking
ORD05072,2024-11-17,CUST5738,Mouse,Accessories,North,2,683.3,0.24,1038.61,129.55,UPI
ORD05073,2025-12-13,CUST4578,Keyboard,Accessories,West,3,1473.16,0.05,4198.52,634.42,Net Banking
ORD05074,2025-11-04,CUST5784,Tablet,Electronics,West,1,22975.29,0.25,17231.47,2387.29,Cash
ORD05075,2025-05-23,CUST6559,Webcam,Accessories,West,3,3711.86,0.17,9242.54,2115.04,UPI
ORD05076,2025-01-10,CUST2752,Smartphone,Electronics,North,3,27084.79,0.19,65816.04,3421.57,Debit Card
ORD05077,2025-11-02,CUST1699,Laptop,Electronics,South,1,74207.57,0.1,66786.82,12067.83,Cash
ORD05078,2024-05-19,CUST4317,Laptop,Electronics,West,2,67247.67,0.23,103561.42,18690.11,Credit Card
ORD05079,2025-01-15,CUST1352,Laptop,Electronics,East,3,58454.64,0.14,150812.98,19074.37,Debit Card
ORD05080,2025-02-06,CUST8165,Mouse,Accessories,West,4,684.93,0.17,2273.95,213.45,Credit Card
ORD05081,2024-10-29,CUST9062,Webcam,Accessories,West,3,3797.43,0.02,11164.44,1093.41,Cash
ORD05082,2024-06-14,CUST9668,Tablet,Electronics,East,2,19226.05,0.16,32299.77,6785.95,Debit Card
ORD05083,2024-09-22,CUST5090,Smartphone,Electronics,East,1,26769.46,0.22,20880.18,1320.06,Credit Card
ORD05084,2024-12-20,CUST7809,Webcam,Accessories,South,2,3578.57,0.04,6870.86,1118.33,Credit Card
ORD05085,2025-07-06,CUST7134,Smartwatch,Electronics,North,5,7217.36,0.18,29591.18,3295.51,Debit Card
ORD05086,2024-02-24,CUST2069,Keyboard,Accessories,East,3,1584.1,0.01,4704.77,484.82,Net Banking
ORD05087,2024-08-16,CUST1861,Headphones,Electronics,South,3,2420.14,0.23,5590.51,844.99,Cash
ORD05088,2024-08-11,CUST1085,Webcam,Accessories,North,1,3787.59,0.25,2840.7,652.14,Cash
ORD05089,2024-07-17,CUST7890,Smartwatch,Electronics,East,3,7996.15,0.09,21829.5,3790.0,UPI
ORD05090,2025-09-18,CUST3641,Smartphone,Electronics,South,4,27939.85,0.03,108406.64,22518.46,Debit Card
ORD05091,2024-09-09,CUST7020,Headphones,Electronics,South,4,2652.27,0.16,8911.63,1516.2,Cash
ORD05092,2025-12-14,CUST6265,Headphones,Electronics,West,2,2821.35,0.01,5586.28,1058.84,Credit Card
ORD05093,2025-07-08,CUST8421,Webcam,Accessories,East,1,3695.6,0.12,3252.13,443.86,Debit Card
ORD05094,2025-11-08,CUST8689,Laptop,Electronics,North,5,68531.64,0.07,318672.1,74950.51,Credit Card
ORD05095,2024-06-03,CUST7785,Monitor,Electronics,South,2,11005.58,0.12,19369.82,2912.99,Debit Card
ORD05096,2025-09-18,CUST7106,Smartphone,Electronics,West,1,30316.17,0.0,30316.17,4861.35,Credit Card
ORD05097,2025-11-18,CUST7588,Laptop,Electronics,South,1,66219.2,0.01,65557.0,10160.88,Credit Card
ORD05098,2025-07-23,CUST6525,Smartphone,Electronics,North,2,31801.17,0.0,63602.33,7202.19,Debit Card
ORD05099,2024-11-27,CUST4977,Monitor,Electronics,South,2,13788.56,0.15,23440.55,2256.1,UPI
ORD05100,2025-02-11,CUST4386,Keyboard,Accessories,West,3,1290.14,0.14,3328.56,215.58,Credit Card
ORD05101,2025-05-18,CUST5075,Monitor,Electronics,North,5,10434.84,0.06,49043.74,9496.58,Debit Card
ORD05102,2025-11-24,CUST9254,Printer,Office,East,4,8733.85,0.16,29345.74,3165.09,Net Banking
ORD05103,2025-09-17,CUST2777,Webcam,Accessories,West,3,3755.13,0.22,8787.0,1123.33,Net Banking
ORD05104,2025-11-16,CUST5030,Webcam,Accessories,North,1,3118.17,0.07,2899.9,678.53,UPI
ORD05105,2025-03-17,CUST4205,Smartwatch,Electronics,South,5,7257.15,0.21,28665.74,4680.81,Debit Card
ORD05106,2024-09-12,CUST1815,Laptop,Electronics,West,5,61581.04,0.17,255561.33,17739.95,UPI
ORD05107,2025-02-19,CUST7856,Smartwatch,Electronics,North,2,6910.37,0.01,13682.54,2872.27,Credit Card
ORD05108,2025-02-03,CUST7031,Printer,Office,North,5,9146.99,0.09,41618.8,4212.91,Net Banking
ORD05109,2024-03-30,CUST3209,Monitor,Electronics,West,5,13317.98,0.13,57933.23,9300.67,UPI
ORD05110,2024-05-20,CUST4069,Webcam,Accessories,North,1,3590.46,0.18,2944.18,447.5,Credit Card
ORD05111,2024-01-06,CUST9618,Mouse,Accessories,North,3,906.7,0.07,2529.68,246.94,Net Banking
ORD05112,2024-12-05,CUST9215,Monitor,Electronics,South,5,12268.55,0.25,46007.05,3365.61,UPI
ORD05113,2024-08-06,CUST6093,Monitor,Electronics,East,2,10646.07,0.17,17672.47,1630.33,Credit Card
ORD05114,2025-08-01,CUST6221,Printer,Office,East,3,9012.61,0.09,24604.43,1709.21,Cash
ORD05115,2025-10-25,CUST2304,Keyboard,Accessories,West,2,1720.08,0.02,3371.36,354.42,Net Banking
ORD05116,2024-09-27,CUST4947,Smartphone,Electronics,West,5,32030.09,0.05,152142.91,37953.5,Credit Card
ORD05117,2024-03-03,CUST8933,Printer,Office,North,3,8647.84,0.12,22830.29,2977.49,Cash
ORD05118,2025-06-16,CUST5394,Smartphone,Electronics,East,5,31834.03,0.12,140069.73,31204.41,UPI
ORD05119,2025-05-27,CUST4078,Webcam,Accessories,South,1,3407.78,0.19,2760.3,441.19,Cash
ORD05120,2024-09-11,CUST8098,Printer,Office,South,3,9421.63,0.18,23177.2,4248.77,Net Banking
ORD05121,2024-05-05,CUST8706,Smartphone,Electronics,East,2,26886.55,0.05,51084.44,4151.61,Debit Card
ORD05122,2025-03-26,CUST9739,Smartwatch,Electronics,West,1,7713.8,0.15,6556.73,688.2,UPI
ORD05123,2025-02-09,CUST7120,Printer,Office,East,4,8691.52,0.01,34418.44,5234.65,Cash
ORD05124,2025-12-14,CUST6522,Webcam,Accessories,West,2,3279.33,0.1,5902.79,1335.38,Credit Card
ORD05125,2025-09-11,CUST8352,Printer,Office,South,5,9419.15,0.19,38147.55,2234.59,Debit Card
ORD05126,2024-12-23,CUST3275,Webcam,Accessories,North,2,3143.95,0.1,5659.11,856.7,Debit Card
ORD05127,2024-03-28,CUST8236,Printer,Office,North,4,10024.55,0.21,31677.59,1907.07,UPI
ORD05128,2025-01-25,CUST1196,Smartphone,Electronics,South,2,25605.32,0.24,38920.09,5501.92,Cash
ORD05129,2025-01-03,CUST8313,Keyboard,Accessories,East,1,1410.44,0.15,1198.87,210.73,Net Banking
ORD05130,2025-11-19,CUST4231,Tablet,Electronics,East,2,24861.95,0.04,47734.95,9496.61,Cash
ORD05131,2025-10-02,CUST1368,Smartphone,Electronics,East,3,28294.77,0.09,77244.71,6002.41,Cash
ORD05132,2025-03-22,CUST4228,Laptop,Electronics,East,4,62278.96,0.0,249115.83,20755.1,UPI
ORD05133,2024-11-15,CUST2491,Headphones,Electronics,East,2,2479.87,0.15,4215.79,607.13,UPI
ORD05134,2024-09-29,CUST8027,Keyboard,Accessories,West,4,1527.76,0.21,4827.73,1205.04,Credit Card
ORD05135,2025-10-12,CUST1719,Smartwatch,Electronics,East,1,7648.29,0.16,6424.56,778.72,Net Banking
ORD05136,2025-09-28,CUST3762,Monitor,Electronics,East,3,10885.16,0.2,26124.38,3540.0,UPI
ORD05137,2025-06-05,CUST5734,Smartphone,Electronics,East,5,33345.72,0.2,133382.87,18205.34,Credit Card
ORD05138,2025-07-31,CUST9987,Printer,Office,North,2,10772.65,0.21,17020.78,1125.76,Debit Card
ORD05139,2024-01-16,CUST3202,Smartphone,Electronics,North,1,32003.85,0.07,29763.58,6096.61,Credit Card
ORD05140,2025-01-02,CUST4207,Mouse,Accessories,East,4,700.83,0.22,2186.6,220.02,Net Banking
ORD05141,2024-09-07,CUST3503,Keyboard,Accessories,East,4,1284.74,0.16,4316.72,823.34,Credit Card
ORD05142,2024-12-25,CUST6782,Tablet,Electronics,West,1,22620.48,0.07,21037.05,3050.75,Credit Card
ORD05143,2024-08-18,CUST7175,Smartwatch,Electronics,North,2,7762.58,0.25,11643.87,2006.89,UPI
ORD05144,2024-09-09,CUST6134,Mouse,Accessories,South,5,820.27,0.24,3117.01,189.5,Net Banking
ORD05145,2025-09-03,CUST2882,Webcam,Accessories,North,2,3198.9,0.14,5502.1,1254.44,Credit Card
ORD05146,2025-08-28,CUST2987,Mouse,Accessories,East,3,701.72,0.21,1663.09,164.27,Cash
ORD05147,2025-01-27,CUST9287,Smartphone,Electronics,North,2,31796.37,0.07,59141.24,10883.12,Credit Card
ORD05148,2025-05-31,CUST1814,Smartwatch,Electronics,East,3,7465.72,0.1,20157.44,4225.08,Debit Card
ORD05149,2025-06-02,CUST3660,Smartphone,Electronics,North,4,27052.79,0.05,102800.58,16243.29,Debit Card
ORD05150,2025-04-28,CUST3569,Webcam,Accessories,North,3,3004.6,0.13,7842.01,921.18,Credit Card
ORD05151,2024-03-05,CUST8347,Monitor,Electronics,North,5,11669.82,0.12,51347.21,12609.88,Credit Card
ORD05152,2024-08-06,CUST6343,Smartwatch,Electronics,East,1,7173.71,0.05,6815.02,720.27,Cash
ORD05153,2024-07-26,CUST8421,Monitor,Electronics,South,3,12741.61,0.17,31726.61,7605.9,Credit Card
ORD05154,2024-06-24,CUST5018,Keyboard,Accessories,East,2,1639.48,0.03,3180.58,258.41,UPI
ORD05155,2025-12-12,CUST1974,Keyboard,Accessories,South,3,1549.74,0.02,4556.24,582.49,Net Banking
ORD05156,2025-02-28,CUST2861,Monitor,Electronics,South,4,10599.17,0.1,38157.01,2964.77,Cash
ORD05157,2024-01-10,CUST1648,Keyboard,Accessories,South,3,1582.16,0.1,4271.84,215.51,Credit Card
ORD05158,2025-11-10,CUST9933,Smartwatch,Electronics,South,5,8016.77,0.08,36877.15,3763.38,UPI
ORD05159,2024-10-15,CUST2576,Printer,Office,South,3,11216.75,0.06,31631.25,2133.28,Credit Card
ORD05160,2025-09-06,CUST3599,Laptop,Electronics,West,5,72247.54,0.08,332338.7,82177.09,Cash
ORD05161,2024-01-16,CUST5879,Keyboard,Accessories,South,2,1410.98,0.04,2709.08,548.13,Cash
ORD05162,2024-11-23,CUST2787,Keyboard,Accessories,West,4,1612.85,0.1,5806.28,294.62,Debit Card
ORD05163,2025-06-28,CUST1137,Smartphone,Electronics,East,1,33159.93,0.23,25533.15,2418.74,Debit Card
ORD05164,2025-06-30,CUST3056,Monitor,Electronics,East,2,12641.97,0.06,23766.91,4373.7,Credit Card
ORD05165,2024-07-01,CUST2831,Headphones,Electronics,West,2,2312.92,0.17,3839.45,498.02,Net Banking
ORD05166,2024-04-11,CUST9760,Tablet,Electronics,North,1,24995.3,0.04,23995.49,5191.87,UPI
ORD05167,2024-11-27,CUST5726,Mouse,Accessories,South,3,788.2,0.09,2151.78,324.86,Debit Card
ORD05168,2024-03-19,CUST6894,Keyboard,Accessories,West,3,1333.41,0.08,3680.22,665.13,Debit Card
ORD05169,2024-01-17,CUST5266,Mouse,Accessories,East,3,706.35,0.23,1631.66,276.42,Net Banking
ORD05170,2025-01-04,CUST5607,Smartwatch,Electronics,East,4,7309.79,0.11,26022.85,4622.54,Cash
ORD05171,2024-01-21,CUST8678,Headphones,Electronics,East,2,2453.28,0.17,4072.45,391.04,Credit Card
ORD05172,2025-02-08,CUST5470,Tablet,Electronics,East,5,19323.59,0.15,82125.27,10237.56,Credit Card
ORD05173,2024-01-17,CUST2895,Monitor,Electronics,West,1,12865.31,0.04,12350.7,742.6,UPI
ORD05174,2025-08-10,CUST9395,Laptop,Electronics,North,2,70836.84,0.23,109088.73,18275.34,Net Banking
ORD05175,2025-03-07,CUST5152,Tablet,Electronics,East,3,23487.74,0.09,64121.54,9095.75,Net Banking
ORD05176,2025-07-09,CUST1656,Tablet,Electronics,North,1,20034.92,0.01,19834.57,4009.42,Net Banking
ORD05177,2025-02-23,CUST4462,Laptop,Electronics,South,5,68700.62,0.08,316022.86,28845.46,Cash
ORD05178,2024-01-28,CUST4126,Printer,Office,North,2,8532.17,0.08,15699.19,2156.48,Net Banking
ORD05179,2024-01-25,CUST4024,Monitor,Electronics,East,2,11298.4,,22144.87,1907.76,Cash
ORD05180,2024-07-19,CUST4743,Smartphone,Electronics,West,4,29089.39,0.15,98903.94,17090.19,Credit Card
ORD05181,2024-10-29,CUST1071,Mouse,Accessories,South,2,880.46,0.09,1602.44,351.9,Cash
ORD05182,2025-09-04,CUST6653,Keyboard,Accessories,West,2,1450.68,0.16,2437.14,494.96,Credit Card
ORD05183,2024-10-05,CUST1749,Tablet,Electronics,West,5,18774.38,0.0,93871.89,22420.32,UPI
ORD05184,2024-03-15,CUST1952,Smartwatch,Electronics,North,5,6689.93,0.25,25087.23,6129.94,Net Banking
ORD05185,2024-03-05,CUST7279,Laptop,Electronics,North,1,64979.02,0.04,62379.86,12750.87,UPI
ORD05186,2024-09-11,CUST5612,Mouse,Accessories,North,3,907.76,0.16,2287.56,245.6,Net Banking
ORD05187,2024-09-28,CUST5122,Headphones,Electronics,East,5,2830.78,0.18,11606.18,1089.27,UPI
ORD05188,2025-09-27,CUST5179,Laptop,Electronics,South,1,58777.04,0.04,56425.96,7871.98,Debit Card
ORD05189,2025-07-15,CUST7026,Headphones,Electronics,North,2,2263.86,0.03,4391.89,1092.6,Debit Card
ORD05190,2025-06-08,CUST6171,Monitor,Electronics,East,1,10788.17,0.04,10356.65,1372.6,Cash
ORD05191,2024-12-01,CUST1073,Tablet,Electronics,West,1,23906.88,0.06,22472.47,2018.34,UPI
ORD05192,2024-07-26,CUST3059,Smartwatch,Electronics,South,1,5962.65,0.04,5724.14,1367.32,Net Banking
ORD05193,2024-02-04,CUST2277,Keyboard,Accessories,West,1,1332.23,0.17,1105.75,140.63,Credit Card
ORD05194,2024-04-23,CUST5698,Headphones,Electronics,North,5,2528.47,0.11,11251.69,2117.34,Cash
ORD05195,2024-02-01,CUST2127,Mouse,Accessories,South,3,739.41,0.13,1929.87,400.7,Cash
ORD05196,2024-06-04,CUST1602,Printer,Office,East,1,8777.07,0.01,8689.3,1899.75,Debit Card
ORD05197,2025-05-18,CUST7458,Monitor,Electronics,South,4,11495.56,0.22,35866.15,7684.54,UPI
ORD05198,2024-12-18,CUST2524,Printer,Office,South,2,9322.62,0.04,17899.44,3888.64,UPI
ORD05199,2024-10-29,CUST6291,Monitor,Electronics,South,2,12039.98,0.09,21912.76,4021.66,Cash
ORD05200,2024-04-27,CUST2166,Smartphone,Electronics,North,2,34313.1,0.02,67253.68,8794.51,Debit Card
ORD05201,2024-02-04,CUST2932,Mouse,Accessories,West,2,709.83,0.03,1377.08,252.63,Credit Card
ORD05202,2024-11-15,CUST5292,Printer,Office,West,2,9618.18,0.17,15966.18,3470.2,Debit Card
ORD05203,2024-08-05,CUST9856,Smartwatch,Electronics,North,1,7907.17,0.17,6562.95,788.4,UPI
ORD05204,2024-09-24,CUST7333,Tablet,Electronics,North,3,24487.36,0.17,60973.53,6664.5,Credit Card
ORD05205,2025-11-23,CUST1962,Laptop,Electronics,West,4,62938.29,0.14,216507.7,25708.44,Cash
ORD05206,2024-02-13,CUST7698,Keyboard,Accessories,North,5,1589.53,0.24,6040.21,967.98,Credit Card
ORD05207,2024-06-22,CUST1087,Tablet,Electronics,North,4,19279.86,0.13,67093.9,4058.43,Cash
ORD05208,2024-07-16,CUST5951,Tablet,Electronics,North,5,23402.77,0.11,104142.33,21431.88,Debit Card
ORD05209,2024-10-28,CUST9664,Monitor,Electronics,North,5,13702.29,0.06,64400.75,5008.47,Credit Card
ORD05210,2024-04-08,CUST3468,Smartwatch,Electronics,West,4,7078.73,0.02,27748.6,2124.65,Net Banking
ORD05211,2025-02-08,CUST7212,Monitor,Electronics,East,1,11994.56,0.14,10315.33,923.55,UPI
ORD05212,2025-12-22,CUST5874,Webcam,Accessories,East,2,3171.68,0.08,5835.9,965.17,Cash
ORD05213,2025-12-12,CUST4495,Headphones,Electronics,West,1,2600.34,0.13,2262.3,242.32,Credit Card
ORD05214,2024-10-30,CUST9042,Keyboard,Accessories,South,2,1540.7,0.05,2927.32,361.87,Credit Card
ORD05215,2024-05-26,CUST1246,Headphones,Electronics,South,3,2613.95,0.21,6195.06,1464.08,Net Banking
ORD05216,2025-12-24,CUST3878,Laptop,Electronics,East,5,55758.62,0.25,209094.84,45883.86,Debit Card
ORD05217,2025-01-22,CUST7131,Webcam,Accessories,West,4,3551.16,0.08,13068.27,2880.74,Net Banking
ORD05218,2025-06-27,CUST5494,Mouse,Accessories,East,3,822.78,0.21,1950.0,322.78,Credit Card
ORD05219,2024-12-11,CUST4976,Laptop,Electronics,South,2,59296.84,0.22,92503.07,20655.31,UPI
ORD05220,2024-06-04,CUST1325,Laptop,Electronics,East,1,59312.49,0.25,44484.37,9151.02,Credit Card
ORD05221,2025-08-10,CUST9793,Smartphone,Electronics,East,4,27985.96,0.09,101868.91,24514.48,Credit Card
ORD05222,2025-03-17,CUST1810,Keyboard,Accessories,East,5,1595.27,0.19,6460.86,406.22,Credit Card
ORD05223,2024-07-20,CUST9595,Monitor,Electronics,South,3,12382.56,0.06,34918.81,1946.56,Net Banking
ORD05224,2024-05-21,CUST7780,Smartwatch,Electronics,South,5,7726.1,0.16,32449.63,2758.41,Net Banking
ORD05225,2024-04-13,CUST6986,Headphones,Electronics,West,2,2346.74,0.18,3848.66,907.58,Cash
ORD05226,2024-08-02,CUST6546,Laptop,Electronics,North,5,73035.33,0.19,295793.08,50614.05,Cash
ORD05227,2024-11-04,CUST7845,Headphones,Electronics,South,1,2682.78,0.05,2548.64,344.63,Cash
ORD05228,2024-04-17,CUST5689,Headphones,Electronics,North,3,2421.26,0.21,5738.38,875.35,Credit Card
ORD05229,2025-04-04,CUST3274,Mouse,Accessories,East,3,702.86,0.11,1876.64,405.21,Cash
ORD05230,2025-06-20,CUST3227,Keyboard,Accessories,North,1,1390.64,0.05,1321.11,311.55,Cash
ORD05231,2024-08-16,CUST4017,Keyboard,Accessories,West,5,1705.55,0.14,7333.85,1436.99,Debit Card
ORD05232,2025-09-18,CUST9089,Printer,Office,East,1,9431.09,0.22,7356.25,1485.74,Net Banking
ORD05233,2024-07-26,CUST8133,Tablet,Electronics,West,4,20877.35,0.24,63467.13,7240.05,Cash
ORD05234,2025-12-02,CUST2438,Keyboard,Accessories,North,1,1360.32,0.19,1101.86,158.01,Net Banking
ORD05235,2025-12-27,CUST4384,Headphones,Electronics,East,5,2730.14,0.0,13650.69,3099.28,UPI
ORD05236,2025-06-04,CUST1663,Monitor,Electronics,South,1,11192.32,0.03,10856.55,2249.33,Debit Card
ORD05237,2025-09-10,CUST9345,Headphones,Electronics,North,2,2372.69,0.02,4650.48,868.96,UPI
ORD05238,2025-12-18,CUST1732,Monitor,Electronics,North,1,11691.65,0.03,11340.9,715.04,Net Banking
ORD05239,2025-02-08,CUST1805,Printer,Office,East,1,9801.18,0.1,8821.07,510.75,Net Banking
ORD05240,2024-06-29,CUST5217,Monitor,Electronics,East,5,11680.83,0.08,53731.8,4088.03,UPI
ORD05241,2025-10-02,CUST9373,Keyboard,Accessories,West,4,1501.68,0.03,5826.54,968.83,Cash
ORD05242,2025-11-15,CUST9072,Mouse,Accessories,South,4,875.48,0.22,2731.51,429.6,Debit Card
ORD05243,2024-06-04,CUST4679,Monitor,Electronics,North,5,13149.43,0.15,55885.06,13330.72,Net Banking
ORD05244,2025-01-21,CUST5068,Headphones,Electronics,South,5,2723.73,0.2,10894.94,2058.62,Credit Card
ORD05245,2024-04-11,CUST2703,Smartwatch,Electronics,South,5,6162.36,0.09,28038.75,3050.46,Debit Card
ORD05246,2024-04-25,CUST9529,Keyboard,Accessories,South,2,1634.86,0.1,2942.74,242.19,UPI
ORD05247,2025-04-15,CUST7246,Smartwatch,Electronics,East,3,6202.53,0.08,17118.98,3764.58,Net Banking
ORD05248,2025-11-10,CUST6301,Webcam,Accessories,South,1,3105.96,0.11,2764.3,392.32,Net Banking
ORD05249,2024-01-04,CUST7770,Webcam,Accessories,West,5,3970.26,0.15,16873.59,3048.95,UPI
ORD05250,2024-07-16,CUST8018,Headphones,Electronics,South,5,2739.55,0.12,12054.01,1965.15,Credit Card
ORD05251,2024-07-22,CUST4298,Webcam,Accessories,East,5,3555.03,0.21,14042.37,1003.91,Credit Card
ORD05252,2025-01-30,CUST1727,Tablet,Electronics,East,4,24474.8,0.23,75382.39,4629.36,Net Banking
ORD05253,2025-01-12,CUST5958,Printer,Office,South,5,11468.09,0.12,50459.61,6327.82,Cash
ORD05254,2025-07-27,CUST3937,Keyboard,Accessories,West,1,1549.79,0.06,1456.8,178.18,Credit Card
ORD05255,2025-08-05,CUST5023,Smartwatch,Electronics,North,5,7237.09,0.24,27500.93,5081.06,Credit Card
ORD05256,2025-08-26,CUST3013,Headphones,Electronics,North,1,2690.82,0.18,2206.47,389.31,Cash
ORD05257,2025-04-18,CUST2833,Tablet,Electronics,West,2,20232.12,0.16,33989.96,8286.35,Credit Card
ORD05258,2025-11-18,CUST6667,Headphones,Electronics,East,3,2250.34,0.19,5468.34,1211.89,Cash
ORD05259,2025-01-25,CUST7007,Tablet,Electronics,South,4,23713.23,0.02,92955.87,13879.85,UPI
ORD05260,2025-11-27,CUST3010,Webcam,Accessories,North,1,3337.15,0.02,3270.41,490.58,Debit Card
ORD05261,2025-07-21,CUST3249,Webcam,Accessories,North,2,3116.82,0.04,5984.3,1106.05,Debit Card
ORD05262,2025-08-01,CUST9855,Monitor,Electronics,South,3,11333.56,0.04,32640.65,2376.83,UPI
ORD05263,2025-03-11,CUST9519,Smartphone,Electronics,North,3,28727.73,0.11,76703.04,19174.08,Credit Card
ORD05264,2024-03-03,CUST9456,Headphones,Electronics,North,3,2848.92,0.04,8204.89,1261.6,Debit Card
ORD05265,2025-07-06,CUST2466,Monitor,Electronics,East,1,12712.65,0.21,10043.0,2329.78,UPI
ORD05266,2025-10-24,CUST9445,Keyboard,Accessories,North,2,1513.89,0.14,2603.88,633.97,Debit Card
ORD05267,2024-06-23,CUST6654,Monitor,Electronics,North,5,13687.94,0.09,62280.14,10358.97,Credit Card
ORD05268,2025-08-31,CUST2236,Laptop,Electronics,East,2,72861.22,0.02,142808.0,10092.2,Cash
ORD05269,2024-02-05,CUST1609,Webcam,Accessories,North,2,3512.6,0.15,5971.42,983.31,UPI
ORD05270,2024-01-14,CUST3033,Laptop,Electronics,East,2,72910.75,0.03,141446.86,23979.27,Debit Card
ORD05271,2024-06-13,CUST4194,Headphones,Electronics,South,1,2428.23,0.19,1966.87,408.79,Credit Card
ORD05272,2024-06-29,CUST7680,Smartwatch,Electronics,North,1,6433.88,0.2,5147.11,307.0,Debit Card
ORD05273,2025-02-15,CUST9741,Smartwatch,Electronics,North,1,6438.62,0.14,5537.22,793.28,Credit Card
ORD05274,2024-07-11,CUST2218,Keyboard,Accessories,West,2,1573.04,0.04,3020.24,708.41,Credit Card
ORD05275,2024-10-29,CUST5294,Monitor,Electronics,West,1,12003.85,0.2,9603.08,2384.06,Credit Card
ORD05276,2025-12-11,CUST3189,Smartwatch,Electronics,West,3,7333.8,0.08,20241.28,1786.83,Credit Card
ORD05277,2024-09-02,CUST6328,Tablet,Electronics,East,1,23228.1,0.06,21834.42,4893.52,UPI
ORD05278,2025-02-11,CUST1354,Tablet,Electronics,North,4,18847.33,0.12,66342.6,5257.66,Cash
ORD05279,2024-01-14,CUST3864,Keyboard,Accessories,North,1,1299.32,0.23,1000.47,218.34,UPI
ORD05280,2025-03-06,CUST9154,Printer,Office,West,1,10098.03,0.07,9391.17,990.35,Debit Card
ORD05281,2024-03-19,CUST3223,Webcam,Accessories,East,1,3175.59,0.23,2445.2,591.56,UPI
ORD05282,2024-01-01,CUST4118,Monitor,Electronics,West,1,12477.12,0.01,12352.35,2335.82,UPI
ORD05283,2025-10-08,CUST3840,Headphones,Electronics,North,4,2539.14,0.02,9953.43,1292.17,Debit Card
ORD05284,2025-04-10,CUST4718,Mouse,Accessories,East,5,820.58,0.17,3405.42,361.64,Cash
ORD05285,2025-05-25,CUST9358,Mouse,Accessories,West,1,752.59,0.05,714.96,69.39,UPI
ORD05286,2025-05-09,CUST4626,Mouse,Accessories,North,3,833.56,0.08,2300.63,428.28,Credit Card
ORD05287,2024-04-24,CUST7701,Smartwatch,Electronics,West,4,7691.93,0.03,29844.71,6839.16,UPI
ORD05288,2025-07-29,CUST6418,Printer,Office,South,5,11494.21,0.08,52873.38,10626.94,Debit Card
ORD05289,2024-09-30,CUST2126,Printer,Office,East,1,11015.33,0.07,10244.26,2222.58,Cash
ORD05290,2025-03-22,CUST1085,Monitor,Electronics,South,5,12207.0,0.18,50048.68,10323.88,UPI
ORD05291,2025-12-08,CUST4777,Monitor,Electronics,South,3,10896.35,0.18,26805.01,6589.46,UPI
ORD05292,2024-11-01,CUST4572,Printer,Office,East,4,10544.34,0.24,32054.79,6460.99,Debit Card
ORD05293,2024-11-19,CUST3714,Keyboard,Accessories,South,4,1696.94,0.18,5565.98,512.32,Net Banking
ORD05294,2025-08-25,CUST6969,Monitor,Electronics,West,5,10962.72,0.17,45495.29,9477.56,Net Banking
ORD05295,2025-02-01,CUST3050,Keyboard,Accessories,North,1,1390.2,0.17,1153.86,132.02,UPI
ORD05296,2025-08-12,CUST3871,Laptop,Electronics,East,2,58155.67,0.22,90722.84,22604.5,Credit Card
ORD05297,2025-01-25,CUST3926,Tablet,Electronics,West,4,23562.36,0.07,87651.99,10985.82,UPI
ORD05298,2024-11-07,CUST2047,Webcam,Accessories,North,2,3401.89,0.08,6259.48,679.52,Net Banking
ORD05299,2024-01-14,CUST6593,Monitor,Electronics,South,4,10425.7,0.19,33779.28,3305.07,UPI
ORD05300,2024-06-18,CUST8827,Printer,Office,East,1,11124.85,0.06,10457.36,1900.13,Credit Card
ORD05301,2024-04-18,CUST3730,Tablet,Electronics,South,1,22380.63,0.23,17233.09,1238.1,Cash
ORD05302,2024-02-12,CUST9781,Tablet,Electronics,North,4,20885.22,0.13,72680.57,17495.08,UPI
ORD05303,2024-12-23,CUST6876,Smartphone,Electronics,East,5,28595.85,0.08,131540.9,14319.88,Debit Card
ORD05304,2025-04-19,CUST4173,Printer,Office,West,1,9370.75,0.19,7590.31,827.95,Credit Card
ORD05305,2024-03-15,CUST1029,Webcam,Accessories,South,1,3453.25,0.08,3176.99,188.12,UPI
ORD05306,2024-11-02,CUST4854,Printer,Office,West,3,9511.13,0.24,21685.37,2151.26,Net Banking
ORD05307,2025-05-19,CUST7610,Monitor,Electronics,West,1,12172.61,0.25,9129.46,1221.48,UPI
ORD05308,2024-03-20,CUST7346,Headphones,Electronics,West,3,2705.14,0.17,6735.79,834.71,Net Banking
ORD05309,2025-11-14,CUST1723,Laptop,Electronics,East,1,68402.0,0.03,66349.94,6940.47,Debit Card
ORD05310,2025-05-08,CUST3090,Keyboard,Accessories,South,1,1407.51,0.07,1308.98,76.12,Cash
ORD05311,2024-09-15,CUST2575,Headphones,Electronics,West,5,2521.56,0.13,10968.77,1207.84,Net Banking
ORD05312,2025-05-18,CUST3490,Laptop,Electronics,North,5,71632.46,0.21,282948.22,58192.88,UPI
ORD05313,2024-11-23,CUST3198,Headphones,Electronics,East,1,2176.15,0.05,2067.35,284.79,Debit Card
ORD05314,2025-09-17,CUST8211,Keyboard,Accessories,West,4,1310.23,0.03,5083.71,549.83,Credit Card
ORD05315,2024-04-20,CUST6712,Smartwatch,Electronics,West,4,7117.96,0.02,27902.39,3096.01,UPI
ORD05316,2025-05-28,CUST6376,Printer,Office,South,1,10417.35,0.13,9063.09,1458.14,Credit Card
ORD05317,2025-06-24,CUST4561,Headphones,Electronics,West,4,2283.56,0.22,7124.71,786.98,Net Banking
ORD05318,2024-09-03,CUST5045,Monitor,Electronics,West,1,12882.79,0.01,12753.96,2246.73,Debit Card
ORD05319,2024-08-08,CUST2126,Webcam,Accessories,West,5,3653.58,0.05,17354.49,4302.02,Cash
ORD05320,2025-08-29,CUST4964,Mouse,Accessories,South,2,901.59,0.17,1496.64,87.16,UPI
ORD05321,2024-11-10,CUST5203,Monitor,Electronics,West,3,10808.24,0.21,25615.52,2145.23,Debit Card
ORD05322,2025-01-29,CUST7472,Keyboard,Accessories,North,4,1613.12,0.2,5161.98,443.01,Debit Card
ORD05323,2025-04-24,CUST4405,Webcam,Accessories,East,4,3062.83,0.2,9801.04,1366.4,Cash
ORD05324,2024-01-24,CUST8736,Monitor,Electronics,West,5,12235.05,0.03,59340.01,3458.56,Net Banking
ORD05325,2025-11-02,CUST5728,Tablet,Electronics,South,4,22342.51,0.1,80433.03,11703.35,Cash
ORD05326,2025-11-24,CUST2833,Printer,Office,North,1,9665.16,0.25,7248.87,1709.17,Cash
ORD05327,2024-08-28,CUST5692,Webcam,Accessories,East,1,3861.8,0.25,2896.35,151.52,Cash
ORD05328,2025-11-26,CUST5521,Tablet,Electronics,South,2,18728.85,0.15,31839.04,3915.81,Credit Card
ORD05329,2024-12-17,CUST1754,Monitor,Electronics,South,2,12072.65,0.18,19799.14,4002.97,UPI
ORD05330,2024-12-18,CUST7659,Laptop,Electronics,East,2,59484.49,0.24,90416.43,7314.59,Cash
ORD05331,2024-12-15,CUST4801,Smartphone,Electronics,East,1,32191.49,0.11,28650.42,1876.94,UPI
ORD05332,2024-04-03,CUST3531,Laptop,Electronics,South,2,56089.81,0.03,108814.24,19168.25,Cash
ORD05333,2024-11-22,CUST2265,Printer,Office,North,2,10994.66,0.17,18251.14,948.88,Net Banking
ORD05334,2025-12-20,CUST8844,Webcam,Accessories,North,1,3855.0,0.24,2929.8,616.29,Net Banking
ORD05335,2024-02-22,CUST9467,Webcam,Accessories,North,5,3849.51,0.17,15975.46,1012.37,Cash
ORD05336,2025-01-04,CUST9031,Printer,Office,East,4,8957.71,0.2,28664.66,4439.32,Debit Card
ORD05337,2024-04-03,CUST3041,Tablet,Electronics,West,3,22860.68,0.11,61038.02,12087.09,UPI
ORD05338,2025-09-01,CUST9369,Smartphone,Electronics,South,1,25629.31,0.02,25116.72,2471.54,Net Banking
ORD05339,2025-03-20,CUST9862,Monitor,Electronics,North,1,13252.67,0.04,12722.56,899.59,Credit Card
ORD05340,2025-09-21,CUST1811,Keyboard,Accessories,West,3,1600.34,0.25,3600.76,306.51,Debit Card
ORD05341,2024-10-16,CUST9522,Laptop,Electronics,East,3,65607.5,0.12,173203.79,38267.08,Net Banking
ORD05342,2024-12-23,CUST4555,Laptop,Electronics,South,2,69496.53,0.0,138993.07,26569.37,Debit Card
ORD05343,2024-03-01,CUST7696,Mouse,Accessories,West,3,702.64,0.24,1602.01,143.57,UPI
ORD05344,2025-04-23,CUST8437,Smartphone,Electronics,South,4,30257.9,0.12,106507.82,20579.88,Debit Card
ORD05345,2024-09-08,CUST1173,Keyboard,Accessories,East,4,1406.07,0.21,4443.2,851.87,Credit Card
ORD05346,2025-07-19,CUST7620,Laptop,Electronics,East,4,74216.08,0.14,255303.31,63709.67,Debit Card
ORD05347,2024-06-29,CUST9283,Keyboard,Accessories,North,4,1660.7,0.03,6443.53,826.78,Net Banking
ORD05348,2024-05-27,CUST3557,Monitor,Electronics,South,4,12839.79,0.15,43655.29,9733.85,Credit Card
ORD05349,2024-02-15,CUST8039,Webcam,Accessories,South,2,3955.44,0.25,5933.15,826.42,UPI
ORD05350,2024-04-27,CUST3648,Keyboard,Accessories,West,1,1431.08,0.01,1416.77,325.22,Net Banking
ORD05351,2024-04-02,CUST1598,Laptop,Electronics,South,3,72817.16,0.21,172576.66,11790.45,UPI
ORD05352,2025-06-26,CUST6664,Tablet,Electronics,South,1,20846.57,0.06,19595.78,1666.87,Cash
ORD05353,2024-07-31,CUST3184,Smartphone,Electronics,West,3,32095.17,0.1,86656.96,19063.74,Net Banking
ORD05354,2024-06-02,CUST3725,Printer,Office,North,2,10709.25,0.09,19490.84,4168.31,Debit Card
ORD05355,2025-04-23,CUST5184,Headphones,Electronics,South,2,2138.76,0.22,3336.47,370.64,UPI
ORD05356,2025-03-22,CUST6713,Smartwatch,Electronics,West,5,6708.23,0.13,29180.78,4942.05,Debit Card
ORD05357,2024-10-04,CUST6766,Smartwatch,Electronics,East,5,5990.81,0.11,26659.1,3373.44,Credit Card
ORD05358,2024-11-08,CUST9535,Headphones,Electronics,North,2,2872.82,0.2,4596.51,239.31,UPI
ORD05359,2025-03-16,CUST3678,Keyboard,Accessories,West,2,1329.99,0.01,2633.38,145.42,UPI
ORD05360,2025-09-07,CUST2341,Smartphone,Electronics,South,3,30385.3,0.02,89332.78,5436.01,Credit Card
ORD05361,2024-06-02,CUST9226,Keyboard,Accessories,North,2,1630.75,0.01,3228.89,545.08,Credit Card
ORD05362,2024-06-03,CUST5430,Printer,Office,North,1,9103.79,0.17,7556.15,799.78,Credit Card
ORD05363,2025-07-21,CUST5174,Smartphone,Electronics,North,3,29865.47,0.13,77948.89,6141.57,Credit Card
ORD05364,2025-06-20,CUST8300,Headphones,Electronics,East,2,2580.57,0.22,4025.69,959.03,Cash
ORD05365,2025-12-22,CUST7515,Keyboard,Accessories,West,3,1347.09,0.12,3556.32,264.11,UPI
ORD05366,2025-09-28,CUST6287,Mouse,Accessories,North,3,866.85,0.06,2444.53,451.74,Cash
ORD05367,2025-11-15,CUST6933,Laptop,Electronics,South,4,61087.06,0.2,195478.59,44731.76,Cash
ORD05368,2025-09-21,CUST6652,Tablet,Electronics,South,5,20092.75,0.07,93431.3,7732.93,Debit Card
ORD05369,2025-02-04,CUST5588,Webcam,Accessories,South,3,3561.2,0.23,8226.38,764.61,UPI
ORD05370,2024-11-09,CUST7792,Tablet,Electronics,North,3,21408.07,0.06,60370.76,9946.85,UPI
ORD05371,2025-08-17,CUST6446,Printer,Office,South,4,11260.86,0.04,43241.69,6559.32,UPI
ORD05372,2025-08-16,CUST5250,Keyboard,Accessories,North,2,1671.03,0.12,2941.01,453.52,UPI
ORD05373,2024-01-23,CUST3113,Monitor,Electronics,West,3,11940.06,0.01,35461.99,5707.1,Credit Card
ORD05374,2025-10-09,CUST2767,Smartphone,Electronics,North,4,28733.37,0.01,113784.16,27305.99,Net Banking
ORD05375,2024-11-01,CUST1199,Keyboard,Accessories,North,1,1421.48,0.12,1250.91,76.01,Debit Card
ORD05376,2025-02-03,CUST9703,,Electronics,West,4,27908.07,0.05,106050.68,21431.75,Debit Card
ORD05377,2025-08-23,CUST7641,Webcam,Accessories,South,5,3546.78,0.0,17733.88,1711.34,Credit Card
ORD05378,2024-12-17,CUST3732,Mouse,Accessories,North,5,873.19,0.07,4060.36,506.47,Cash
ORD05379,2024-07-29,CUST2063,Tablet,Electronics,West,2,20750.99,0.12,36521.75,2478.3,Net Banking
ORD05380,2025-08-16,CUST7415,Laptop,Electronics,East,2,58956.83,0.1,106122.3,14764.3,Debit Card
ORD05381,2024-04-05,CUST7303,Webcam,Accessories,West,5,3474.26,0.03,16850.15,3552.75,Cash
ORD05382,2025-07-11,CUST7178,Webcam,Accessories,East,5,3047.49,0.14,13104.19,913.99,UPI
ORD05383,2025-03-08,CUST7079,Tablet,Electronics,West,3,23328.44,0.18,57387.97,6032.66,Net Banking
ORD05384,2024-12-25,CUST5381,Webcam,Accessories,North,5,3519.28,0.17,14605.0,1819.96,Net Banking
ORD05385,2024-02-18,CUST8575,Monitor,Electronics,South,2,11986.95,0.1,21576.51,1527.18,UPI
ORD05386,2025-10-22,CUST4009,Monitor,Electronics,North,5,11281.6,0.03,54715.78,11077.94,Debit Card
ORD05387,2025-08-09,CUST9596,Smartwatch,Electronics,North,2,7849.81,0.12,13815.67,2865.22,Net Banking
ORD05388,2024-08-08,CUST5583,Smartwatch,Electronics,East,1,6140.02,0.22,4789.22,1040.12,Credit Card
ORD05389,2024-01-06,CUST3792,Monitor,Electronics,South,5,13331.37,0.12,58658.01,9782.94,Credit Card
ORD05390,2024-02-24,CUST2532,Headphones,Electronics,South,2,2407.53,0.05,4574.3,692.77,Credit Card
ORD05391,2024-01-15,CUST1527,Mouse,Accessories,North,4,891.35,0.02,3494.09,358.18,Net Banking
ORD05392,2025-06-06,CUST7838,Smartphone,Electronics,West,3,32058.85,0.24,73094.19,13232.36,Debit Card
ORD05393,2025-01-17,CUST3446,Mouse,Accessories,West,2,705.0,0.19,1142.1,158.65,Cash
ORD05394,2024-06-15,CUST8190,Printer,Office,South,5,10994.61,0.08,50575.2,12348.2,Debit Card
ORD05395,2025-01-10,CUST9438,Webcam,Accessories,North,5,3691.29,0.07,17164.48,4181.88,Cash
ORD05396,2024-03-14,CUST1627,Laptop,Electronics,North,1,55879.89,0.22,43586.31,10070.23,Net Banking
ORD05397,2025-11-07,CUST3116,Webcam,Accessories,East,4,3115.39,0.04,11963.09,1459.71,UPI
ORD05398,2024-07-03,CUST7041,Mouse,Accessories,South,2,832.55,0.13,1448.64,179.04,Cash
ORD05399,2024-03-28,CUST7707,Monitor,Electronics,West,4,12585.36,0.18,41279.99,9103.67,Cash
ORD05400,2024-12-21,CUST9799,Tablet,Electronics,West,1,23627.9,0.1,21265.11,4164.28,Debit Card
ORD05401,2024-03-05,CUST7428,Printer,Office,South,3,10660.74,0.01,31662.39,6043.47,Net Banking
ORD05402,2024-09-29,CUST3193,Monitor,Electronics,East,4,12574.27,0.06,47279.26,5007.92,Debit Card
ORD05403,2024-07-09,CUST6402,Mouse,Accessories,West,1,863.9,0.23,665.2,144.13,Net Banking
ORD05404,2025-10-15,CUST1297,Tablet,Electronics,South,2,22495.57,0.13,39142.28,6493.08,Cash
ORD05405,2024-02-07,CUST6826,Laptop,Electronics,North,3,60335.43,0.2,144805.04,20181.93,UPI
ORD05406,2025-01-08,CUST4293,Mouse,Accessories,South,5,898.97,0.14,3865.57,862.35,Net Banking
ORD05407,2025-10-26,CUST6157,Smartphone,Electronics,South,1,25663.93,0.24,19504.58,2513.01,Cash
ORD05408,2025-01-14,CUST6189,Keyboard,Accessories,South,5,1439.95,0.23,5543.82,1002.24,UPI
ORD05409,2024-02-06,CUST9973,Tablet,Electronics,North,3,23510.54,0.12,62067.84,8886.94,Debit Card
ORD05410,2024-09-08,CUST3049,Mouse,Accessories,South,1,782.52,0.08,719.92,121.34,Debit Card
ORD05411,2024-05-14,CUST4684,Monitor,Electronics,North,1,10289.4,0.15,8745.99,508.22,Net Banking
ORD05412,2024-01-11,CUST7985,Smartphone,Electronics,West,3,26093.83,0.17,64973.63,9240.75,Net Banking
ORD05413,2024-07-20,CUST4284,Headphones,Electronics,East,2,2611.48,0.12,4596.2,741.36,Net Banking
ORD05414,2024-11-29,CUST1082,Tablet,Electronics,North,1,25068.11,0.21,19803.8,2941.73,Debit Card
ORD05415,2025-02-22,CUST5450,Smartphone,Electronics,East,3,30466.77,0.05,86830.3,19057.69,Net Banking
ORD05416,2024-08-25,CUST9332,Monitor,Electronics,East,4,12024.33,0.08,44249.53,4965.89,Cash
ORD05417,2025-02-23,CUST2831,Mouse,Accessories,West,5,756.4,0.17,3139.05,711.99,Credit Card
ORD05418,2025-03-29,CUST7743,Webcam,Accessories,North,1,3244.53,0.06,3049.85,398.59,Credit Card
ORD05419,2024-11-03,CUST7097,Laptop,Electronics,West,4,55659.21,0.11,198146.78,37430.99,Net Banking
ORD05420,2025-08-03,CUST6515,Webcam,Accessories,North,1,3261.6,0.24,2478.82,166.93,Cash
ORD05421,2024-06-18,CUST5930,Keyboard,Accessories,East,2,1477.1,0.16,2481.53,223.41,Cash
ORD05422,2025-08-05,CUST7936,Smartphone,Electronics,East,3,27281.55,0.24,62201.93,12579.3,Cash
ORD05423,2024-05-28,CUST1930,Keyboard,Accessories,South,1,1314.31,0.18,1077.73,56.54,UPI
ORD05424,2025-05-15,CUST6007,Laptop,Electronics,North,3,69245.69,0.18,170344.41,41513.88,Cash
ORD05425,2025-08-16,CUST3288,Smartphone,Electronics,East,1,33551.58,0.15,28518.85,2513.25,Debit Card
ORD05426,2025-05-27,CUST3671,Smartwatch,Electronics,North,2,7917.22,0.04,15201.06,3500.21,Debit Card
ORD05427,2025-03-27,CUST6420,Monitor,Electronics,West,2,12424.8,0.13,21619.14,3311.82,Cash
ORD05428,2025-06-05,CUST2020,Smartphone,Electronics,West,4,25974.97,0.06,97665.89,15911.25,Credit Card
ORD05429,2025-03-15,CUST3953,Monitor,Electronics,North,2,12867.11,0.25,19300.66,1289.79,UPI
ORD05430,2024-05-26,CUST5882,Webcam,Accessories,East,3,3090.6,0.07,8622.77,1060.98,Debit Card
ORD05431,2024-10-24,CUST7935,Printer,Office,West,2,10509.24,0.06,19757.38,1605.16,Debit Card
ORD05432,2025-08-28,CUST6308,Tablet,Electronics,East,1,23843.81,0.16,20028.8,3108.2,Debit Card
ORD05433,2025-01-04,CUST7276,Printer,Office,North,2,10677.59,0.13,18579.01,2975.36,UPI
ORD05434,2024-08-20,CUST5196,Mouse,Accessories,South,3,908.45,0.01,2698.1,517.86,Cash
ORD05435,2025-10-21,CUST9097,Tablet,Electronics,East,1,23571.77,0.03,22864.61,5159.53,UPI
ORD05436,2024-05-03,CUST6477,Tablet,Electronics,West,4,23275.18,0.2,74480.59,10698.09,Cash
ORD05437,2025-02-14,CUST7107,Headphones,Electronics,North,4,2321.31,0.12,8171.0,789.91,Net Banking
ORD05438,2024-09-04,CUST6484,Tablet,Electronics,South,4,24803.47,0.04,95245.34,11116.5,Debit Card
ORD05439,2025-04-06,CUST4180,Laptop,Electronics,West,1,58751.11,0.12,51700.97,11344.12,Credit Card
ORD05440,2025-01-16,CUST1186,Printer,Office,North,4,11214.69,0.06,42167.23,3338.49,UPI
ORD05441,2024-04-07,CUST4476,Webcam,Accessories,North,2,3303.3,0.06,6210.2,1089.59,UPI
ORD05442,2024-04-15,CUST6471,Monitor,Electronics,East,1,10668.59,0.24,8108.13,426.63,Debit Card
ORD05443,2025-11-08,CUST4032,Mouse,Accessories,South,1,878.4,0.09,799.35,79.24,Debit Card
ORD05444,2025-03-25,CUST1046,Tablet,Electronics,North,1,18716.47,0.01,18529.31,3118.14,Credit Card
ORD05445,2024-04-22,CUST3868,Mouse,Accessories,South,5,879.7,0.24,3342.86,472.29,Credit Card
ORD05446,2025-07-23,CUST4912,Webcam,Accessories,South,3,3250.43,0.2,7801.03,1160.09,Debit Card
ORD05447,2025-04-24,CUST4037,Mouse,Accessories,East,5,892.33,0.06,4193.97,763.77,Cash
ORD05448,2025-04-13,CUST4305,Webcam,Accessories,North,5,3701.05,0.1,16654.74,1614.13,Debit Card
ORD05449,2024-12-31,CUST2613,Tablet,Electronics,North,5,23096.81,0.22,90077.56,9562.72,Credit Card
ORD05450,2024-12-04,CUST7360,Webcam,Accessories,East,3,3358.59,0.09,9168.94,1713.6,Debit Card
ORD05451,2024-06-24,CUST7317,Tablet,Electronics,East,5,19092.06,0.14,82095.86,12943.09,Credit Card
ORD05452,2024-10-22,CUST9145,Headphones,Electronics,North,4,2747.55,0.13,9561.49,505.97,Net Banking
ORD05453,2025-09-17,CUST1112,Headphones,Electronics,East,1,2253.18,0.1,2027.86,373.26,Cash
ORD05454,2024-04-03,CUST5241,Webcam,Accessories,North,1,3365.87,0.16,2827.33,492.01,Credit Card
ORD05455,2024-12-20,CUST3691,Headphones,Electronics,West,2,2575.27,0.12,4532.47,297.88,UPI
ORD05456,2024-03-08,CUST4584,Monitor,Electronics,South,4,11936.11,0.01,47267.01,9429.95,UPI
ORD05457,2024-05-28,CUST3345,Monitor,Electronics,South,3,10915.18,0.2,26196.43,4045.26,Cash
ORD05458,2024-01-05,CUST1055,Headphones,Electronics,East,1,2230.46,0.03,2163.55,196.77,Cash
ORD05459,2024-09-02,CUST1580,Headphones,Electronics,West,5,2217.43,0.12,9756.71,1579.33,UPI
ORD05460,2025-11-06,CUST4545,Smartwatch,Electronics,South,2,7762.32,0.14,13351.18,2257.57,Net Banking
ORD05461,2025-10-08,CUST8561,Smartwatch,Electronics,North,2,6016.28,0.18,9866.69,2309.04,Net Banking
ORD05462,2025-03-19,CUST8737,Tablet,Electronics,South,1,25148.29,0.1,22633.46,4491.13,Credit Card
ORD05463,2024-07-02,CUST2667,Webcam,Accessories,South,4,3183.46,0.18,10441.73,1152.61,Cash
ORD05464,2024-10-13,CUST9410,Keyboard,Accessories,South,2,1324.65,0.03,2569.81,189.21,UPI
ORD05465,2024-07-30,CUST5426,Keyboard,Accessories,North,1,1534.64,0.16,1289.1,284.42,Cash
ORD05466,2025-06-20,CUST6258,Headphones,Electronics,East,4,2184.99,0.21,6904.57,1513.57,UPI
ORD05467,2025-11-26,CUST7647,Mouse,Accessories,North,1,824.59,0.22,643.18,54.71,UPI
ORD05468,2024-08-04,CUST8938,Headphones,Electronics,East,1,2762.97,0.14,2376.15,148.33,Credit Card
ORD05469,2025-04-29,CUST1843,Smartwatch,Electronics,South,4,6050.59,0.08,22266.16,4283.41,Cash
ORD05470,2024-11-30,CUST4511,Tablet,Electronics,South,4,23979.13,0.04,92079.87,17911.04,Net Banking
ORD05471,2025-11-04,CUST7708,Headphones,Electronics,West,4,2420.86,0.09,8811.92,752.79,Cash
ORD05472,2024-06-20,CUST4837,Printer,Office,South,1,8978.47,0.13,7811.27,1434.48,UPI
ORD05473,2025-06-02,CUST2119,Mouse,Accessories,North,2,722.26,0.05,1372.3,145.17,Net Banking
ORD05474,2025-09-06,CUST7034,Printer,Office,South,3,11256.29,0.24,25664.35,2620.93,UPI
ORD05475,2024-11-02,CUST4765,Tablet,Electronics,West,3,19430.0,0.22,45466.2,5224.23,Cash
ORD05476,2024-06-01,CUST8914,Tablet,Electronics,North,1,24420.77,0.01,24176.56,3725.11,UPI
ORD05477,2025-05-01,CUST7397,Monitor,Electronics,West,1,12159.28,0.14,10456.98,2205.28,Debit Card
ORD05478,2025-11-12,CUST7431,Smartphone,Electronics,West,2,25851.51,0.2,41362.41,6193.14,Net Banking
ORD05479,2025-02-14,CUST8958,Printer,Office,North,4,9893.43,0.06,37199.29,4077.36,Credit Card
ORD05480,2025-02-24,CUST2938,Monitor,Electronics,East,1,13142.82,0.13,11434.25,2593.23,Debit Card
ORD05481,2024-11-06,CUST4055,Smartwatch,Electronics,East,5,7475.03,0.1,33637.62,2052.5,UPI
ORD05482,2025-05-01,CUST9386,Laptop,Electronics,East,4,64781.26,0.05,246168.78,51552.25,Cash
ORD05483,2025-05-14,CUST4096,Mouse,Accessories,East,1,886.41,0.15,753.45,155.87,UPI
ORD05484,2025-07-21,CUST2029,Laptop,Electronics,West,5,57597.11,0.25,215989.17,21752.13,Credit Card
ORD05485,2024-04-01,CUST2504,Webcam,Accessories,West,2,3930.44,0.09,7153.4,641.37,Cash
ORD05486,2025-11-04,CUST1864,Smartwatch,Electronics,North,5,7727.53,0.14,33228.36,7474.39,Net Banking
ORD05487,2025-10-30,CUST3190,Smartwatch,Electronics,North,1,7437.38,0.08,6842.39,1106.92,Net Banking
ORD05488,2025-05-07,CUST1489,Laptop,Electronics,East,3,71198.81,0.22,166605.22,9863.41,UPI
ORD05489,2025-11-18,CUST8127,Printer,Office,East,1,10131.45,0.22,7902.53,1803.09,Debit Card
ORD05490,2024-03-12,CUST6314,Smartphone,Electronics,East,3,31576.46,0.04,90940.21,10894.75,Cash
ORD05491,2024-03-17,CUST6355,Printer,Office,East,2,10181.79,0.22,15883.6,1881.12,Debit Card
ORD05492,2024-02-15,CUST3042,Laptop,Electronics,East,2,62180.86,0.04,119387.24,21329.44,UPI
ORD05493,2025-05-29,CUST6880,Webcam,Accessories,West,4,3572.3,0.02,14003.43,2552.3,Cash
ORD05494,2024-11-29,CUST5882,Printer,Office,West,4,9272.4,0.16,31155.25,3759.29,Net Banking
ORD05495,2024-08-02,CUST9313,Keyboard,Accessories,West,3,1473.13,0.1,3977.44,312.85,Net Banking
ORD05496,2024-03-17,CUST6935,Printer,Office,West,3,9342.33,0.13,24383.47,3912.42,UPI
ORD05497,2025-05-03,CUST4288,Tablet,Electronics,East,2,19511.06,0.16,32778.58,5737.43,Cash
ORD05498,2024-08-18,CUST8113,Monitor,Electronics,West,5,11358.7,0.01,56225.58,12484.58,UPI
ORD05499,2024-02-19,CUST9229,Mouse,Accessories,East,3,884.48,0.07,2467.69,362.47,Net Banking
ORD05500,2025-10-22,CUST2961,Printer,Office,West,3,9643.24,0.12,25458.16,4560.55,Credit Card
ORD05501,2024-04-16,CUST6105,Smartphone,Electronics,West,5,32232.03,0.07,149878.95,9124.9,Debit Card
ORD05502,2025-03-07,CUST4836,Smartphone,Electronics,South,4,27076.78,0.01,107224.05,24544.08,UPI
ORD05503,2025-11-28,CUST5834,Printer,Office,East,4,9773.26,0.02,38311.17,4422.76,Credit Card
ORD05504,2025-05-12,CUST2026,Headphones,Electronics,East,3,2211.14,0.2,5306.74,936.34,Net Banking
ORD05505,2024-01-07,CUST6928,Smartwatch,Electronics,West,4,6241.1,0.23,19222.6,4482.91,UPI
ORD05506,2024-10-18,CUST9863,Printer,Office,North,4,10352.31,0.04,39752.87,8431.79,Net Banking
ORD05507,2024-12-07,CUST5125,Smartwatch,Electronics,East,4,7225.71,0.06,27168.68,4823.55,Net Banking
ORD05508,2024-10-06,CUST1627,Keyboard,Accessories,West,2,1371.02,0.16,2303.31,439.29,UPI
ORD05509,2025-06-19,CUST6286,Laptop,Electronics,East,1,64501.25,0.24,49020.95,11479.78,Credit Card
ORD05510,2024-11-07,CUST4160,Keyboard,Accessories,East,3,1663.49,0.07,4641.13,985.86,UPI
ORD05511,2025-12-25,CUST4767,Printer,Office,North,3,9022.6,0.21,21383.57,3677.37,Net Banking
ORD05512,2025-12-01,CUST6841,Smartphone,Electronics,North,2,25672.89,0.13,44670.84,8118.5,Cash
ORD05513,2025-05-05,CUST7425,Headphones,Electronics,South,1,2614.0,0.24,1986.64,157.85,Net Banking
ORD05514,2024-03-17,CUST1974,Webcam,Accessories,North,1,3031.17,0.03,2940.24,423.49,UPI
ORD05515,2024-05-03,CUST9580,Smartwatch,Electronics,West,2,8007.87,0.24,12171.97,1341.35,Credit Card
ORD05516,2024-10-10,CUST6024,Monitor,Electronics,North,5,12394.63,0.11,55156.12,7522.97,Net Banking
ORD05517,2025-11-02,CUST6452,Smartwatch,Electronics,South,5,6937.83,0.24,26363.76,4810.05,Credit Card
ORD05518,2025-04-26,CUST5714,Tablet,Electronics,West,1,21537.95,0.11,19168.78,1530.25,Credit Card
ORD05519,2024-08-11,CUST9603,Mouse,Accessories,North,5,817.54,0.13,3556.29,190.17,Debit Card
ORD05520,2024-03-18,CUST9598,Printer,Office,South,5,8771.87,0.2,35087.49,4539.79,Credit Card
ORD05521,2025-08-30,CUST9188,Keyboard,Accessories,South,5,1693.51,0.18,6943.39,794.58,Net Banking
ORD05522,2025-07-10,CUST3024,Monitor,Electronics,,1,12452.31,0.15,10584.46,1419.23,Net Banking
ORD05523,2024-03-09,CUST3669,Smartphone,Electronics,North,5,27155.81,0.1,122201.13,28869.31,UPI
ORD05524,2024-04-08,CUST4578,Smartphone,Electronics,South,3,30563.23,0.2,73351.75,14040.76,UPI
ORD05525,2024-03-08,CUST6949,Smartphone,Electronics,West,1,26699.31,0.24,20291.47,2343.5,Credit Card
ORD05526,2024-03-18,CUST4119,Webcam,Accessories,West,2,2993.43,0.0,5986.86,514.01,Cash
ORD05527,2024-05-25,CUST4261,Tablet,Electronics,West,5,22861.41,0.15,97161.0,16876.44,Net Banking
ORD05528,2024-03-15,CUST8790,Smartphone,Electronics,South,4,31336.35,0.22,97769.41,17746.64,Credit Card
ORD05529,2025-05-28,CUST7212,Smartphone,Electronics,South,1,30753.27,0.16,25832.75,3790.3,UPI
ORD05530,2025-10-30,CUST8497,Printer,Office,West,2,9050.45,0.2,14480.72,1340.22,Net Banking
ORD05531,2024-03-27,CUST7638,Tablet,Electronics,South,3,22682.64,0.22,53077.37,2957.0,Debit Card
ORD05532,2024-02-17,CUST2542,Headphones,Electronics,North,2,2167.38,0.19,3511.16,362.11,UPI
ORD05533,2025-07-30,CUST8737,Headphones,Electronics,East,5,2581.93,0.18,10585.91,1497.21,Debit Card
ORD05534,2024-02-11,CUST8669,Tablet,Electronics,South,4,22356.51,0.24,67963.8,14108.39,Net Banking
ORD05535,2024-05-13,CUST4347,Mouse,Accessories,North,5,837.26,0.22,3265.32,720.82,Cash
ORD05536,2025-08-15,CUST9609,Webcam,Accessories,West,2,3915.25,0.2,6264.4,830.58,Credit Card
ORD05537,2024-01-19,CUST6539,Monitor,Electronics,West,1,13261.29,0.02,12996.06,2719.1,Credit Card
ORD05538,2025-11-22,CUST7041,Smartwatch,Electronics,South,4,8009.37,0.06,30115.25,7488.78,Cash
ORD05539,2024-04-29,CUST2184,Printer,Office,East,4,11428.72,0.14,39314.81,7600.42,Credit Card
ORD05540,2024-11-30,CUST3048,Laptop,Electronics,North,2,70310.23,0.18,115308.78,22568.21,Credit Card
ORD05541,2025-06-14,CUST6186,Headphones,Electronics,North,5,2842.31,0.08,13074.65,3032.11,Debit Card
ORD05542,2024-03-10,CUST8714,Tablet,Electronics,West,2,24424.07,0.02,47871.18,5631.03,Credit Card
ORD05543,2025-03-09,CUST9354,Monitor,Electronics,East,4,12819.3,0.08,47175.01,2464.47,Debit Card
ORD05544,2024-07-07,CUST1314,Tablet,Electronics,West,2,19197.54,0.19,31100.01,7694.0,Credit Card
ORD05545,2025-02-06,CUST4680,Smartwatch,Electronics,East,4,6053.0,0.22,18885.37,2796.8,Credit Card
ORD05546,2025-08-28,CUST9716,Monitor,Electronics,North,5,13215.36,0.23,50879.13,10538.87,UPI
ORD05547,2025-10-23,CUST8445,Headphones,Electronics,West,1,2492.24,0.09,2267.94,481.93,Cash
ORD05548,2025-01-21,CUST1592,Smartphone,Electronics,West,1,32831.46,0.09,29876.63,3869.12,UPI
ORD05549,2025-09-27,CUST8082,Tablet,Electronics,West,2,20765.26,0.1,37377.47,5915.16,Credit Card
ORD05550,2024-05-12,CUST2737,Laptop,Electronics,East,4,63004.17,0.09,229335.19,36231.08,Debit Card
ORD05551,2024-08-09,CUST4322,Headphones,Electronics,North,1,2650.14,0.17,2199.62,206.86,Credit Card
ORD05552,2024-03-07,CUST1730,Keyboard,Accessories,East,4,1686.9,0.09,6140.31,451.48,Net Banking
ORD05553,2024-08-18,CUST4692,Laptop,Electronics,West,5,56961.35,0.01,281958.68,44750.92,Net Banking
ORD05554,2025-10-29,CUST5219,Mouse,Accessories,South,2,886.75,0.11,1578.42,116.85,Net Banking
ORD05555,2024-05-29,CUST4142,Webcam,Accessories,South,4,3807.66,0.06,14316.81,1706.82,Net Banking
ORD05556,2024-04-18,CUST4496,Headphones,Electronics,North,2,2361.65,0.01,4676.08,407.83,Credit Card
ORD05557,2025-03-04,CUST3959,Smartphone,Electronics,North,4,28696.95,0.12,101013.26,19332.24,Net Banking
ORD05558,2025-05-09,CUST9519,Headphones,Electronics,North,4,2159.85,0.05,8207.42,1841.76,Cash
ORD05559,2025-09-06,CUST7710,Smartwatch,Electronics,South,5,5983.06,0.11,26624.6,4408.58,Credit Card
ORD05560,2024-03-21,CUST6083,Monitor,Electronics,South,2,11917.22,0.07,22166.03,2926.61,UPI
ORD05561,2025-09-09,CUST9646,Tablet,Electronics,West,3,19330.56,0.15,49292.93,12290.13,Credit Card
ORD05562,2025-06-23,CUST7817,Monitor,Electronics,North,4,10898.41,0.25,32695.22,1773.45,Debit Card
ORD05563,2025-05-02,CUST9928,Monitor,Electronics,East,4,13248.36,0.14,45574.36,5052.75,Cash
ORD05564,2024-01-08,CUST2974,Headphones,Electronics,North,1,2553.27,0.16,2144.75,226.77,Credit Card
ORD05565,2025-04-19,CUST9293,Smartwatch,Electronics,North,2,7280.63,0.23,11212.17,1359.37,UPI
ORD05566,2024-09-10,CUST5033,Tablet,Electronics,West,3,19937.36,0.09,54429.0,5231.67,Debit Card
ORD05567,2025-07-06,CUST8903,Tablet,Electronics,West,5,24169.17,0.04,116012.01,11932.13,Debit Card
ORD05568,2025-05-07,CUST6350,Monitor,Electronics,North,3,13324.73,0.07,37175.99,3774.68,UPI
ORD05569,2025-10-26,CUST6993,Mouse,Accessories,West,5,805.6,0.1,3625.19,547.94,UPI
ORD05570,2025-07-24,CUST7714,Webcam,Accessories,East,3,3933.19,0.16,9911.63,1270.78,UPI
ORD05571,2024-07-23,CUST1808,Smartwatch,Electronics,South,3,7724.14,0.0,23172.42,4121.35,UPI
ORD05572,2024-06-15,CUST2241,Mouse,Accessories,East,2,855.52,0.21,1351.72,206.65,Net Banking
ORD05573,2024-11-22,CUST8086,Printer,Office,South,1,10702.23,0.02,10488.18,909.16,Cash
ORD05574,2025-12-26,CUST4732,Printer,Office,West,3,8816.18,0.23,20365.38,4317.64,UPI
ORD05575,2024-08-12,CUST2392,Laptop,Electronics,South,4,60531.3,0.24,184015.16,26578.97,Net Banking
ORD05576,2025-03-05,CUST3186,Monitor,Electronics,East,4,10440.65,0.25,31321.95,2526.0,Credit Card
ORD05577,2025-04-23,CUST4414,Tablet,Electronics,South,4,18757.3,0.2,60023.35,5004.5,Debit Card
ORD05578,2024-04-18,CUST6142,Headphones,Electronics,East,1,2243.73,0.04,2153.98,451.03,Credit Card
ORD05579,2025-02-20,CUST8738,Tablet,Electronics,South,3,24511.22,0.18,60297.59,11492.64,Credit Card
ORD05580,2025-01-07,CUST4672,Tablet,Electronics,West,5,20283.17,0.05,96345.05,14577.54,Net Banking
ORD05581,2024-10-04,CUST2733,Smartphone,Electronics,North,5,34231.39,0.22,133502.4,14847.64,Net Banking
ORD05582,2025-02-14,CUST9305,Tablet,Electronics,South,2,22642.12,0.08,41661.5,5920.28,UPI
ORD05583,2024-07-09,CUST2904,Laptop,Electronics,East,1,59876.54,0.08,55086.42,9766.64,UPI
ORD05584,2025-10-28,CUST3587,Mouse,Accessories,West,3,799.31,0.23,1846.41,417.02,Net Banking
ORD05585,2024-01-21,CUST8406,Printer,Office,South,4,9157.28,0.0,36629.14,5903.65,Cash
ORD05586,2025-11-05,CUST2308,Tablet,Electronics,West,1,25194.23,0.05,23934.51,2521.43,UPI
ORD05587,2024-09-06,CUST8571,Tablet,Electronics,North,1,24291.95,0.11,21619.83,1265.8,Credit Card
ORD05588,2025-07-12,CUST8864,Smartphone,Electronics,East,3,25736.15,0.18,63310.93,5387.19,UPI
ORD05589,2025-07-15,CUST5747,Smartwatch,Electronics,North,2,7940.33,0.16,13339.75,2401.63,UPI
ORD05590,2025-01-09,CUST5551,Headphones,Electronics,West,2,2665.8,0.17,4425.23,363.26,Cash
ORD05591,2025-10-11,CUST7822,Smartwatch,Electronics,North,2,6123.0,0.22,9551.88,1397.52,Net Banking
ORD05592,2025-09-14,CUST4284,Headphones,Electronics,West,4,2627.98,0.03,10196.56,1935.21,Cash
ORD05593,2024-10-10,CUST5507,Webcam,Accessories,North,4,3654.27,0.13,12716.87,1419.77,UPI
ORD05594,2025-11-11,CUST1910,Tablet,Electronics,East,3,20144.01,0.18,49554.25,9109.12,Cash
ORD05595,2025-12-01,CUST2979,Smartphone,Electronics,South,2,32326.02,0.16,54307.71,9026.72,UPI
ORD05596,2025-07-16,CUST1550,Keyboard,Accessories,North,3,1314.18,0.11,3508.86,483.48,Cash
ORD05597,2025-06-03,CUST6733,Monitor,Electronics,East,2,11962.0,0.0,23924.01,5489.34,Debit Card
ORD05598,2025-03-17,CUST4542,Printer,Office,South,1,8529.77,0.02,8359.17,1574.97,Debit Card
ORD05599,2025-03-20,CUST4181,Mouse,Accessories,West,5,912.5,0.03,4425.61,540.45,UPI
ORD05600,2025-02-20,CUST5871,Printer,Office,South,5,10754.69,0.09,48933.84,10317.84,Cash
ORD05601,2025-06-14,CUST7953,Mouse,Accessories,West,2,718.12,0.03,1393.16,275.32,UPI
ORD05602,2025-06-25,CUST9634,Webcam,Accessories,East,3,3333.76,0.11,8901.13,1854.43,Cash
ORD05603,2025-04-06,CUST2358,Smartwatch,Electronics,East,4,6287.18,0.04,24142.78,4302.03,Net Banking
ORD05604,2024-05-21,CUST3893,Laptop,Electronics,South,2,70199.04,0.19,113722.45,14314.71,Cash
ORD05605,2024-04-25,CUST1915,Tablet,Electronics,South,2,19088.72,0.22,29778.4,3564.94,Cash
ORD05606,2024-04-16,CUST4644,Keyboard,Accessories,West,4,1653.18,0.1,5951.46,1076.2,UPI
ORD05607,2025-06-29,CUST1543,Mouse,Accessories,North,2,906.13,0.13,1576.66,120.11,Cash
ORD05608,2024-06-26,CUST1644,Monitor,Electronics,South,1,12635.86,0.24,9603.25,2054.93,UPI
ORD05609,2024-02-01,CUST4832,Mouse,Accessories,North,4,731.11,0.13,2544.27,315.66,UPI
ORD05610,2024-10-24,CUST9214,Laptop,Electronics,West,1,62271.76,0.25,46703.82,8223.35,Credit Card
ORD05611,2024-06-09,CUST1143,Printer,Office,North,5,9931.72,0.04,47672.25,7141.91,UPI
ORD05612,2025-02-15,CUST5679,Smartphone,Electronics,South,4,30941.62,0.22,96537.86,14853.83,Cash
ORD05613,2025-09-17,CUST4296,Printer,Office,East,4,10505.99,0.12,36981.08,7307.51,Debit Card
ORD05614,2025-02-26,CUST2071,Webcam,Accessories,South,3,3556.93,0.01,10564.07,1852.24,Net Banking
ORD05615,2024-04-03,CUST7548,Smartphone,Electronics,North,3,28661.83,0.24,65348.96,6538.93,Cash
ORD05616,2025-06-26,CUST7909,Printer,Office,South,4,11172.75,0.24,33965.17,2202.48,Cash
ORD05617,2024-05-31,CUST2552,Monitor,Electronics,South,5,10493.01,0.1,47218.55,10295.85,Cash
ORD05618,2025-04-06,CUST5336,Printer,Office,East,2,9898.77,0.24,15046.13,3415.15,Credit Card
ORD05619,2024-12-21,CUST2970,Monitor,Electronics,North,3,12992.03,0.04,37417.06,3101.85,Debit Card
ORD05620,2025-06-19,CUST7210,Monitor,Electronics,North,5,10419.14,0.17,43239.44,4838.29,Cash
ORD05621,2024-08-05,CUST5873,Smartphone,Electronics,North,5,31848.02,0.05,151278.08,16106.35,UPI
ORD05622,2024-12-19,CUST2028,Smartwatch,Electronics,North,3,7671.39,0.06,21633.33,5137.69,Debit Card
ORD05623,2025-07-30,CUST5077,Headphones,Electronics,East,2,2620.62,0.19,4245.41,386.14,Debit Card
ORD05624,2025-12-27,CUST6878,Tablet,Electronics,West,3,18785.38,0.09,51284.1,4272.37,Cash
ORD05625,2025-02-04,CUST7191,Mouse,Accessories,West,5,723.23,0.0,3616.16,312.32,UPI
ORD05626,2024-04-09,CUST3381,Headphones,Electronics,East,1,2381.58,0.1,2143.43,420.06,Debit Card
ORD05627,2025-02-24,CUST1135,Laptop,Electronics,North,3,59806.96,0.06,168655.62,38386.69,Net Banking
ORD05628,2024-11-01,CUST5614,Smartwatch,Electronics,South,5,7971.57,0.17,33082.01,4256.78,UPI
ORD05629,2024-09-06,CUST8650,Headphones,Electronics,North,3,2613.7,0.05,7449.03,575.18,Debit Card
ORD05630,2025-03-04,CUST4359,Smartphone,Electronics,West,5,28172.74,0.21,111282.32,18600.22,Debit Card
ORD05631,2024-10-02,CUST9533,Laptop,Electronics,South,2,73379.1,0.07,136485.13,12554.86,UPI
ORD05632,2024-11-10,CUST4349,Keyboard,Accessories,West,5,1608.27,0.1,7237.2,454.72,Credit Card
ORD05633,2024-11-10,CUST4801,Smartwatch,Electronics,North,4,6547.68,0.07,24357.35,5535.12,UPI
ORD05634,2024-03-30,CUST7770,Headphones,Electronics,West,1,2409.16,0.16,2023.7,453.65,Net Banking
ORD05635,2025-01-29,CUST9476,Laptop,Electronics,East,5,59138.86,0.03,286823.48,70323.96,Credit Card
ORD05636,2025-03-14,CUST8390,Keyboard,Accessories,East,3,1711.98,0.12,4519.64,654.45,Cash
ORD05637,2024-09-07,CUST2724,Printer,Office,North,3,10051.89,0.08,27743.21,3018.47,Credit Card
ORD05638,2025-07-30,CUST9568,Laptop,Electronics,South,5,72723.11,0.22,283620.11,57846.24,Net Banking
ORD05639,2024-08-23,CUST1052,Smartphone,Electronics,South,4,28618.5,0.02,112184.51,9658.97,Net Banking
ORD05640,2024-03-17,CUST1327,Printer,Office,South,5,11082.52,0.21,43775.97,4318.87,Net Banking
ORD05641,2025-07-23,CUST1638,Smartphone,Electronics,East,2,25984.98,0.04,49891.16,5045.82,Debit Card
ORD05642,2024-04-09,CUST8285,Headphones,Electronics,South,4,2861.57,0.02,11217.35,2695.8,Credit Card
ORD05643,2025-04-05,CUST6699,Tablet,Electronics,West,5,24719.43,0.05,117417.28,23009.63,Net Banking
ORD05644,2025-02-01,CUST8657,Headphones,Electronics,West,1,2397.4,0.03,2325.48,178.45,Credit Card
ORD05645,2024-09-01,CUST5601,Printer,Office,South,4,10824.17,0.13,37668.1,2582.87,Credit Card
ORD05646,2025-01-15,CUST5963,Monitor,Electronics,South,5,12908.13,0.25,48405.48,10579.65,Cash
ORD05647,2024-02-21,CUST6063,Headphones,Electronics,East,1,2800.94,0.01,2772.93,583.58,Cash
ORD05648,2024-06-10,CUST9750,Printer,Office,North,5,9421.76,0.12,41455.77,7636.11,Cash
ORD05649,2024-07-09,CUST5035,Laptop,Electronics,East,2,64327.64,0.1,115789.75,10330.78,Debit Card
ORD05650,2024-05-01,CUST7797,Webcam,Accessories,East,3,3883.25,0.08,10717.77,1565.4,Debit Card
ORD05651,2025-02-14,CUST9200,Headphones,Electronics,North,5,2708.93,0.08,12461.1,2125.18,Cash
ORD05652,2024-10-20,CUST6531,Laptop,Electronics,West,4,62922.6,0.22,196318.52,46415.1,Net Banking
ORD05653,2024-09-02,CUST3571,Smartphone,Electronics,North,5,33111.53,0.0,165557.64,13887.76,UPI
ORD05654,2024-07-02,CUST6723,Smartwatch,Electronics,South,5,6048.6,0.19,24496.84,3750.21,Debit Card
ORD05655,2025-03-24,CUST1276,Tablet,Electronics,West,5,23861.51,0.06,112149.08,9145.79,UPI
ORD05656,2024-12-11,CUST7582,Smartphone,Electronics,West,5,27360.89,0.1,123124.02,17085.9,Debit Card
ORD05657,2024-06-16,CUST7963,Smartphone,Electronics,South,4,28075.09,0.11,99947.31,8997.96,Credit Card
ORD05658,2025-09-07,CUST2817,Printer,Office,North,4,9979.64,0.08,36725.09,7978.06,Net Banking
ORD05659,2025-02-08,CUST6909,Monitor,Electronics,South,5,11819.04,0.02,57913.32,5846.19,Debit Card
ORD05660,2025-02-19,CUST1434,Mouse,Accessories,West,3,804.94,0.03,2342.37,312.52,Credit Card
ORD05661,2025-08-23,CUST2267,Webcam,Accessories,North,5,3547.01,,16493.62,2169.86,Net Banking
ORD05662,2025-06-07,CUST8716,Monitor,Electronics,West,4,11393.5,0.21,36003.46,8038.1,Debit Card
ORD05663,2025-08-23,CUST7887,Printer,Office,West,2,9025.68,0.03,17509.82,3529.27,Net Banking
ORD05664,2025-10-27,CUST7988,Tablet,Electronics,South,5,23771.98,0.19,96276.5,5922.46,Debit Card
ORD05665,2024-02-05,CUST7052,Webcam,Accessories,East,5,3394.97,0.07,15786.63,1001.15,Cash
ORD05666,2024-01-16,CUST5109,Webcam,Accessories,South,5,3506.13,0.22,13673.92,2191.1,Debit Card
ORD05667,2024-07-24,CUST8150,Printer,Office,West,5,10434.09,0.11,46431.7,6293.53,Debit Card
ORD05668,2025-05-08,CUST2158,Keyboard,Accessories,North,1,1684.34,0.04,1616.96,169.97,Credit Card
ORD05669,2025-11-04,CUST6498,Smartphone,Electronics,North,5,31867.98,0.25,119504.91,24919.66,Cash
ORD05670,2025-12-12,CUST1566,Smartwatch,Electronics,East,4,6045.46,0.04,23214.58,1757.97,UPI
ORD05671,2025-02-26,CUST5897,Keyboard,Accessories,South,4,1652.35,0.14,5684.09,1391.53,Net Banking
ORD05672,2024-07-23,CUST1126,Printer,Office,West,1,11468.07,0.14,9862.54,540.67,UPI
ORD05673,2024-06-05,CUST6114,Keyboard,Accessories,North,5,1487.62,0.09,6768.66,498.49,UPI
ORD05674,2025-02-18,CUST7055,Smartwatch,Electronics,South,3,7986.14,0.24,18208.4,2044.14,Cash
ORD05675,2024-10-25,CUST2867,Printer,Office,North,5,10141.99,0.21,40060.85,6082.43,Cash
ORD05676,2024-01-19,CUST4683,Printer,Office,West,4,9878.85,0.21,31217.16,2910.29,Cash
ORD05677,2025-05-13,CUST4230,Webcam,Accessories,South,2,3322.98,0.24,5050.92,996.26,Credit Card
ORD05678,2024-05-17,CUST2558,Keyboard,Accessories,West,2,1570.9,0.11,2796.2,339.76,Credit Card
ORD05679,2025-07-21,CUST1738,Laptop,Electronics,East,3,59731.5,0.02,175610.6,10134.08,Net Banking
ORD05680,2025-11-30,CUST1078,Headphones,Electronics,West,5,2203.7,0.19,8924.99,2012.98,Cash
ORD05681,2024-02-12,CUST4163,Printer,Office,West,1,8581.71,0.1,7723.54,1844.17,UPI
ORD05682,2024-10-30,CUST3187,Keyboard,Accessories,South,5,1406.57,0.05,6681.21,1160.61,Net Banking
ORD05683,2024-10-22,CUST1266,Mouse,Accessories,West,3,774.98,0.12,2045.96,432.33,Credit Card
ORD05684,2024-10-16,CUST8218,Tablet,Electronics,West,3,22343.71,0.23,51613.96,3830.91,Debit Card
ORD05685,2024-12-31,CUST9420,Mouse,Accessories,South,3,750.26,0.04,2160.75,224.21,Debit Card
ORD05686,2025-09-16,CUST2392,Keyboard,Accessories,North,2,1717.83,0.21,2714.17,312.25,Net Banking
ORD05687,2025-01-03,CUST3604,Smartphone,Electronics,South,5,28125.71,0.1,126565.68,30647.96,Credit Card
ORD05688,2024-05-08,CUST6218,Smartphone,Electronics,North,5,29468.78,0.03,142923.58,21787.92,Net Banking
ORD05689,2024-10-01,CUST1596,Keyboard,Accessories,North,1,1321.47,0.21,1043.96,53.75,Credit Card
ORD05690,2024-09-13,CUST9920,Webcam,Accessories,South,3,3248.66,0.24,7406.94,933.55,Cash
ORD05691,2025-01-10,CUST8976,Webcam,Accessories,North,3,3025.75,0.07,8441.84,435.18,Debit Card
ORD05692,2024-03-28,CUST2921,Printer,Office,East,4,10178.53,0.08,37456.98,3654.35,UPI
ORD05693,2024-08-03,CUST3624,Smartwatch,Electronics,South,4,7527.24,0.1,27098.05,3819.2,Cash
ORD05694,2024-12-24,CUST9846,Headphones,Electronics,East,2,2271.78,0.2,3634.85,416.84,UPI
ORD05695,2025-04-25,CUST2974,Printer,Office,South,5,9603.73,0.0,48018.66,2715.3,Net Banking
ORD05696,2024-10-10,CUST8509,Mouse,Accessories,West,1,683.99,0.06,642.95,47.11,Debit Card
ORD05697,2024-04-16,CUST4091,Headphones,Electronics,North,1,2754.64,0.18,2258.81,361.81,UPI
ORD05698,2025-04-27,CUST9524,Mouse,Accessories,East,3,867.19,0.1,2341.42,442.81,Net Banking
ORD05699,2024-01-24,CUST9486,Webcam,Accessories,East,1,3041.42,0.08,2798.1,366.3,Credit Card
ORD05700,2024-08-19,CUST4742,Keyboard,Accessories,West,3,1439.19,0.22,3367.71,661.07,Cash
ORD05701,2024-02-13,CUST3610,Smartwatch,Electronics,North,5,7956.1,0.23,30630.99,2532.16,Credit Card
ORD05702,2025-01-20,CUST6815,Mouse,Accessories,South,1,774.09,0.24,588.31,43.78,Cash
ORD05703,2025-04-25,CUST9032,Webcam,Accessories,South,3,3527.52,0.07,9841.78,2144.43,Debit Card
ORD05704,2024-03-18,CUST4868,Smartwatch,Electronics,South,5,6696.01,0.23,25779.64,3037.94,UPI
ORD05705,2024-11-13,CUST1249,Printer,Office,South,5,10288.39,0.18,42182.42,5755.77,Credit Card
ORD05706,2024-05-22,CUST8892,Keyboard,Accessories,East,3,1715.17,0.04,4939.69,1183.14,Credit Card
ORD05707,2025-12-27,CUST1300,Tablet,Electronics,North,3,25283.52,0.15,64472.97,8692.4,UPI
ORD05708,2025-05-30,CUST6125,Smartphone,Electronics,West,2,32472.43,0.01,64295.42,3259.65,UPI
ORD05709,2024-07-30,CUST5317,Monitor,Electronics,West,5,11655.52,0.18,47787.63,11354.07,Net Banking
ORD05710,2025-12-11,CUST7456,Smartwatch,Electronics,West,3,6988.31,0.18,17191.24,908.11,Cash
ORD05711,2025-05-27,CUST5443,Tablet,Electronics,North,5,21054.43,0.2,84217.71,15366.13,Net Banking
ORD05712,2024-11-20,CUST9882,Tablet,Electronics,East,1,25204.79,0.04,24196.6,2772.4,Credit Card
ORD05713,2025-06-09,CUST7234,Smartwatch,Electronics,North,4,7436.3,0.16,24985.96,3599.93,UPI
ORD05714,2024-08-09,CUST9102,Tablet,Electronics,North,4,21662.95,0.04,83185.72,13264.55,Debit Card
ORD05715,2025-04-30,CUST4918,Mouse,Accessories,North,3,682.91,0.24,1557.03,205.05,Credit Card
ORD05716,2025-03-30,CUST2194,Tablet,Electronics,West,3,22135.19,0.17,55116.62,11291.95,Credit Card
ORD05717,2024-04-17,CUST1293,Webcam,Accessories,East,5,4008.12,0.02,19639.81,4637.77,Cash
ORD05718,2025-05-01,CUST3239,Headphones,Electronics,East,3,2517.3,0.05,7174.29,482.7,Net Banking
ORD05719,2025-01-04,CUST3853,Mouse,Accessories,North,5,723.78,0.17,3003.7,630.93,Cash
ORD05720,2025-09-21,CUST9222,Tablet,Electronics,East,3,18845.82,0.12,49752.96,3768.0,Credit Card
ORD05721,2025-01-27,CUST5877,Printer,Office,East,5,9564.11,0.18,39212.86,2590.22,UPI
ORD05722,2024-04-28,CUST6623,Smartphone,Electronics,East,3,33764.05,0.07,94201.71,22718.28,Debit Card
ORD05723,2025-05-23,CUST9190,Keyboard,Accessories,South,2,1723.45,0.16,2895.39,428.11,Cash
ORD05724,2024-12-19,CUST6217,Tablet,Electronics,West,5,24939.43,0.04,119709.26,9639.07,Credit Card
ORD05725,2025-07-10,CUST5147,Laptop,Electronics,East,2,69473.69,0.14,119494.75,19596.11,Net Banking
ORD05726,2025-09-29,CUST8510,Smartphone,Electronics,West,2,30523.28,0.24,46395.39,4762.37,Cash
ORD05727,2025-10-08,CUST3857,Printer,Office,South,2,10272.06,0.16,17257.06,2465.37,Credit Card
ORD05728,2024-11-08,CUST5445,Webcam,Accessories,North,2,3540.94,0.01,7011.06,1226.46,Net Banking
ORD05729,2024-03-04,CUST6137,Tablet,Electronics,North,1,23366.53,0.25,17524.89,3923.02,Net Banking
ORD05730,2024-09-14,CUST7373,Webcam,Accessories,North,4,3414.82,0.04,13112.9,663.73,Debit Card
ORD05731,2024-01-06,CUST9905,Tablet,Electronics,West,1,23116.75,0.18,18955.73,1759.63,UPI
ORD05732,2024-11-12,CUST8723,Monitor,Electronics,East,3,10637.8,0.13,27764.67,1922.82,Debit Card
ORD05733,2025-02-21,CUST1609,Headphones,Electronics,South,3,2324.27,0.07,6484.72,450.17,Net Banking
ORD05734,2024-01-17,CUST2504,Webcam,Accessories,East,4,3852.8,0.04,14794.76,3538.25,Cash
ORD05735,2024-10-08,CUST6531,Headphones,Electronics,West,4,2802.81,0.04,10762.8,2553.11,UPI
ORD05736,2025-02-07,CUST7531,Smartphone,Electronics,North,4,30351.07,0.21,95909.39,19168.61,Net Banking
ORD05737,2025-07-06,CUST9846,Monitor,Electronics,South,2,10313.89,0.22,16089.67,2873.82,UPI
ORD05738,2025-03-17,CUST7145,Keyboard,Accessories,East,1,1692.14,0.12,1489.08,326.99,Cash
ORD05739,2024-12-31,CUST3939,Mouse,Accessories,East,3,848.5,0.03,2469.12,152.3,Credit Card
ORD05740,2024-12-20,CUST1150,Headphones,Electronics,North,1,2435.52,0.22,1899.71,140.38,Credit Card
ORD05741,2024-12-20,CUST9944,Monitor,Electronics,East,1,12354.16,0.12,10871.66,1233.09,Net Banking
ORD05742,2024-11-05,CUST8585,Headphones,Electronics,East,1,2447.33,0.11,2178.12,471.56,Net Banking
ORD05743,2025-02-16,CUST6772,Smartwatch,Electronics,North,4,6927.21,0.1,24937.96,3602.2,Debit Card
ORD05744,2024-08-19,CUST2191,Printer,Office,West,4,11160.43,0.09,40623.96,6122.64,Net Banking
ORD05745,2025-04-05,CUST8177,Keyboard,Accessories,West,3,1347.49,0.13,3516.94,337.11,Credit Card
ORD05746,2024-03-30,CUST5995,Printer,Office,South,3,8811.01,0.15,22468.07,4037.01,Credit Card
ORD05747,2024-05-29,CUST4409,Tablet,Electronics,East,3,18718.01,0.12,49415.55,11245.42,Debit Card
ORD05748,2025-08-06,CUST2890,Headphones,Electronics,West,1,2360.5,0.22,1841.19,213.4,Cash
ORD05749,2025-03-30,CUST1110,Tablet,Electronics,North,4,19672.93,0.08,72396.39,12585.18,UPI
ORD05750,2025-01-23,CUST7323,Laptop,Electronics,West,2,59539.72,0.14,102408.31,11919.28,Credit Card
ORD05751,2024-11-03,CUST1976,Headphones,Electronics,East,1,2133.43,0.07,1984.09,413.77,UPI
ORD05752,2024-09-13,CUST8943,Monitor,Electronics,South,5,11017.9,0.19,44622.51,6469.9,Net Banking
ORD05753,2025-07-10,CUST5276,Keyboard,Accessories,South,1,1424.72,0.03,1381.98,162.93,Net Banking
ORD05754,2025-01-08,CUST3133,Tablet,Electronics,West,4,18908.35,0.05,71851.71,9628.83,Cash
ORD05755,2025-07-05,CUST2706,Headphones,Electronics,North,5,2580.93,0.2,10323.71,704.55,UPI
ORD05756,2024-07-10,CUST2629,Laptop,Electronics,North,1,66341.61,0.05,63024.53,14068.55,Credit Card
ORD05757,2025-06-06,CUST6042,Printer,Office,East,4,8791.11,0.16,29538.12,7136.82,Debit Card
ORD05758,2025-01-16,CUST8230,Monitor,Electronics,West,4,12342.04,0.24,37519.79,5458.49,Credit Card
ORD05759,2025-03-11,CUST8747,Smartwatch,Electronics,North,2,8047.17,0.13,14002.08,1319.94,UPI
ORD05760,2024-05-14,CUST4724,Headphones,Electronics,North,1,2833.35,0.05,2691.68,492.39,UPI
ORD05761,2024-06-27,CUST6765,Smartwatch,Electronics,North,4,5955.61,0.08,21916.64,3078.77,Credit Card
ORD05762,2024-08-08,CUST5264,Smartphone,Electronics,West,3,32658.4,0.21,77400.42,7775.65,Credit Card
ORD05763,2024-08-09,CUST5412,Keyboard,Accessories,East,4,1434.12,0.09,5220.21,301.14,Cash
ORD05764,2025-07-04,CUST3451,Headphones,Electronics,North,2,2172.74,0.18,3563.29,812.22,Net Banking
ORD05765,2025-07-09,CUST1212,Webcam,Accessories,South,4,3285.78,0.19,10645.93,2228.69,Cash
ORD05766,2024-11-08,CUST1633,Laptop,Electronics,West,1,61523.86,0.13,53525.76,11550.92,Credit Card
ORD05767,2024-10-21,CUST7017,Tablet,Electronics,West,1,22153.41,0.2,17722.73,2445.17,Credit Card
ORD05768,2025-10-21,CUST8913,Webcam,Accessories,West,5,3669.14,0.08,16878.03,3386.6,Debit Card
ORD05769,2025-06-17,CUST9863,Smartphone,Electronics,North,1,32241.5,0.13,28050.11,4663.19,Net Banking
ORD05770,2024-06-05,CUST3170,Keyboard,Accessories,East,5,1385.66,0.17,5750.47,718.55,Debit Card
ORD05771,2025-03-27,CUST2045,Printer,Office,East,3,9465.31,0.04,27260.1,5957.65,Net Banking
ORD05772,2024-01-03,CUST4289,Monitor,Electronics,South,2,11310.17,0.07,21036.92,5254.0,Net Banking
ORD05773,2024-07-19,CUST3600,Smartwatch,Electronics,South,3,6711.75,0.16,16913.6,3887.7,UPI
ORD05774,2025-01-23,CUST1876,Smartphone,Electronics,East,5,34496.91,0.16,144887.01,29736.38,Net Banking
ORD05775,2024-11-18,CUST1393,Tablet,Electronics,East,4,23834.43,0.12,83897.18,16737.62,Credit Card
ORD05776,2024-12-10,CUST7700,Monitor,Electronics,East,4,13709.97,0.2,43871.89,7899.12,Net Banking
ORD05777,2025-02-19,CUST3571,Printer,Office,West,3,10579.33,0.12,27929.44,6164.68,Cash
ORD05778,2024-04-06,CUST2768,Tablet,Electronics,West,4,21381.39,0.22,66709.93,9914.18,UPI
ORD05779,2025-09-12,CUST1232,Laptop,Electronics,East,5,62850.01,0.18,257685.05,22250.05,Debit Card
ORD05780,2025-06-24,CUST4569,Smartwatch,Electronics,South,2,6976.02,0.08,12835.88,2613.51,Net Banking
ORD05781,2024-12-24,CUST6905,Webcam,Accessories,East,1,3412.71,0.1,3071.44,718.41,Debit Card
ORD05782,2024-04-18,CUST1831,Headphones,Electronics,South,5,2746.24,0.17,11396.92,1347.92,Credit Card
ORD05783,2025-03-25,CUST9278,Smartphone,Electronics,West,5,29685.02,0.22,115771.57,23918.02,Debit Card
ORD05784,2025-06-06,CUST8040,Headphones,Electronics,East,1,2346.71,0.04,2252.84,235.97,Net Banking
ORD05785,2024-04-04,CUST7836,Monitor,Electronics,South,1,12989.5,0.13,11300.86,2695.48,Debit Card
ORD05786,2024-05-11,CUST6348,Headphones,Electronics,East,2,2765.82,0.03,5365.68,1001.73,Credit Card
ORD05787,2025-08-27,CUST8761,Webcam,Accessories,West,2,3416.45,0.07,6354.6,1041.23,Net Banking
ORD05788,2025-07-19,CUST9684,Mouse,Accessories,West,2,840.27,0.17,1394.85,287.3,Debit Card
ORD05789,2024-08-29,CUST6659,Monitor,Electronics,West,4,10411.7,0.02,40813.85,8678.91,Debit Card
ORD05790,2025-01-11,CUST9213,Smartwatch,Electronics,North,5,7061.88,0.17,29306.79,6695.84,Credit Card
ORD05791,2024-07-13,CUST4877,Tablet,Electronics,West,1,18996.88,0.23,14627.59,3367.62,Cash
ORD05792,2024-09-14,CUST4382,Smartwatch,Electronics,East,5,6011.3,0.24,22842.94,1382.87,Cash
ORD05793,2024-10-30,CUST1344,Headphones,Electronics,South,5,2584.69,0.05,12277.29,915.66,UPI
ORD05794,2025-05-15,CUST6999,Keyboard,Accessories,East,2,1411.5,0.19,2286.63,492.11,Credit Card
ORD05795,2025-08-02,CUST2160,Monitor,Electronics,East,2,12873.13,0.23,19824.63,4742.26,Cash
ORD05796,2024-07-08,CUST1483,Tablet,Electronics,North,5,24614.14,0.02,120609.31,13452.08,Debit Card
ORD05797,2025-10-01,CUST5017,Printer,Office,East,2,8918.17,0.1,16052.71,830.25,Credit Card
ORD05798,2024-12-04,CUST2828,Laptop,Electronics,North,4,69378.2,0.23,213684.84,24475.68,Debit Card
ORD05799,2024-01-19,CUST7720,Smartwatch,Electronics,East,1,7030.49,0.05,6678.97,845.38,Debit Card
ORD05800,2025-11-14,CUST1315,Smartwatch,Electronics,North,5,6185.45,0.23,23813.98,4815.35,UPI
ORD05801,2025-02-18,CUST5862,Monitor,Electronics,West,1,12545.73,0.13,10914.79,649.61,UPI
ORD05802,2024-03-02,CUST3329,Keyboard,Accessories,North,4,1549.26,0.02,6073.1,561.93,Net Banking
ORD05803,2024-03-07,CUST5470,Headphones,Electronics,North,2,2511.73,0.11,4470.88,1022.91,Credit Card
ORD05804,2025-12-23,CUST3100,Headphones,Electronics,East,3,2819.85,0.08,7782.8,630.13,Cash
ORD05805,2024-06-23,CUST1808,Monitor,Electronics,West,4,12075.89,0.07,44922.3,9067.55,UPI
ORD05806,2025-01-15,CUST5611,Smartwatch,Electronics,North,3,8030.08,0.14,20717.61,2532.98,Credit Card
ORD05807,2025-06-02,CUST9705,Tablet,Electronics,East,1,22060.91,0.12,19413.6,3543.6,UPI
ORD05808,2024-08-20,CUST3338,Laptop,Electronics,South,5,57509.11,0.12,253040.1,16389.23,Cash
ORD05809,2025-12-11,CUST9186,Monitor,Electronics,East,2,11893.7,0.02,23311.65,2501.61,UPI
ORD05810,2025-06-17,CUST6024,Tablet,Electronics,East,4,19903.37,0.2,63690.78,8595.58,Net Banking
ORD05811,2024-12-15,CUST5580,Tablet,Electronics,South,2,22641.08,0.12,39848.3,8824.11,Credit Card
ORD05812,2024-05-04,CUST2896,Printer,Office,North,3,10579.4,0.21,25073.17,4079.38,Credit Card
ORD05813,2025-08-07,CUST8601,Webcam,Accessories,East,3,3466.86,0.21,8216.45,485.14,Debit Card
ORD05814,2025-11-28,CUST3700,Mouse,Accessories,East,5,703.45,0.08,3235.86,680.74,Net Banking
ORD05815,2024-02-07,CUST8282,,Electronics,East,3,64388.51,0.0,193165.52,11764.61,UPI
ORD05816,2024-09-04,CUST2138,Smartphone,Electronics,West,5,26233.09,0.23,100997.39,23923.59,Debit Card
ORD05817,2025-08-10,CUST1123,Keyboard,Accessories,,4,1581.96,0.19,5125.54,473.31,UPI
ORD05818,2024-05-20,CUST2626,Mouse,Accessories,West,5,869.69,0.03,4217.99,622.51,Net Banking
ORD05819,2024-04-06,CUST2584,Printer,Office,North,3,11387.14,0.18,28012.37,1805.57,Debit Card
ORD05820,2025-10-16,CUST4458,Laptop,Electronics,South,1,58151.64,0.01,57570.12,9346.08,Cash
ORD05821,2025-08-14,CUST5368,Headphones,Electronics,East,5,2524.32,0.01,12495.36,1867.38,Credit Card
ORD05822,2024-09-12,CUST5760,Mouse,Accessories,West,2,816.21,0.13,1420.2,187.54,Net Banking
ORD05823,2024-12-19,CUST2405,Headphones,Electronics,South,1,2816.86,0.02,2760.52,157.67,Net Banking
ORD05824,2025-04-19,CUST2244,Keyboard,Accessories,North,5,1557.27,0.24,5917.64,1336.13,UPI
ORD05825,2025-06-10,CUST6892,Headphones,Electronics,North,2,2234.13,0.22,3485.25,733.74,Cash
ORD05826,2025-01-02,CUST1198,Keyboard,Accessories,South,1,1471.36,0.16,1235.94,218.27,Cash
ORD05827,2025-06-18,CUST3130,Laptop,Electronics,North,5,68017.87,0.02,333287.56,54807.8,Net Banking
ORD05828,2024-09-21,CUST6622,Smartwatch,Electronics,East,4,7420.6,0.08,27307.8,5160.88,Net Banking
ORD05829,2025-11-02,CUST2330,Keyboard,Accessories,North,2,1663.38,0.09,3027.36,238.55,Credit Card
ORD05830,2024-10-31,CUST4344,Tablet,Electronics,North,4,19891.35,0.12,70017.54,16561.17,Cash
ORD05831,2025-08-30,CUST6757,Smartphone,Electronics,South,3,34063.88,0.04,98103.97,10490.71,Net Banking
ORD05832,2025-03-04,CUST4132,Smartphone,Electronics,North,5,26032.25,0.14,111938.7,20294.27,Credit Card
ORD05833,2024-10-14,CUST5442,Monitor,Electronics,North,5,13741.54,0.11,61149.87,10478.1,UPI
ORD05834,2024-10-19,CUST7174,Smartphone,Electronics,South,2,33219.9,0.24,50494.25,8953.78,Cash
ORD05835,2024-02-06,CUST4598,Monitor,Electronics,East,5,12576.98,0.23,48421.38,10933.08,Debit Card
ORD05836,2025-11-05,CUST2344,Smartphone,Electronics,South,3,32114.96,0.14,82856.6,9046.47,Debit Card
ORD05837,2024-10-27,CUST5840,Keyboard,Accessories,East,5,1307.71,0.16,5492.39,1097.32,Net Banking
ORD05838,2024-05-15,CUST5928,Tablet,Electronics,East,1,18973.77,0.03,18404.55,3122.85,Net Banking
ORD05839,2025-05-02,CUST6919,Smartwatch,Electronics,West,4,6163.71,0.06,23175.54,1511.33,Credit Card
ORD05840,2024-08-28,CUST4311,Headphones,Electronics,South,3,2190.52,0.23,5060.1,672.14,Net Banking
ORD05841,2024-06-23,CUST6269,Printer,Office,South,3,10142.14,0.17,25253.94,5495.01,Net Banking
ORD05842,2025-09-21,CUST1428,Smartphone,Electronics,South,4,27439.0,0.05,104268.18,11789.55,Credit Card
ORD05843,2024-12-03,CUST3298,Smartwatch,Electronics,North,4,7756.43,0.14,26682.13,3907.67,Debit Card
ORD05844,2024-12-24,CUST7154,Smartwatch,Electronics,East,3,6886.07,0.23,15906.83,2349.88,Credit Card
ORD05845,2024-09-13,CUST3464,Keyboard,Accessories,East,4,1587.98,0.09,5780.25,1003.46,Cash
ORD05846,2025-03-27,CUST1576,Laptop,Electronics,East,2,67981.03,0.05,129163.95,29294.84,Cash
ORD05847,2024-08-05,CUST9741,Laptop,Electronics,South,4,61487.13,0.24,186920.89,15833.66,Net Banking
ORD05848,2024-07-21,CUST5552,Smartphone,Electronics,East,1,27688.51,0.12,24365.89,3677.38,Net Banking
ORD05849,2025-10-16,CUST6039,Printer,Office,East,1,9527.37,0.1,8574.63,1156.32,Debit Card
ORD05850,2024-09-11,CUST5375,Smartphone,Electronics,East,2,32669.93,0.07,60766.06,6634.68,Debit Card
ORD05851,2024-04-05,CUST9995,Smartphone,Electronics,East,4,30776.49,0.22,96022.65,22461.78,UPI
ORD05852,2025-12-19,CUST4219,Monitor,Electronics,West,1,11112.74,0.21,8779.06,453.3,Cash
ORD05853,2024-12-13,CUST8722,Tablet,Electronics,West,5,24097.79,0.1,108440.04,8070.21,Cash
ORD05854,2025-08-21,CUST5194,Tablet,Electronics,South,4,19061.41,0.01,75483.19,14845.2,UPI
ORD05855,2024-05-10,CUST1851,Printer,Office,West,2,10597.55,0.11,18863.64,1937.08,UPI
ORD05856,2025-09-18,CUST5722,Monitor,Electronics,North,4,11780.76,0.05,44766.9,8713.24,Cash
ORD05857,2024-10-14,CUST9765,Smartwatch,Electronics,West,3,7485.71,0.04,21558.84,4666.43,Net Banking
ORD05858,2025-10-21,CUST5721,Monitor,Electronics,North,3,13538.86,0.1,36554.92,3689.24,Cash
ORD05859,2024-02-25,CUST7907,Smartphone,Electronics,South,1,32250.31,0.02,31605.3,2793.56,UPI
ORD05860,2024-11-29,CUST4993,Laptop,Electronics,North,3,63868.32,0.24,145619.78,11512.72,Debit Card
ORD05861,2025-09-02,CUST2550,Mouse,Accessories,East,2,716.23,0.01,1418.14,127.66,Credit Card
ORD05862,2025-07-25,CUST9825,Printer,Office,North,1,10919.05,0.1,9827.15,1016.49,Debit Card
ORD05863,2024-07-02,CUST8698,Smartwatch,Electronics,West,2,6917.48,0.04,13281.56,2971.75,Debit Card
ORD05864,2025-11-17,CUST5983,Keyboard,Accessories,North,2,1308.89,0.17,2172.76,443.24,UPI
ORD05865,2025-10-25,CUST7600,Mouse,Accessories,East,3,852.57,0.02,2506.57,126.25,Cash
ORD05866,2024-01-04,CUST7586,Mouse,Accessories,East,3,750.04,0.14,1935.11,435.06,UPI
ORD05867,2025-08-10,CUST7542,Monitor,Electronics,East,2,10376.0,0.19,16809.12,1105.41,UPI
ORD05868,2025-03-10,CUST7329,Headphones,Electronics,West,3,2802.06,0.24,6388.7,1156.69,Net Banking
ORD05869,2025-05-27,CUST4636,Mouse,Accessories,South,3,795.94,0.17,1981.9,159.14,Net Banking
ORD05870,2025-01-28,CUST4995,Smartphone,Electronics,North,3,28028.65,0.02,82404.23,5146.57,Credit Card
ORD05871,2024-06-12,CUST3013,Webcam,Accessories,South,4,3727.21,0.02,14610.65,2950.68,Net Banking
ORD05872,2025-01-12,CUST7785,Laptop,Electronics,South,2,72525.1,0.18,118941.16,17060.99,Credit Card
ORD05873,2024-02-17,CUST1657,Laptop,Electronics,East,5,55255.99,0.05,262465.94,44570.0,Debit Card
ORD05874,2025-06-13,CUST1244,Webcam,Accessories,North,2,3697.24,0.11,6581.1,888.91,Debit Card
ORD05875,2025-08-23,CUST6113,Tablet,Electronics,South,1,23762.28,0.24,18059.33,1145.58,UPI
ORD05876,2024-11-27,CUST4764,Smartphone,Electronics,West,3,27389.35,0.2,65734.43,13010.4,Debit Card
ORD05877,2024-06-04,CUST9327,Keyboard,Accessories,West,3,1495.33,0.21,3543.93,758.65,Net Banking
ORD05878,2025-11-23,CUST9396,Mouse,Accessories,West,5,701.43,0.22,2735.57,159.44,Net Banking
ORD05879,2025-05-13,CUST4732,Tablet,Electronics,West,1,23628.55,0.15,20084.27,2513.41,Net Banking
ORD05880,2024-01-09,CUST6979,Smartphone,Electronics,West,4,33127.1,0.19,107331.82,17330.15,Cash
ORD05881,2024-05-31,CUST5651,Monitor,Electronics,East,2,10589.47,0.09,19272.84,3296.36,Net Banking
ORD05882,2025-10-21,CUST9006,Laptop,Electronics,South,4,71170.97,0.25,213512.92,35364.27,UPI
ORD05883,2025-04-18,CUST7392,Tablet,Electronics,North,1,23792.36,0.07,22126.9,4172.87,UPI
ORD05884,2024-01-27,CUST9163,Printer,Office,East,5,9540.74,0.15,40548.14,9867.93,Debit Card
ORD05885,2025-09-04,CUST6281,Mouse,Accessories,South,1,845.67,0.07,786.47,100.76,Credit Card
ORD05886,2024-07-17,CUST2220,Mouse,Accessories,West,5,680.01,0.03,3298.06,532.06,Cash
ORD05887,2024-03-23,CUST9897,Keyboard,Accessories,North,4,1694.31,0.14,5828.42,1106.33,Credit Card
ORD05888,2024-02-23,CUST3606,Headphones,Electronics,West,4,2537.79,0.09,9237.55,1556.39,Cash
ORD05889,2025-08-16,CUST4283,Printer,Office,West,1,10361.02,0.15,8806.86,1121.56,UPI
ORD05890,2024-05-22,CUST8894,Mouse,Accessories,North,1,839.52,0.14,721.99,126.21,UPI
ORD05891,2024-09-09,CUST2316,Smartwatch,Electronics,South,3,7128.87,0.14,18392.5,3311.06,Cash
ORD05892,2024-04-06,CUST4151,Printer,Office,North,5,11070.29,0.03,53690.91,8966.04,Debit Card
ORD05893,2025-03-10,CUST1118,Mouse,Accessories,East,3,826.33,0.11,2206.3,200.82,Net Banking
ORD05894,2025-03-28,CUST5693,Webcam,Accessories,West,2,3928.15,0.2,6285.04,950.27,Net Banking
ORD05895,2025-07-05,CUST7718,Printer,Office,East,2,10246.99,0.08,18854.47,4277.54,Credit Card
ORD05896,2024-08-16,CUST2908,Smartphone,Electronics,East,1,27040.1,0.11,24065.69,5383.99,UPI
ORD05897,2024-07-15,CUST5085,Printer,Office,East,4,11240.69,0.12,39567.22,7919.68,Net Banking
ORD05898,2025-04-29,CUST7378,Keyboard,Accessories,West,2,1581.73,0.22,2467.5,467.44,UPI
ORD05899,2024-06-19,CUST1426,Monitor,Electronics,West,2,12717.26,0.16,21365.0,1723.21,UPI
ORD05900,2025-05-28,CUST6735,Monitor,Electronics,South,3,13747.73,0.03,40005.91,5676.56,UPI
ORD05901,2024-10-12,CUST6881,Monitor,Electronics,South,3,10470.71,0.22,24501.46,1768.77,Net Banking
ORD05902,2025-05-11,CUST1639,Smartphone,Electronics,North,2,29357.33,0.21,46384.59,9901.11,Net Banking
ORD05903,2025-04-03,CUST4765,Tablet,Electronics,North,1,20278.03,0.19,16425.2,1777.35,Net Banking
ORD05904,2025-07-17,CUST3763,Monitor,Electronics,West,3,12469.54,0.12,32919.57,6694.96,Cash
ORD05905,2025-09-06,CUST7692,Laptop,Electronics,North,2,70982.83,0.19,114992.18,24483.65,Net Banking
ORD05906,2024-02-02,CUST8618,Smartphone,Electronics,East,4,34196.8,0.12,120372.72,27505.07,UPI
ORD05907,2025-06-06,CUST1145,Tablet,Electronics,South,3,21700.33,0.18,53382.82,10717.46,UPI
ORD05908,2025-01-14,CUST4130,Laptop,Electronics,West,2,70581.26,0.22,110106.76,17941.43,Credit Card
ORD05909,2025-08-10,CUST8570,Laptop,Electronics,South,5,73132.51,0.22,285216.77,48383.31,Debit Card
ORD05910,2024-02-23,CUST6772,Laptop,Electronics,North,3,68574.85,0.11,183094.84,20894.13,Cash
ORD05911,2024-11-26,CUST8133,Smartwatch,Electronics,South,5,6459.74,0.21,25515.97,2179.04,Credit Card
ORD05912,2024-04-06,CUST2457,Keyboard,Accessories,South,3,1548.53,0.03,4506.24,343.05,Cash
ORD05913,2025-05-19,CUST6490,Keyboard,Accessories,North,3,1711.48,0.03,4980.4,430.33,Cash
ORD05914,2024-05-27,CUST2607,Smartphone,Electronics,South,5,34387.98,0.14,147868.33,35013.8,UPI
ORD05915,2025-05-31,CUST2073,Laptop,Electronics,West,1,67776.02,0.16,56931.85,4718.89,UPI
ORD05916,2025-05-09,CUST2522,Webcam,Accessories,East,2,3906.34,0.04,7500.17,1460.64,UPI
ORD05917,2024-10-06,CUST1535,Printer,Office,South,1,9101.05,0.12,8008.92,696.18,UPI
ORD05918,2025-02-19,CUST7212,Tablet,Electronics,West,1,20324.12,0.02,19917.64,4880.98,Credit Card
ORD05919,2024-10-13,CUST4079,Keyboard,Accessories,East,2,1703.8,0.15,2896.46,357.18,Debit Card
ORD05920,2024-04-15,CUST1760,Monitor,Electronics,West,4,10686.85,0.21,33770.44,4472.13,Debit Card
ORD05921,2025-07-09,CUST9399,Smartphone,Electronics,West,1,27219.96,0.18,22320.37,2921.79,Credit Card
ORD05922,2024-07-24,CUST9099,Tablet,Electronics,East,1,21475.62,0.09,19542.81,4168.32,Debit Card
ORD05923,2024-04-27,CUST4263,Smartphone,Electronics,North,1,30806.26,0.25,23104.69,2163.94,Net Banking
ORD05924,2025-04-24,CUST2997,Webcam,Accessories,West,4,3609.01,0.17,11981.91,2590.55,Net Banking
ORD05925,2025-11-20,CUST5005,Smartwatch,Electronics,North,3,6563.15,0.2,15751.56,2857.52,Net Banking
ORD05926,2025-01-05,CUST1025,Smartwatch,Electronics,North,5,7883.29,0.17,32715.65,3077.1,UPI
ORD05927,2024-08-15,CUST9698,Laptop,Electronics,South,5,73094.45,0.25,274104.18,17290.91,Net Banking
ORD05928,2024-10-07,CUST1860,Smartwatch,Electronics,North,4,6773.34,0.21,21403.76,4387.74,Cash
ORD05929,2025-03-10,CUST5473,Smartphone,Electronics,West,1,29408.63,0.13,25585.5,2399.73,Cash
ORD05930,2024-04-26,CUST8683,Monitor,Electronics,West,5,12728.99,0.09,57916.9,13194.24,Credit Card
ORD05931,2025-10-15,CUST9151,Laptop,Electronics,East,4,68178.42,0.17,226352.35,17193.06,Cash
ORD05932,2025-08-06,CUST5160,Mouse,Accessories,North,2,771.75,0.15,1311.98,227.33,Credit Card
ORD05933,2025-06-24,CUST4981,Tablet,Electronics,East,5,21434.01,0.16,90022.85,16963.34,Debit Card
ORD05934,2024-01-25,CUST3850,Webcam,Accessories,West,2,3340.44,0.09,6079.6,1103.69,Cash
ORD05935,2024-03-27,CUST1596,Laptop,Electronics,East,1,59840.01,0.11,53257.61,6029.08,Cash
ORD05936,2024-07-05,CUST3019,Smartphone,Electronics,South,5,29623.25,0.14,127379.95,28673.83,Credit Card
ORD05937,2025-09-03,CUST7422,Tablet,Electronics,East,4,23230.47,0.21,73408.27,14972.43,Cash
ORD05938,2024-09-11,CUST6907,Monitor,Electronics,South,3,12871.08,0.19,31276.72,4755.35,Credit Card
ORD05939,2025-01-30,CUST6977,Headphones,Electronics,South,5,2709.16,0.03,13139.4,2242.35,Cash
ORD05940,2024-06-26,CUST1168,Webcam,Accessories,North,5,3368.47,0.06,15831.8,2584.93,UPI
ORD05941,2024-05-19,CUST2923,Smartphone,Electronics,West,5,32381.72,0.01,160289.53,38363.65,Debit Card
ORD05942,2024-03-22,CUST7506,Webcam,Accessories,South,5,2981.84,0.0,14909.21,3418.42,Cash
ORD05943,2025-03-07,CUST8654,Keyboard,Accessories,West,4,1489.67,0.06,5601.17,543.87,Debit Card
ORD05944,2025-06-14,CUST7227,Headphones,Electronics,East,4,2720.43,0.2,8705.37,892.75,Cash
ORD05945,2025-01-02,CUST4309,Tablet,Electronics,East,3,22858.3,0.23,52802.66,13004.64,Cash
ORD05946,2024-02-22,CUST8625,Smartwatch,Electronics,East,4,6945.53,0.1,25003.92,2433.18,UPI
ORD05947,2025-06-30,CUST8873,Smartphone,Electronics,East,4,31301.78,0.14,107678.12,25917.68,Net Banking
ORD05948,2025-01-03,CUST9700,Webcam,Accessories,East,1,3927.29,0.18,3220.38,579.51,Net Banking
ORD05949,2025-10-28,CUST5076,Tablet,Electronics,North,1,22438.12,0.24,17052.97,1023.55,Debit Card
ORD05950,2025-08-01,CUST7984,Smartwatch,Electronics,North,2,7629.55,0.23,11749.51,1376.4,Debit Card
ORD05951,2024-02-20,CUST6117,Monitor,Electronics,South,3,13730.67,0.01,40780.1,5922.53,UPI
ORD05952,2024-12-26,CUST1873,Monitor,Electronics,West,1,12740.05,0.06,11975.64,2594.15,Credit Card
ORD05953,2024-02-12,CUST4842,Webcam,Accessories,East,3,3576.99,0.01,10623.67,1229.34,Debit Card
ORD05954,2025-06-30,CUST6823,Laptop,Electronics,West,3,55980.98,0.15,142751.49,16004.68,Net Banking
ORD05955,2025-06-10,CUST1181,Keyboard,Accessories,East,5,1443.52,0.18,5918.41,1385.22,UPI
ORD05956,2025-10-17,CUST9198,Laptop,Electronics,South,3,66276.13,0.08,182922.13,12037.53,Credit Card
ORD05957,2024-03-09,CUST5760,Keyboard,Accessories,North,5,1633.74,0.21,6453.28,1034.49,UPI
ORD05958,2025-12-11,CUST1407,Smartphone,Electronics,South,2,29442.94,0.11,52408.44,7905.7,Net Banking
ORD05959,2024-03-25,CUST7405,Mouse,Accessories,West,2,910.41,0.25,1365.62,83.94,UPI
ORD05960,2024-06-17,CUST8356,Webcam,Accessories,West,2,3260.38,0.0,6520.77,440.49,Cash
ORD05961,2025-12-05,CUST9058,Printer,Office,East,5,10733.7,0.03,52058.45,6579.85,Net Banking
ORD05962,2024-01-30,CUST1825,Webcam,Accessories,North,5,3414.98,0.08,15708.92,1206.95,Credit Card
ORD05963,2024-05-26,CUST6740,Headphones,Electronics,West,2,2489.49,0.01,4929.19,717.76,UPI
ORD05964,2024-03-28,CUST1095,Smartwatch,Electronics,South,5,7635.25,0.2,30541.02,5246.27,Net Banking
ORD05965,2024-10-28,CUST9590,Headphones,Electronics,South,4,2347.16,0.01,9294.76,1750.01,Net Banking
ORD05966,2025-08-13,CUST2261,Monitor,Electronics,East,4,10548.52,0.19,34177.22,5444.23,Credit Card
ORD05967,2024-01-24,CUST7023,Keyboard,Accessories,East,5,1509.12,0.01,7470.12,940.73,Net Banking
ORD05968,2025-02-23,CUST8700,Smartwatch,Electronics,North,5,7060.47,0.06,33184.2,2520.4,Credit Card
ORD05969,2024-06-25,CUST8980,Monitor,Electronics,East,1,13069.8,0.21,10325.15,1027.32,Net Banking
ORD05970,2024-07-05,CUST9920,Smartwatch,Electronics,South,1,7983.47,0.24,6067.44,812.33,UPI
ORD05971,2024-08-01,CUST6090,Laptop,Electronics,East,3,56328.36,0.1,152086.58,35713.41,Credit Card
ORD05972,2024-10-21,CUST2656,Monitor,Electronics,South,3,12330.08,0.24,28112.59,2544.75,Credit Card
ORD05973,2025-11-18,CUST6469,Laptop,Electronics,West,3,68534.93,0.16,172708.03,22912.97,Net Banking
ORD05974,2025-08-14,CUST6470,Laptop,Electronics,East,2,74473.13,0.1,134051.63,26336.02,Cash
ORD05975,2025-08-15,CUST9958,Smartwatch,Electronics,North,4,7929.44,0.2,25374.21,4847.51,Credit Card
ORD05976,2024-07-15,CUST6130,Tablet,Electronics,North,2,23402.18,0.07,43528.05,10582.47,Cash
ORD05977,2025-03-23,CUST6241,Headphones,Electronics,North,5,2516.34,0.07,11700.99,1031.8,Debit Card
ORD05978,2024-06-29,CUST1381,Monitor,Electronics,East,1,10781.49,0.16,9056.45,482.74,UPI
ORD05979,2024-02-23,CUST1294,Printer,Office,West,5,9652.53,0.1,43436.38,4971.93,Cash
ORD05980,2024-06-13,CUST1054,Tablet,Electronics,West,5,22561.81,0.03,109424.77,8747.25,UPI
ORD05981,2025-03-11,CUST6963,Headphones,Electronics,North,1,2668.9,0.02,2615.52,417.68,Credit Card
ORD05982,2025-06-13,CUST9834,Monitor,Electronics,West,5,12487.44,0.2,49949.75,11476.25,UPI
ORD05983,2024-09-12,CUST6546,Keyboard,Accessories,South,3,1596.36,0.17,3974.92,745.88,Cash
ORD05984,2024-10-24,CUST1079,Headphones,Electronics,East,1,2446.86,0.1,2202.18,169.92,Credit Card
ORD05985,2024-05-15,CUST9831,Printer,Office,West,5,10682.88,0.22,41663.24,3050.5,Cash
ORD05986,2025-04-21,CUST6370,Webcam,Accessories,West,3,3125.93,0.1,8440.01,1960.53,Credit Card
ORD05987,2025-12-24,CUST3343,Smartphone,Electronics,West,3,26963.28,0.18,66329.66,9785.08,Cash
ORD05988,2024-04-23,CUST4906,Laptop,Electronics,North,4,58425.23,0.23,179949.7,42240.42,Credit Card
ORD05989,2024-12-22,CUST5834,Smartphone,Electronics,East,3,33517.78,0.21,79437.15,15668.46,Cash
ORD05990,2025-02-26,CUST1898,Tablet,Electronics,West,2,19201.82,0.13,33411.18,8308.35,Debit Card
ORD05991,2024-11-12,CUST4998,Webcam,Accessories,East,1,3816.58,0.17,3167.76,710.36,Cash
ORD05992,2025-12-09,CUST2512,Laptop,Electronics,West,1,59804.63,0.1,53824.17,7150.13,Cash
ORD05993,2024-07-05,CUST2820,Monitor,Electronics,South,1,11886.35,0.16,9984.53,2013.34,Debit Card
ORD05994,2024-09-22,CUST8293,Tablet,Electronics,East,5,24745.31,0.06,116302.97,16776.2,UPI
ORD05995,2025-12-03,CUST3815,Printer,Office,East,5,10257.81,0.11,45647.26,4410.19,Credit Card
ORD05996,2025-06-30,CUST3021,Smartwatch,Electronics,East,2,6391.25,0.05,12143.37,1192.55,Cash
ORD05997,2024-02-11,CUST4250,Monitor,Electronics,South,3,11222.72,0.01,33331.49,4315.24,UPI
ORD05998,2025-12-25,CUST6199,Headphones,Electronics,North,5,2815.33,0.15,11965.17,865.0,Net Banking
ORD05999,2024-03-28,CUST5192,Smartwatch,Electronics,West,3,6847.0,0.22,16021.99,1370.73,UPI
ORD06000,2024-10-11,CUST1029,Tablet,Electronics,North,3,22574.1,0.01,67045.09,10064.93,Net Banking
ORD06001,2024-06-03,CUST1993,Headphones,Electronics,East,5,2469.95,0.05,11732.26,2824.95,Credit Card
ORD06002,2024-10-20,CUST6794,Printer,Office,North,5,9635.31,0.12,42395.38,7018.02,Net Banking
ORD06003,2025-06-20,CUST2286,Smartphone,Electronics,East,2,27509.51,0.17,45665.79,6014.15,Debit Card
ORD06004,2025-12-06,CUST6185,Headphones,Electronics,West,4,2639.64,0.04,10136.23,998.82,Debit Card
ORD06005,2024-10-20,CUST7879,Smartphone,Electronics,North,1,31964.18,0.01,31644.54,2822.07,UPI
ORD06006,2024-02-28,CUST5948,Laptop,Electronics,West,5,60610.26,0.13,263654.63,47901.14,Debit Card
ORD06007,2025-04-10,CUST6904,Keyboard,Accessories,West,5,1630.05,0.2,6520.22,1432.26,Debit Card
ORD06008,2025-09-09,CUST8437,Mouse,Accessories,North,3,885.09,0.01,2628.71,341.13,UPI
ORD06009,2025-06-02,CUST9787,Monitor,Electronics,South,4,13514.43,0.09,49192.53,7877.29,Cash
ORD06010,2025-11-19,CUST2940,Mouse,Accessories,South,5,718.69,0.17,2982.57,570.7,Credit Card
ORD06011,2024-07-14,CUST7831,Laptop,Electronics,South,4,61176.51,0.03,237364.87,14635.71,Net Banking
ORD06012,2024-10-23,CUST3361,Headphones,Electronics,North,1,2770.27,0.06,2604.05,312.95,UPI
ORD06013,2024-07-20,CUST6574,Laptop,Electronics,North,3,59121.53,0.13,154307.2,30236.59,Debit Card
ORD06014,2025-03-10,CUST1156,Mouse,Accessories,North,2,680.83,0.24,1034.87,193.44,Net Banking
ORD06015,2024-10-18,CUST3952,Mouse,Accessories,North,1,889.0,0.07,826.77,50.16,Cash
ORD06016,2025-04-25,CUST2230,Monitor,Electronics,South,4,11375.22,0.12,40040.77,3906.53,Credit Card
ORD06017,2024-10-09,CUST8579,Smartwatch,Electronics,South,4,6820.44,0.1,24553.6,4566.76,Credit Card
ORD06018,2025-08-19,CUST2189,Webcam,Accessories,North,1,3443.65,0.22,2686.05,280.11,Debit Card
ORD06019,2024-08-06,CUST8694,Laptop,Electronics,West,4,71791.35,0.02,281422.11,59909.72,Cash
ORD06020,2024-10-16,CUST5600,Keyboard,Accessories,West,2,1427.05,0.14,2454.53,137.21,Credit Card
ORD06021,2025-07-17,CUST1543,Webcam,Accessories,West,2,3911.89,0.21,6180.79,544.34,Net Banking
ORD06022,2025-05-16,CUST2575,Laptop,Electronics,North,4,67280.31,0.25,201840.94,21448.14,Net Banking
ORD06023,2025-05-23,CUST6889,Printer,Office,South,4,10081.86,0.17,33471.78,7867.81,Debit Card
ORD06024,2025-01-24,CUST6864,Tablet,Electronics,North,2,20849.06,0.09,37945.28,7940.57,Cash
ORD06025,2025-10-15,CUST9483,Tablet,Electronics,East,4,20308.5,0.1,73110.59,16583.6,Net Banking
ORD06026,2024-02-28,CUST2433,Mouse,Accessories,South,5,829.77,0.09,3775.47,521.38,Credit Card
ORD06027,2024-02-26,CUST1612,Tablet,Electronics,South,3,21649.5,0.15,55206.23,11842.42,Net Banking
ORD06028,2025-09-23,CUST3640,Smartphone,Electronics,West,5,33694.64,0.18,138148.04,30489.09,Credit Card
ORD06029,2024-02-06,CUST8288,Keyboard,Accessories,West,4,1496.24,0.2,4787.96,622.39,Cash
ORD06030,2025-11-28,CUST8678,Tablet,Electronics,West,4,22077.85,0.1,79480.25,19782.03,Debit Card
ORD06031,2025-04-11,CUST9922,Headphones,Electronics,North,3,2437.54,0.18,5996.35,1320.68,Debit Card
ORD06032,2024-05-05,CUST7377,Smartphone,Electronics,East,4,32603.37,0.23,100418.37,24584.36,Debit Card
ORD06033,2025-12-25,CUST9409,Webcam,Accessories,West,3,3421.08,0.23,7902.7,1764.67,UPI
ORD06034,2025-04-07,CUST8506,Smartphone,Electronics,North,2,27924.08,0.18,45795.49,9399.1,Debit Card
ORD06035,2024-12-02,CUST2770,Laptop,Electronics,East,3,72059.6,0.16,181590.2,43358.07,Debit Card
ORD06036,2025-12-01,CUST6696,Mouse,Accessories,North,3,823.24,0.13,2148.65,287.84,Credit Card
ORD06037,2024-07-03,CUST9437,Monitor,Electronics,South,5,12329.44,0.05,58564.82,12103.4,Cash
ORD06038,2025-09-12,CUST1403,Monitor,Electronics,South,4,12398.96,0.03,48107.96,4453.75,Cash
ORD06039,2024-02-21,CUST7112,Printer,Office,East,2,10656.52,0.12,18755.47,3686.55,Net Banking
ORD06040,2024-12-09,CUST3080,Keyboard,Accessories,West,1,1415.88,0.04,1359.25,281.46,Debit Card
ORD06041,2025-09-04,CUST9460,Laptop,Electronics,East,3,55909.97,0.14,144247.71,27883.79,Cash
ORD06042,2025-02-17,CUST7442,Monitor,Electronics,North,1,13118.14,0.16,11019.23,2423.82,Cash
ORD06043,2024-11-11,CUST9304,Mouse,Accessories,South,4,710.94,0.13,2474.06,328.23,Cash
ORD06044,2024-05-25,CUST4912,Webcam,Accessories,West,3,3732.91,0.01,11086.74,1762.28,Cash
ORD06045,2025-01-10,CUST6623,Monitor,Electronics,North,1,10496.34,0.01,10391.37,541.74,Credit Card
ORD06046,2024-07-23,CUST6101,Headphones,Electronics,North,5,2406.48,0.03,11671.43,924.5,Debit Card
ORD06047,2025-04-02,CUST8715,Smartphone,Electronics,South,1,26067.23,0.04,25024.55,4475.36,Cash
ORD06048,2025-11-17,CUST1205,Monitor,Electronics,West,5,12079.97,0.25,45299.88,7359.58,Credit Card
ORD06049,2024-08-18,CUST2909,Laptop,Electronics,East,2,67986.15,0.09,123734.79,11070.12,UPI
ORD06050,2025-09-29,CUST3644,Tablet,Electronics,South,4,19831.46,0.07,73773.03,7280.88,Net Banking
ORD06051,2024-09-24,CUST1039,Tablet,Electronics,South,1,21152.74,0.01,20941.21,2488.16,Credit Card
ORD06052,2024-12-23,CUST7539,Webcam,Accessories,West,3,3951.75,0.16,9958.41,1924.79,Net Banking
ORD06053,2025-05-03,CUST4676,Tablet,Electronics,East,4,21619.77,0.16,72642.42,12490.38,Net Banking
ORD06054,2025-09-15,CUST4968,Webcam,Accessories,South,1,3817.67,0.04,3664.96,234.24,UPI
ORD06055,2024-02-09,CUST8951,Laptop,Electronics,East,3,73330.1,0.23,169392.54,34215.23,UPI
ORD06056,2025-12-30,CUST4059,Keyboard,Accessories,South,3,1713.46,0.2,4112.29,421.64,UPI
ORD06057,2024-07-10,CUST3353,Tablet,Electronics,East,3,24628.93,0.06,69453.57,12803.9,Credit Card
ORD06058,2024-10-01,CUST7998,Printer,Office,East,3,9452.22,0.12,24953.85,1863.37,UPI
ORD06059,2025-08-21,CUST2007,Mouse,Accessories,North,1,911.02,0.11,810.81,202.36,Cash
ORD06060,2024-12-21,CUST5027,Smartphone,Electronics,South,2,32811.56,0.09,59717.03,3945.33,Credit Card
ORD06061,2024-06-03,CUST8300,Tablet,Electronics,North,5,24225.36,0.2,96901.44,19220.09,Debit Card
ORD06062,2025-11-22,CUST4988,Webcam,Accessories,South,5,2990.93,0.03,14506.02,2295.81,UPI
ORD06063,2025-08-14,CUST2617,Laptop,Electronics,North,5,73857.66,0.1,332359.46,22330.51,Credit Card
ORD06064,2025-06-02,CUST9340,Tablet,Electronics,North,2,23835.4,0.11,42427.0,2348.85,UPI
ORD06065,2024-07-09,CUST3118,Monitor,Electronics,North,3,12964.68,0.12,34226.76,4193.91,Net Banking
ORD06066,2024-03-17,CUST3368,Tablet,Electronics,North,3,19238.06,0.22,45017.07,9473.61,Cash
ORD06067,2024-02-24,CUST6722,Webcam,Accessories,North,4,3219.2,0.05,12232.95,712.33,Net Banking
ORD06068,2025-12-16,CUST3491,Headphones,Electronics,South,5,2846.7,0.03,13806.48,2635.38,UPI
ORD06069,2025-04-25,CUST8992,Headphones,Electronics,West,5,2500.51,0.15,10627.16,1924.32,Credit Card
ORD06070,2025-11-01,CUST6479,Tablet,Electronics,North,3,21325.86,0.04,61418.49,6332.71,Cash
ORD06071,2024-05-18,CUST1457,Smartphone,Electronics,West,5,33059.47,0.02,161991.39,10610.18,Net Banking
ORD06072,2025-02-04,CUST2875,Laptop,Electronics,North,3,56953.14,0.11,152064.88,35440.91,Cash
ORD06073,2024-08-17,CUST9879,Printer,Office,South,3,9750.83,0.05,27789.85,3058.83,Cash
ORD06074,2024-11-17,CUST7116,Printer,Office,East,3,9627.1,0.09,26281.99,1899.57,UPI
ORD06075,2024-03-07,CUST5888,Tablet,Electronics,West,1,21009.02,0.06,19748.48,3679.21,Cash
ORD06076,2024-04-07,CUST2219,Tablet,Electronics,West,1,20730.77,0.02,20316.15,1896.23,Debit Card
ORD06077,2024-04-23,CUST8327,Headphones,Electronics,South,1,2282.56,0.14,1963.0,284.88,Debit Card
ORD06078,2025-02-19,CUST5187,Webcam,Accessories,East,1,3156.56,0.01,3124.99,187.75,Net Banking
ORD06079,2024-01-13,CUST8847,Smartphone,Electronics,West,2,31263.66,0.24,47520.76,11813.51,Net Banking
ORD06080,2025-10-20,CUST7288,Tablet,Electronics,South,4,24768.01,0.09,90155.54,12578.88,Credit Card
ORD06081,2024-08-09,CUST2094,Printer,Office,North,4,10026.55,0.17,33288.16,8316.12,UPI
ORD06082,2025-02-26,CUST8866,Laptop,Electronics,West,3,61060.5,0.2,146545.21,18631.02,Net Banking
ORD06083,2024-01-21,CUST3714,Keyboard,Accessories,East,5,1346.62,0.07,6261.79,748.73,Credit Card
ORD06084,2025-05-10,CUST8566,Monitor,Electronics,West,1,13188.52,0.19,10682.7,2488.15,Net Banking
ORD06085,2024-08-02,CUST4773,Tablet,Electronics,North,4,25111.85,0.21,79353.44,9196.52,Credit Card
ORD06086,2024-05-23,CUST9965,Webcam,Accessories,East,4,3341.61,0.06,12564.47,1713.81,UPI
ORD06087,2025-05-04,CUST8145,Tablet,Electronics,North,1,20620.27,0.25,15465.2,1014.86,UPI
ORD06088,2024-12-05,CUST5375,Webcam,Accessories,East,2,3606.57,0.01,7141.0,1721.64,Net Banking
ORD06089,2024-04-21,CUST7276,Smartphone,Electronics,North,2,32477.96,0.05,61708.13,4136.31,Debit Card
ORD06090,2025-01-16,CUST7229,Keyboard,Accessories,East,4,1479.93,0.2,4735.78,967.22,Cash
ORD06091,2024-03-18,CUST2204,Mouse,Accessories,East,2,831.22,0.05,1579.31,249.09,Net Banking
ORD06092,2025-10-27,CUST2529,Laptop,Electronics,North,1,69222.71,0.17,57454.85,3578.35,Credit Card
ORD06093,2024-03-26,CUST9801,Laptop,Electronics,West,4,73981.55,0.21,233781.7,11768.75,UPI
ORD06094,2024-12-26,CUST5573,Webcam,Accessories,South,1,3148.29,0.24,2392.7,567.33,Net Banking
ORD06095,2025-04-28,CUST2746,Headphones,Electronics,West,2,2873.04,0.12,5056.54,1003.39,UPI
ORD06096,2025-04-18,CUST1465,Webcam,Accessories,South,1,3386.76,0.24,2573.94,482.07,Net Banking
ORD06097,2024-03-16,CUST3432,Headphones,Electronics,North,2,2667.4,0.1,4801.32,661.2,UPI
ORD06098,2024-01-31,CUST8848,Smartwatch,Electronics,West,2,7152.07,0.05,13588.93,1327.95,Debit Card
ORD06099,2024-12-25,CUST4193,Printer,Office,North,1,9960.01,0.13,8665.21,1611.49,Credit Card
ORD06100,2024-11-19,CUST8375,Laptop,Electronics,South,2,68862.47,0.16,115688.95,19859.19,Net Banking
ORD06101,2024-06-16,CUST2959,Smartphone,Electronics,East,3,29061.78,0.11,77594.97,15151.85,UPI
ORD06102,2024-10-09,CUST6181,Webcam,Accessories,North,1,3107.42,0.14,2672.38,329.13,Net Banking
ORD06103,2024-08-07,CUST6467,Smartphone,Electronics,West,3,29900.04,0.1,80730.11,19971.4,Credit Card
ORD06104,2024-09-28,CUST4594,Keyboard,Accessories,North,1,1509.86,0.13,1313.58,83.28,Net Banking
ORD06105,2025-12-12,CUST1239,Smartphone,Electronics,,2,27317.12,0.24,41522.02,2737.98,Cash
ORD06106,2025-01-01,CUST1819,Tablet,Electronics,North,2,24875.09,0.12,43780.15,10217.2,UPI
ORD06107,2024-04-22,CUST5950,Printer,Office,South,4,9182.43,0.06,34525.93,6198.83,Credit Card
ORD06108,2025-06-08,CUST9239,Tablet,Electronics,West,4,21400.9,0.19,69338.92,7992.48,Debit Card
ORD06109,2025-07-25,CUST1812,Monitor,Electronics,West,3,10757.75,0.08,29691.38,6009.26,Cash
ORD06110,2025-11-30,CUST5582,Webcam,Accessories,South,2,3537.59,0.2,5660.14,795.56,Net Banking
ORD06111,2024-12-29,CUST4007,Laptop,Electronics,West,4,61248.93,0.01,242545.78,13151.88,Net Banking
ORD06112,2024-10-14,CUST2613,Webcam,Accessories,West,2,3488.74,0.08,6419.27,1156.89,Cash
ORD06113,2024-02-24,CUST6640,Printer,Office,North,1,9173.85,0.02,8990.37,886.65,Debit Card
ORD06114,2024-08-30,CUST6633,Mouse,Accessories,South,4,692.91,0.02,2716.19,198.46,Debit Card
ORD06115,2024-06-01,CUST8676,Mouse,Accessories,South,3,867.01,0.16,2184.88,207.68,Net Banking
ORD06116,2024-06-17,CUST6901,Monitor,Electronics,South,4,12507.91,0.1,45028.48,6539.56,Net Banking
ORD06117,2024-04-18,CUST1034,Printer,Office,East,2,9522.22,0.22,14854.66,890.85,Debit Card
ORD06118,2024-12-03,CUST6737,Smartwatch,Electronics,West,5,6049.74,0.13,26316.36,5964.09,Debit Card
ORD06119,2024-02-05,CUST8576,Smartwatch,Electronics,North,5,7767.71,0.07,36119.84,5850.82,Debit Card
ORD06120,2025-12-24,CUST3912,Smartwatch,Electronics,North,2,6306.57,0.18,10342.77,1123.22,Net Banking
ORD06121,2024-12-05,CUST2544,Laptop,Electronics,North,1,73399.47,0.16,61655.56,11554.31,UPI
ORD06122,2024-05-10,CUST7348,Laptop,Electronics,North,4,64582.61,0.2,206664.35,43574.62,Cash
ORD06123,2024-02-28,CUST6897,Smartwatch,Electronics,West,5,6664.81,0.16,27992.21,4836.63,Debit Card
ORD06124,2025-05-05,CUST5640,Mouse,Accessories,South,1,858.02,0.04,823.7,74.54,Net Banking
ORD06125,2025-11-04,CUST6612,Printer,Office,South,2,11130.52,0.17,18476.66,1331.39,Credit Card
ORD06126,2025-11-01,CUST1904,Smartphone,Electronics,East,1,28836.42,0.1,25952.78,5761.0,Net Banking
ORD06127,2024-06-08,CUST2589,Printer,Office,North,2,9722.03,0.12,17110.78,1658.68,UPI
ORD06128,2024-11-24,CUST9343,Smartwatch,Electronics,East,4,6859.63,0.23,21127.67,1141.24,UPI
ORD06129,2025-07-11,CUST8229,Printer,Office,West,1,11266.97,0.09,10252.94,1830.97,Debit Card
ORD06130,2025-01-02,CUST8551,Keyboard,Accessories,East,4,1586.65,0.15,5394.62,434.68,Cash
ORD06131,2024-12-09,CUST7970,Laptop,Electronics,West,1,60079.1,0.09,54671.98,13569.26,Net Banking
ORD06132,2024-11-07,CUST6431,Laptop,Electronics,East,2,58857.49,0.02,115360.69,25834.58,Cash
ORD06133,2025-09-26,CUST9251,Mouse,Accessories,West,2,735.29,0.11,1308.81,224.71,Credit Card
ORD06134,2024-08-01,CUST9160,Smartphone,Electronics,West,1,27872.08,0.15,23691.26,5135.63,Cash
ORD06135,2024-06-06,CUST4738,Smartwatch,Electronics,East,2,6433.39,0.1,11580.09,1668.77,Cash
ORD06136,2024-06-12,CUST4691,Webcam,Accessories,South,3,3666.43,0.1,9899.37,2056.07,Debit Card
ORD06137,2024-10-08,CUST4371,Mouse,Accessories,East,3,707.82,0.21,1677.54,300.79,Credit Card
ORD06138,2024-02-19,CUST8736,Mouse,Accessories,South,4,772.97,0.01,3060.95,170.58,UPI
ORD06139,2024-05-09,CUST3007,Smartphone,Electronics,South,3,31125.48,0.07,86840.1,20820.05,Cash
ORD06140,2024-12-27,CUST9138,Tablet,Electronics,East,3,20619.68,0.2,49487.22,10995.26,Credit Card
ORD06141,2024-09-19,CUST6980,Smartwatch,Electronics,North,5,6087.08,0.23,23435.24,5640.43,Credit Card
ORD06142,2024-06-03,CUST2135,Webcam,Accessories,South,5,3060.92,0.1,13774.12,2703.49,UPI
ORD06143,2024-12-01,CUST7079,Laptop,Electronics,North,5,57706.35,0.22,225054.77,29799.99,Debit Card
ORD06144,2024-10-31,CUST7006,Smartphone,Electronics,West,5,33022.59,0.05,156857.29,14336.29,Credit Card
ORD06145,2024-02-15,CUST6961,Webcam,Accessories,West,2,3665.76,0.06,6891.62,592.67,UPI
ORD06146,2024-09-04,CUST4806,Keyboard,Accessories,West,4,1304.04,0.21,4120.75,325.47,Net Banking
ORD06147,2024-07-31,CUST6826,Mouse,Accessories,South,4,773.86,0.23,2383.48,224.34,Credit Card
ORD06148,2025-02-13,CUST2716,Smartphone,Electronics,South,3,28007.27,0.06,78980.49,12646.93,Net Banking
ORD06149,2025-05-23,CUST8338,Laptop,Electronics,West,4,66521.78,0.01,263426.26,49194.59,Net Banking
ORD06150,2024-01-02,CUST7503,Printer,Office,East,3,10068.42,0.02,29601.15,3339.34,Credit Card
ORD06151,2025-12-18,CUST6530,Laptop,Electronics,East,4,64631.92,0.07,240430.74,38408.66,UPI
ORD06152,2025-12-04,CUST8216,Keyboard,Accessories,West,1,1416.53,0.19,1147.39,135.68,Net Banking
ORD06153,2024-11-15,CUST7703,Smartphone,Electronics,North,1,26740.2,0.13,23263.97,4403.92,Debit Card
ORD06154,2024-09-09,CUST2487,Keyboard,Accessories,West,4,1609.07,0.11,5728.29,1418.88,Cash
ORD06155,2025-04-16,CUST1738,Smartwatch,Electronics,South,2,7797.7,0.15,13256.09,2489.54,Net Banking
ORD06156,2024-03-29,CUST5321,Smartwatch,Electronics,North,3,7932.72,0.22,18562.56,1147.28,Net Banking
ORD06157,2024-01-15,CUST3440,Printer,Office,East,4,8675.86,0.02,34009.36,4946.56,Cash
ORD06158,2024-06-13,CUST8800,Mouse,Accessories,East,3,857.58,0.17,2135.37,435.78,UPI
ORD06159,2025-03-02,CUST9279,Tablet,Electronics,North,5,23494.92,0.23,90455.45,14332.51,Debit Card
ORD06160,2025-07-10,CUST3146,Headphones,Electronics,North,4,2835.33,0.05,10774.26,2588.11,Debit Card
ORD06161,2025-04-19,CUST3475,Webcam,Accessories,South,2,3240.56,0.21,5120.09,312.09,Net Banking
ORD06162,2025-11-22,CUST1315,Keyboard,Accessories,West,5,1608.98,0.17,6677.27,722.69,Credit Card
ORD06163,2025-09-09,CUST1476,Webcam,Accessories,North,4,3032.36,0.0,12129.43,1141.91,Credit Card
ORD06164,2025-02-22,CUST7270,Printer,Office,North,1,10393.74,0.06,9770.11,1988.46,Net Banking
ORD06165,2025-02-13,CUST1550,Webcam,Accessories,East,4,3343.39,0.15,11367.53,1759.22,Credit Card
ORD06166,2025-10-21,CUST3472,Webcam,Accessories,East,1,3782.35,0.13,3290.65,255.58,Debit Card
ORD06167,2025-12-02,CUST9072,Laptop,Electronics,West,1,72084.43,0.13,62713.46,6717.78,Debit Card
ORD06168,2025-04-13,CUST8040,Smartphone,Electronics,North,4,28783.39,0.06,108225.54,16724.3,Cash
ORD06169,2025-10-02,CUST3186,Mouse,Accessories,East,4,806.14,0.17,2676.39,667.02,Debit Card
ORD06170,2025-03-12,CUST5227,Headphones,Electronics,West,1,2213.05,0.07,2058.14,252.86,UPI
ORD06171,2024-07-23,CUST7304,Smartphone,Electronics,East,3,29252.16,0.1,78980.84,6426.29,Debit Card
ORD06172,2024-01-30,CUST9748,Laptop,Electronics,East,5,62285.61,0.09,283399.51,42343.66,Net Banking
ORD06173,2025-06-05,CUST4475,Webcam,Accessories,East,2,3167.28,0.17,5257.68,589.06,Credit Card
ORD06174,2025-09-12,CUST7308,Headphones,Electronics,South,4,2795.86,0.02,10959.77,1788.56,Credit Card
ORD06175,2025-10-23,CUST7995,Laptop,Electronics,South,5,58137.71,0.05,276154.14,39584.5,Debit Card
ORD06176,2024-10-11,CUST7369,Laptop,Electronics,North,5,67646.92,0.05,321322.86,60375.92,Debit Card
ORD06177,2025-01-26,CUST2330,Laptop,Electronics,West,3,72607.78,0.03,211288.64,49200.28,Credit Card
ORD06178,2025-03-12,CUST8823,Smartwatch,Electronics,West,5,7865.13,0.05,37359.39,3366.19,Credit Card
ORD06179,2024-05-18,CUST7879,Headphones,Electronics,South,4,2719.93,0.15,9247.76,1981.2,Debit Card
ORD06180,2025-10-27,CUST5273,Laptop,Electronics,West,5,58684.75,0.18,240607.48,57710.46,UPI
ORD06181,2025-10-20,CUST4575,Tablet,Electronics,North,4,24095.05,0.17,79995.56,9977.2,UPI
ORD06182,2025-02-17,CUST4369,Webcam,Accessories,West,4,3265.39,0.12,11494.18,836.0,Credit Card
ORD06183,2025-07-01,CUST4681,Headphones,Electronics,West,1,2816.8,0.01,2788.63,597.83,Cash
ORD06184,2025-11-26,CUST4258,Smartwatch,Electronics,South,3,7439.08,0.24,16961.11,3226.33,UPI
ORD06185,2025-10-08,CUST1950,Keyboard,Accessories,South,2,1628.37,0.04,3126.47,289.33,Net Banking
ORD06186,2025-06-13,CUST3935,Keyboard,Accessories,West,1,1313.26,0.17,1090.01,151.56,Credit Card
ORD06187,2024-05-16,CUST6203,Mouse,Accessories,West,2,819.86,0.23,1262.59,209.08,UPI
ORD06188,2025-01-24,CUST5987,Monitor,Electronics,North,4,13156.11,0.17,43678.29,3667.7,Debit Card
ORD06189,2024-07-16,CUST3687,Tablet,Electronics,North,1,24386.5,0.05,23167.17,4470.86,Cash
ORD06190,2025-07-10,CUST3698,Keyboard,Accessories,North,5,1287.88,0.08,5924.27,1113.62,Debit Card
ORD06191,2025-02-09,CUST1921,Smartwatch,Electronics,East,5,7922.23,0.01,39215.06,8918.5,Debit Card
ORD06192,2025-08-13,CUST5642,Monitor,Electronics,East,2,10356.02,0.15,17605.23,2877.66,Cash
ORD06193,2025-04-01,CUST5071,Laptop,Electronics,East,4,67233.11,0.15,228592.59,37686.37,Credit Card
ORD06194,2025-03-29,CUST4716,Laptop,Electronics,West,2,68771.06,0.18,112784.53,19610.69,Debit Card
ORD06195,2024-03-27,CUST9809,Printer,Office,North,3,8822.04,0.0,26466.11,2772.5,Credit Card
ORD06196,2024-07-27,CUST3829,Webcam,Accessories,East,5,3025.41,0.2,12101.65,2441.16,Credit Card
ORD06197,2024-08-11,CUST2809,Monitor,Electronics,South,1,13025.68,0.18,10681.06,1949.29,Credit Card
ORD06198,2024-09-09,CUST1971,Webcam,Accessories,South,1,3378.9,0.04,3243.75,706.58,Debit Card
ORD06199,2024-06-08,CUST2986,Smartwatch,Electronics,West,1,6174.94,0.09,5619.19,1144.73,Credit Card
ORD06200,2024-08-16,CUST9365,Tablet,Electronics,South,5,23733.61,0.16,99681.15,17714.78,Debit Card
ORD06201,2024-07-13,CUST1579,Monitor,Electronics,West,4,13256.99,0.12,46664.59,3834.82,Credit Card
ORD06202,2025-01-11,CUST6688,Keyboard,Accessories,South,5,1539.32,0.03,7465.72,1745.71,Net Banking
ORD06203,2024-05-23,CUST7695,Tablet,Electronics,East,5,19764.16,0.02,96844.4,11954.71,Debit Card
ORD06204,2024-05-09,CUST1473,Printer,Office,East,1,8545.67,0.2,6836.53,1660.32,Net Banking
ORD06205,2025-03-26,CUST6519,Webcam,Accessories,West,5,3710.84,0.04,17812.04,2322.23,Credit Card
ORD06206,2024-02-10,CUST4901,Webcam,Accessories,West,1,3552.65,0.04,3410.54,270.07,Debit Card
ORD06207,2025-11-21,CUST3326,Tablet,Electronics,South,4,22995.26,0.21,72665.03,16492.63,Cash
ORD06208,2024-01-14,CUST1215,Laptop,Electronics,North,3,71107.1,0.15,181323.11,37898.66,Net Banking
ORD06209,2025-03-08,CUST7139,Webcam,Accessories,South,1,3430.94,0.15,2916.3,604.43,UPI
ORD06210,2025-03-08,CUST5605,Printer,Office,South,2,8873.55,0.12,15617.44,1060.15,UPI
ORD06211,2025-06-22,CUST5690,Keyboard,Accessories,West,3,1697.99,0.14,4380.82,989.43,Cash
ORD06212,2025-02-26,CUST7247,Headphones,Electronics,North,4,2533.95,0.15,8615.42,1458.42,Cash
ORD06213,2024-11-24,CUST8134,Keyboard,Accessories,North,3,1551.88,0.24,3538.29,509.77,UPI
ORD06214,2025-06-05,CUST4122,Keyboard,Accessories,West,1,1695.04,0.06,1593.33,370.66,Debit Card
ORD06215,2024-03-25,CUST9960,Webcam,Accessories,East,4,3953.16,0.05,15022.02,2752.16,Credit Card
ORD06216,2024-01-02,CUST2112,Smartphone,Electronics,West,2,30648.85,0.01,60684.73,4648.82,Debit Card
ORD06217,2024-07-25,CUST7793,Laptop,Electronics,West,1,61053.42,0.16,51284.88,7893.12,UPI
ORD06218,2025-02-15,CUST5857,Webcam,Accessories,West,1,4021.97,0.14,3458.89,613.34,Net Banking
ORD06219,2025-08-23,CUST3077,Laptop,Electronics,North,4,68525.93,0.03,265880.62,61075.47,Net Banking
ORD06220,2024-04-30,CUST9077,Smartwatch,Electronics,West,4,6807.72,0.09,24780.09,2626.16,Credit Card
ORD06221,2025-04-01,CUST2759,Smartphone,Electronics,North,3,30538.53,0.04,87950.97,18368.28,Credit Card
ORD06222,2025-06-25,CUST6277,Webcam,Accessories,West,2,3411.63,0.08,6277.39,1318.02,UPI
ORD06223,2024-01-09,CUST9708,Mouse,Accessories,East,3,893.19,0.24,2036.48,153.98,UPI
ORD06224,2025-10-02,CUST7636,Keyboard,Accessories,East,3,1492.12,0.17,3715.39,198.58,Credit Card
ORD06225,2024-11-07,CUST7414,Smartwatch,Electronics,South,1,7679.41,0.0,7679.41,1276.95,Net Banking
ORD06226,2024-07-22,CUST6472,Smartphone,Electronics,South,4,33061.59,0.06,124311.57,25843.85,Cash
ORD06227,2025-05-14,CUST2739,Webcam,Accessories,North,1,3840.55,0.0,3840.55,617.89,Cash
ORD06228,2025-10-11,CUST3328,Printer,Office,East,2,10666.57,0.18,17493.17,3720.26,Cash
ORD06229,2024-05-24,CUST9466,Tablet,Electronics,North,3,24342.19,0.12,64263.39,11211.43,Net Banking
ORD06230,2025-02-04,CUST5566,Tablet,Electronics,West,2,21255.72,0.25,31883.57,5760.04,Debit Card
ORD06231,2025-11-16,CUST1678,Laptop,Electronics,West,4,57485.93,0.18,188553.86,10489.42,Debit Card
ORD06232,2025-07-14,CUST1894,Smartphone,Electronics,North,4,33082.09,0.13,115125.67,7796.27,Net Banking
ORD06233,2025-08-24,CUST8380,Keyboard,Accessories,South,5,1499.18,0.2,5996.7,1169.39,Debit Card
ORD06234,2025-04-27,CUST9291,Keyboard,Accessories,North,2,1332.32,0.18,2185.0,442.61,Cash
ORD06235,2024-04-09,CUST7162,Headphones,Electronics,North,1,2211.48,0.06,2078.8,329.36,Net Banking
ORD06236,2024-07-21,CUST4907,Tablet,Electronics,South,2,19751.0,0.13,34366.74,5774.75,Credit Card
ORD06237,2024-07-26,CUST7633,Smartwatch,Electronics,West,3,7527.04,0.14,19419.77,3357.16,Net Banking
ORD06238,2025-08-27,CUST6778,Smartphone,Electronics,South,4,31897.71,0.11,113555.85,8062.27,UPI
ORD06239,2024-09-23,CUST6434,Keyboard,Accessories,East,4,1366.72,0.04,5248.2,963.47,Cash
ORD06240,2025-12-13,CUST6436,Headphones,Electronics,South,2,2760.19,0.06,5189.16,756.03,Cash
ORD06241,2025-05-20,CUST9223,Smartphone,Electronics,East,2,28031.65,0.07,52138.87,8889.92,UPI
ORD06242,2024-09-06,CUST8017,Monitor,Electronics,East,2,13054.75,0.0,26109.5,4246.14,Cash
ORD06243,2025-03-14,CUST2580,Keyboard,Accessories,South,3,1494.96,0.23,3453.36,699.65,UPI
ORD06244,2025-08-30,CUST3466,Monitor,Electronics,South,3,12833.58,0.17,31955.6,3633.79,UPI
ORD06245,2025-01-21,CUST4509,Smartphone,Electronics,South,1,28932.49,0.17,24013.97,2994.67,Cash
ORD06246,2025-04-06,CUST2001,Keyboard,Accessories,North,2,1431.21,0.14,2461.69,315.89,Net Banking
ORD06247,2025-05-10,CUST5832,Monitor,Electronics,South,1,13228.89,0.17,10979.98,2223.35,UPI
ORD06248,2025-09-07,CUST9864,Mouse,Accessories,East,5,688.47,0.25,2581.77,351.7,Credit Card
ORD06249,2025-10-17,CUST8958,Headphones,Electronics,East,3,2856.05,0.1,7711.34,658.66,UPI
ORD06250,2024-05-16,CUST6112,Smartwatch,Electronics,East,4,7311.18,0.18,23980.66,5913.83,Credit Card
ORD06251,2025-08-02,CUST8785,Tablet,Electronics,South,5,21554.39,0.09,98072.48,14581.06,Net Banking
ORD06252,2024-06-21,CUST8133,Headphones,Electronics,West,4,2596.04,0.21,8203.49,589.42,UPI
ORD06253,2024-01-02,CUST5676,Monitor,Electronics,West,5,10641.87,0.21,42035.38,7736.82,UPI
ORD06254,2024-04-28,CUST9148,Keyboard,Accessories,East,1,1506.32,0.23,1159.87,229.46,UPI
ORD06255,2025-05-12,CUST5303,Mouse,Accessories,East,1,916.42,0.0,916.42,137.5,Credit Card
ORD06256,2024-04-29,CUST6318,Mouse,Accessories,North,3,736.46,0.07,2054.74,368.4,Net Banking
ORD06257,2025-01-11,CUST8816,Tablet,Electronics,South,4,23467.04,0.03,91052.1,7697.09,Cash
ORD06258,2024-05-28,CUST9217,Mouse,Accessories,South,5,784.39,0.11,3490.55,431.38,Debit Card
ORD06259,2024-08-06,CUST8391,Headphones,Electronics,East,2,2614.34,0.12,4601.24,378.98,UPI
ORD06260,2024-07-01,CUST6610,Webcam,Accessories,North,2,3190.13,0.06,5997.45,764.36,UPI
ORD06261,2025-05-30,CUST8450,Mouse,Accessories,East,3,792.91,0.18,1950.56,317.08,UPI
ORD06262,2025-07-23,CUST7312,Tablet,Electronics,North,4,25168.61,0.07,93627.24,12968.11,Cash
ORD06263,2024-07-16,CUST3020,Mouse,Accessories,East,2,726.87,0.21,1148.45,193.68,Net Banking
ORD06264,2025-01-08,CUST9402,Mouse,Accessories,East,3,832.75,0.04,2398.31,360.59,Credit Card
ORD06265,2025-03-18,CUST4178,Printer,Office,South,3,10226.79,0.09,27919.15,3170.58,Cash
ORD06266,2024-01-26,CUST1316,Headphones,Electronics,North,4,2548.79,0.16,8563.93,673.84,Net Banking
ORD06267,2025-04-02,CUST5417,Monitor,Electronics,West,2,12414.44,0.15,21104.55,2121.74,Debit Card
ORD06268,2024-04-22,CUST9088,Laptop,Electronics,North,2,65043.64,0.02,127485.54,11491.88,Net Banking
ORD06269,2025-12-09,CUST3666,Webcam,Accessories,North,2,2992.78,0.21,4728.59,905.45,Net Banking
ORD06270,2024-08-16,CUST2085,Mouse,Accessories,South,1,896.02,0.15,761.62,162.98,Credit Card
ORD06271,2024-12-25,CUST8645,Smartwatch,Electronics,West,2,7686.66,0.22,11991.18,2327.22,Net Banking
ORD06272,2025-01-19,CUST8250,Mouse,Accessories,West,5,721.8,0.22,2815.02,503.18,Net Banking
ORD06273,2025-03-16,CUST4863,Printer,Office,South,1,9739.82,0.14,8376.24,934.54,UPI
ORD06274,2024-04-07,CUST8541,Monitor,Electronics,East,1,12973.98,0.23,9989.96,1920.04,Credit Card
ORD06275,2024-10-30,CUST5960,Smartwatch,Electronics,North,1,8008.13,0.21,6326.42,1081.92,Net Banking
ORD06276,2025-12-12,CUST5026,Webcam,Accessories,North,1,3973.69,0.24,3020.01,179.32,Net Banking
ORD06277,2024-01-21,CUST9780,Smartwatch,Electronics,East,3,7838.65,0.21,18577.61,4301.13,UPI
ORD06278,2025-11-28,CUST7238,Headphones,Electronics,West,5,2243.78,0.21,8862.93,584.87,Credit Card
ORD06279,2024-06-23,CUST9869,Tablet,Electronics,East,4,24735.54,0.12,87069.09,13107.52,Debit Card
ORD06280,2024-10-05,CUST8687,Tablet,Electronics,West,2,24497.74,0.05,46545.7,7103.52,Credit Card
ORD06281,2024-07-26,CUST2849,Webcam,Accessories,East,1,3370.8,0.23,2595.51,564.27,Cash
ORD06282,2025-08-25,CUST2309,Monitor,Electronics,East,4,11620.28,0.18,38114.52,8865.95,Net Banking
ORD06283,2025-01-18,CUST2590,Tablet,Electronics,West,3,21735.4,0.07,60641.76,14428.81,Cash
ORD06284,2024-10-31,CUST8521,Smartphone,Electronics,North,4,31405.58,0.09,114316.31,18740.38,Cash
ORD06285,2025-12-28,CUST4973,Printer,Office,East,1,9282.51,0.17,7704.48,1431.56,Debit Card
ORD06286,2024-12-20,CUST7593,Webcam,Accessories,West,5,2999.1,0.12,13196.02,893.42,Net Banking
ORD06287,2024-01-31,CUST1836,Webcam,Accessories,North,4,3123.29,0.02,12243.3,1806.91,Credit Card
ORD06288,2024-05-04,CUST6374,Laptop,Electronics,North,1,63832.26,0.04,61278.97,14067.9,UPI
ORD06289,2025-03-06,CUST8122,Laptop,Electronics,North,1,60749.05,0.19,49206.73,6945.01,Net Banking
ORD06290,2025-12-08,CUST5160,Headphones,Electronics,West,2,2698.39,0.08,4965.03,317.36,Cash
ORD06291,2024-10-17,CUST4045,Headphones,Electronics,West,2,2205.02,0.13,3836.73,345.8,Cash
ORD06292,2025-04-03,CUST7616,Laptop,Electronics,East,5,73140.57,0.19,296219.32,40256.62,Net Banking
ORD06293,2024-02-03,CUST5431,Tablet,Electronics,East,2,24609.16,0.19,39866.84,3887.24,Debit Card
ORD06294,2025-06-10,CUST2959,Keyboard,Accessories,East,5,1683.94,0.04,8082.91,1038.32,Credit Card
ORD06295,2024-12-06,CUST2715,Webcam,Accessories,East,3,3751.59,0.02,11029.68,1285.98,UPI
ORD06296,2024-12-02,CUST8098,Smartphone,Electronics,West,3,26463.0,0.15,67480.65,7678.34,Debit Card
ORD06297,2024-06-18,CUST9212,Webcam,Accessories,West,2,3435.04,0.19,5564.77,379.7,Credit Card
ORD06298,2024-05-25,CUST3406,Mouse,Accessories,South,3,711.54,0.04,2049.23,464.24,Net Banking
ORD06299,2025-12-18,CUST8246,Monitor,Electronics,East,4,13755.72,0.09,50070.81,9440.41,Debit Card
ORD06300,2025-07-03,CUST1132,Printer,Office,West,4,9499.12,0.22,29637.24,5176.93,UPI
ORD06301,2024-11-15,CUST9867,Keyboard,Accessories,South,4,1538.4,0.24,4676.73,801.1,Credit Card
ORD06302,2024-01-29,CUST9818,Smartphone,Electronics,East,3,32514.54,0.11,86813.82,11225.06,Net Banking
ORD06303,2025-01-08,CUST8154,Mouse,Accessories,South,4,900.95,0.02,3531.72,758.13,Credit Card
ORD06304,2025-01-05,CUST1789,Headphones,Electronics,East,5,2691.66,0.06,12650.81,2985.69,UPI
ORD06305,2024-01-10,CUST6511,Smartphone,Electronics,East,1,31570.53,0.06,29676.3,1517.15,Net Banking
ORD06306,2025-02-19,CUST1990,Laptop,Electronics,North,2,64336.64,0.06,120952.89,7963.5,Cash
ORD06307,2024-04-24,CUST4456,Webcam,Accessories,West,5,3610.67,0.12,15886.95,2939.01,Cash
ORD06308,2024-03-24,CUST9987,Smartphone,Electronics,South,4,26347.47,0.15,89581.41,8708.51,Debit Card
ORD06309,2025-08-15,CUST8988,Monitor,Electronics,East,1,13382.12,0.03,12980.66,3015.94,Net Banking
ORD06310,2025-08-05,CUST5247,Smartwatch,Electronics,West,2,7091.93,0.22,11063.41,2029.94,Net Banking
ORD06311,2024-02-25,CUST8421,Headphones,Electronics,South,5,2155.1,0.15,9159.18,1132.61,Debit Card
ORD06312,2024-10-26,CUST7273,Printer,Office,North,2,11259.71,0.15,19141.5,2546.9,Credit Card
ORD06313,2024-08-09,CUST2598,Printer,Office,West,3,9967.91,0.25,22427.79,4220.38,Debit Card
ORD06314,2025-09-07,CUST4922,Smartphone,Electronics,South,4,33317.3,0.16,111946.14,8753.38,Net Banking
ORD06315,2024-08-20,CUST7696,Smartwatch,Electronics,East,5,7749.46,0.23,29835.44,6763.17,Cash
ORD06316,2024-06-26,CUST3032,Webcam,Accessories,North,5,3831.54,0.07,17816.66,907.84,Credit Card
ORD06317,2024-03-14,CUST8958,Mouse,Accessories,West,1,694.74,0.06,653.05,160.51,Net Banking
ORD06318,2024-10-14,CUST9521,Keyboard,Accessories,East,1,1386.18,0.13,1205.98,100.73,UPI
ORD06319,2024-12-11,CUST4542,Webcam,Accessories,North,1,3894.33,0.13,3388.06,672.27,Cash
ORD06320,2024-02-22,CUST2696,Mouse,Accessories,North,2,895.76,0.06,1684.02,97.65,Cash
ORD06321,2025-03-07,CUST4126,Keyboard,Accessories,South,4,1481.13,0.17,4917.35,670.17,Debit Card
ORD06322,2025-04-09,CUST4425,Smartwatch,Electronics,East,2,6874.09,0.01,13610.69,2396.34,Net Banking
ORD06323,2024-04-27,CUST9868,Keyboard,Accessories,East,4,1353.81,0.17,4494.66,287.86,Net Banking
ORD06324,2024-08-05,CUST6694,Webcam,Accessories,West,5,3991.83,0.11,17763.65,2463.08,Debit Card
ORD06325,2025-06-25,CUST9002,Monitor,Electronics,West,2,10967.3,0.17,18205.72,2014.05,Net Banking
ORD06326,2025-09-11,CUST2272,Smartphone,Electronics,West,2,27218.43,0.12,47904.44,7168.84,Net Banking
ORD06327,2024-10-08,CUST2350,Mouse,Accessories,West,2,838.57,0.24,1274.63,192.36,Cash
ORD06328,2024-10-24,CUST9368,Monitor,Electronics,North,3,11074.24,0.08,30564.9,6328.35,Credit Card
ORD06329,2025-12-14,CUST8934,Mouse,Accessories,West,4,905.31,0.25,2715.92,202.88,UPI
ORD06330,2024-10-24,CUST5003,Smartphone,Electronics,East,4,25598.16,0.02,100344.8,6677.34,UPI
ORD06331,2025-08-30,CUST4264,Tablet,Electronics,North,2,18737.97,0.17,31105.03,4055.41,Credit Card
ORD06332,2024-02-08,CUST5191,Keyboard,Accessories,West,3,1502.19,0.11,4010.86,912.49,UPI
ORD06333,2024-11-12,CUST1688,Smartwatch,Electronics,West,2,6974.93,0.21,11020.39,2436.1,Credit Card
ORD06334,2024-10-29,CUST6074,Tablet,Electronics,South,4,19778.2,0.2,63290.25,10252.93,Net Banking
ORD06335,2024-06-28,CUST2582,,Electronics,North,5,21963.83,0.2,87855.32,20009.47,Debit Card
ORD06336,2024-06-09,CUST5907,Printer,Office,East,3,9734.98,0.02,28620.85,6040.97,Net Banking
ORD06337,2024-06-03,CUST4808,Laptop,Electronics,West,3,72611.43,0.21,172089.08,18170.52,Debit Card
ORD06338,2024-06-05,CUST1364,Webcam,Accessories,North,2,2984.72,0.05,5670.96,476.48,Credit Card
ORD06339,2025-12-22,CUST1515,Monitor,Electronics,East,5,13714.57,0.01,67887.13,7483.29,Net Banking
ORD06340,2025-01-18,CUST1575,Monitor,Electronics,West,4,12447.81,0.05,47301.69,4513.7,Credit Card
ORD06341,2025-09-14,CUST5917,Monitor,Electronics,West,1,10746.64,0.12,9457.04,1650.67,Cash
ORD06342,2024-10-10,CUST7908,Monitor,Electronics,South,4,10368.34,0.19,33593.41,5609.42,Credit Card
ORD06343,2025-03-26,CUST9142,Webcam,Accessories,South,4,3540.01,0.05,13452.04,2282.64,Net Banking
ORD06344,2024-12-27,CUST5776,Tablet,Electronics,North,5,20250.28,0.03,98213.83,8629.14,Debit Card
ORD06345,2025-04-21,CUST7133,Webcam,Accessories,South,3,3291.22,0.16,8293.88,1728.22,Cash
ORD06346,2024-05-23,CUST9733,Monitor,Electronics,South,4,11082.48,0.25,33247.43,4545.76,Net Banking
ORD06347,2024-04-09,CUST8238,Laptop,Electronics,North,3,67928.36,0.15,173217.32,25028.24,Net Banking
ORD06348,2024-09-13,CUST8909,Headphones,Electronics,West,5,2540.15,0.17,10541.61,2629.0,Net Banking
ORD06349,2025-09-21,CUST5049,Smartphone,Electronics,East,5,26201.77,0.14,112667.61,11993.96,Cash
ORD06350,2024-12-03,CUST2373,Monitor,Electronics,North,2,12095.5,0.2,19352.79,2493.17,Net Banking
ORD06351,2025-01-22,CUST8815,Smartwatch,Electronics,North,1,7611.5,0.24,5784.74,1071.87,Debit Card
ORD06352,2025-12-25,CUST3132,Headphones,Electronics,East,5,2185.9,0.14,9399.35,2125.03,Net Banking
ORD06353,2024-05-11,CUST7508,Webcam,Accessories,South,5,3909.23,0.1,17591.52,1325.63,UPI
ORD06354,2025-09-18,CUST7470,Smartwatch,Electronics,North,3,7164.44,0.22,16764.8,3302.82,Credit Card
ORD06355,2025-02-07,CUST3539,Smartwatch,Electronics,West,5,7946.31,0.24,30195.98,7055.48,UPI
ORD06356,2024-11-14,CUST3756,Mouse,Accessories,North,4,715.55,0.03,2776.35,373.65,Debit Card
ORD06357,2025-04-11,CUST6279,Smartwatch,Electronics,East,2,8036.49,0.14,13822.76,1483.81,Debit Card
ORD06358,2024-04-25,CUST8375,Monitor,Electronics,West,2,12519.38,0.2,20031.01,3716.7,Credit Card
ORD06359,2024-02-26,CUST7333,Mouse,Accessories,North,4,816.2,0.13,2840.37,281.81,Debit Card
ORD06360,2025-01-11,CUST3549,Printer,Office,West,5,10045.84,0.1,45206.27,5734.78,Debit Card
ORD06361,2025-10-25,CUST6242,Tablet,Electronics,East,1,18856.12,0.16,15839.14,3633.22,Net Banking
ORD06362,2024-10-02,CUST9923,Smartwatch,Electronics,North,5,7923.24,0.07,36843.08,6192.09,Credit Card
ORD06363,2025-05-12,CUST1833,Laptop,Electronics,North,2,67807.89,0.09,123410.36,8514.75,UPI
ORD06364,2025-05-19,CUST5686,Smartphone,Electronics,East,1,26324.64,0.25,19743.48,2289.05,Net Banking
ORD06365,2024-06-14,CUST7118,Smartwatch,Electronics,West,3,5994.0,0.16,15104.88,2650.2,Net Banking
ORD06366,2024-05-31,CUST1284,Printer,Office,West,3,8652.35,0.22,20246.5,2962.05,UPI
ORD06367,2024-07-30,CUST8491,Keyboard,Accessories,East,5,1549.23,0.2,6196.91,1128.26,Debit Card
ORD06368,2024-10-06,CUST4538,Webcam,Accessories,West,5,3619.72,0.16,15202.81,3075.35,Cash
ORD06369,2024-11-21,CUST5233,Webcam,Accessories,West,1,3499.65,0.21,2764.72,403.99,Cash
ORD06370,2024-04-11,CUST1075,Printer,Office,North,1,9420.3,0.07,8760.88,2167.36,Debit Card
ORD06371,2025-01-17,CUST8015,Keyboard,Accessories,West,5,1514.28,0.16,6359.99,1481.46,Net Banking
ORD06372,2025-01-08,CUST2744,Webcam,Accessories,East,2,3517.12,0.15,5979.1,370.59,UPI
ORD06373,2024-10-07,CUST8237,Webcam,Accessories,West,3,2995.39,0.16,7548.37,779.64,Cash
ORD06374,2025-04-24,CUST7700,Webcam,Accessories,North,1,3271.59,0.04,3140.73,345.82,Net Banking
ORD06375,2025-04-09,CUST8345,Printer,Office,West,2,8659.56,0.07,16106.77,1399.0,Cash
ORD06376,2025-08-15,CUST5783,Tablet,Electronics,East,5,24641.02,0.07,114580.75,12879.25,UPI
ORD06377,2025-03-28,CUST4341,Smartphone,Electronics,South,4,32027.01,0.15,108891.83,14696.49,Net Banking
ORD06378,2024-09-29,CUST8008,Printer,Office,South,1,11488.35,0.24,8731.14,526.58,Credit Card
ORD06379,2025-07-23,CUST2707,Keyboard,Accessories,South,4,1410.98,0.24,4289.37,323.68,Net Banking
ORD06380,2025-04-01,CUST5251,Smartwatch,Electronics,South,2,7794.82,0.06,14654.26,1014.8,Credit Card
ORD06381,2025-05-28,CUST4778,Tablet,Electronics,North,3,22680.16,0.08,62597.24,3709.72,Debit Card
ORD06382,2024-12-04,CUST6013,Tablet,Electronics,West,2,21690.63,0.01,42947.44,6283.19,UPI
ORD06383,2025-06-04,CUST7236,Smartwatch,Electronics,North,3,6417.4,0.1,17326.99,2023.11,Cash
ORD06384,2025-12-03,CUST1645,Laptop,Electronics,South,2,69648.65,0.21,110044.86,26090.48,Debit Card
ORD06385,2024-05-02,CUST3239,Mouse,Accessories,West,1,896.99,0.23,690.69,48.73,Debit Card
ORD06386,2024-04-13,CUST3278,Smartphone,Electronics,South,1,27617.78,0.06,25960.71,6106.14,Net Banking
ORD06387,2024-03-23,CUST8094,Smartphone,Electronics,South,4,27078.51,0.07,100732.07,6780.19,Net Banking
ORD06388,2024-04-18,CUST9718,Laptop,Electronics,East,2,68826.33,0.06,129393.5,22494.21,Credit Card
ORD06389,2024-04-29,CUST5458,Mouse,Accessories,North,2,914.47,0.09,1664.34,165.68,Credit Card
ORD06390,2025-03-27,CUST3417,Smartphone,Electronics,South,4,32249.6,0.2,103198.71,22224.99,Debit Card
ORD06391,2024-08-15,CUST3137,Keyboard,Accessories,South,5,1403.06,0.16,5892.86,367.1,Debit Card
ORD06392,2024-09-23,CUST7765,Headphones,Electronics,North,2,2439.97,0.2,3903.95,938.91,Net Banking
ORD06393,2025-09-09,CUST5540,Headphones,Electronics,South,2,2413.24,0.15,4102.5,243.9,Net Banking
ORD06394,2025-05-10,CUST5054,Smartphone,Electronics,South,2,33168.86,0.06,62357.45,6124.91,Cash
ORD06395,2024-08-04,CUST1128,Monitor,Electronics,West,5,12976.93,0.06,60991.59,8711.85,UPI
ORD06396,2025-10-01,CUST4153,Smartphone,Electronics,North,1,30800.78,0.0,30800.78,6197.47,Cash
ORD06397,2024-10-12,CUST9400,Smartwatch,Electronics,North,4,6527.41,0.2,20887.73,5017.7,UPI
ORD06398,2025-01-05,CUST9237,Smartwatch,Electronics,East,5,7919.78,0.21,31283.11,4242.26,Debit Card
ORD06399,2025-10-22,CUST7635,Mouse,Accessories,West,3,836.8,0.19,2033.41,409.66,Net Banking
ORD06400,2025-10-24,CUST1000,Webcam,Accessories,North,3,3994.0,0.02,11742.36,2294.84,Cash
ORD06401,2025-07-26,CUST4235,Tablet,Electronics,South,5,22528.77,0.19,91241.53,14984.94,UPI
ORD06402,2025-10-31,CUST5932,Keyboard,Accessories,North,5,1644.54,,8140.46,1531.9,Credit Card
ORD06403,2024-06-22,CUST9004,Laptop,Electronics,North,1,71105.55,0.03,68972.39,3973.73,UPI
ORD06404,2024-09-30,CUST7015,Smartphone,Electronics,South,3,28535.96,0.11,76191.01,10538.4,UPI
ORD06405,2025-04-25,CUST2634,Webcam,Accessories,West,4,3987.22,0.12,14035.02,2907.67,Net Banking
ORD06406,2025-11-15,CUST9989,Webcam,Accessories,North,2,2998.04,0.2,4796.86,694.8,Cash
ORD06407,2024-02-28,CUST5353,Keyboard,Accessories,East,2,1620.92,0.17,2690.73,604.61,Debit Card
ORD06408,2025-02-22,CUST2894,Laptop,Electronics,North,1,74078.36,0.04,71115.23,15412.63,Cash
ORD06409,2025-09-13,CUST6656,Smartwatch,Electronics,North,1,6661.71,0.06,6262.0,1394.48,Debit Card
ORD06410,2025-02-09,CUST6266,Printer,Office,South,3,10444.33,0.07,29139.69,2214.6,Credit Card
ORD06411,2025-01-04,CUST5850,Keyboard,Accessories,West,4,1528.0,0.03,5928.64,585.92,Net Banking
ORD06412,2024-08-02,CUST8750,Webcam,Accessories,East,4,3774.58,0.07,14041.45,785.19,UPI
ORD06413,2024-11-02,CUST4943,Headphones,Electronics,East,5,2774.63,0.18,11376.0,2804.87,Cash
ORD06414,2024-03-05,CUST3061,Smartphone,Electronics,West,1,30927.4,0.06,29071.76,2826.58,Cash
ORD06415,2025-02-02,CUST9067,Mouse,Accessories,North,2,875.82,0.21,1383.79,170.79,Debit Card
ORD06416,2025-02-15,CUST5525,Headphones,Electronics,East,2,2359.21,0.12,4152.22,435.92,Cash
ORD06417,2024-09-08,CUST4364,Webcam,Accessories,South,3,3215.02,0.08,8873.45,514.29,UPI
ORD06418,2024-10-24,CUST3845,Tablet,Electronics,North,2,21542.41,0.1,38776.33,3964.94,Debit Card
ORD06419,2024-05-27,CUST9174,Monitor,Electronics,East,4,12639.85,0.18,41458.71,2887.15,UPI
ORD06420,2024-08-15,CUST6018,Laptop,Electronics,South,4,58901.32,0.13,204976.58,26412.59,Debit Card
ORD06421,2025-12-20,CUST1268,Smartwatch,Electronics,West,1,7378.74,0.0,7378.74,1795.73,UPI
ORD06422,2024-07-15,CUST8622,Smartphone,Electronics,West,3,29046.84,0.23,67098.21,12725.34,Debit Card
ORD06423,2024-08-30,CUST4409,Mouse,Accessories,West,2,870.94,0.02,1707.04,326.69,Net Banking
ORD06424,2025-12-03,CUST4877,,Office,West,1,8610.51,0.23,6630.09,932.42,Cash
ORD06425,2024-06-19,CUST7118,Smartwatch,Electronics,South,5,7352.76,0.01,36396.18,7725.48,UPI
ORD06426,2025-04-07,CUST5680,Smartphone,Electronics,South,5,31348.4,0.19,126961.02,29411.39,Credit Card
ORD06427,2024-09-14,CUST4495,Printer,Office,North,2,11322.81,0.13,19701.68,4773.91,Net Banking
ORD06428,2025-04-16,CUST6797,Mouse,Accessories,West,2,851.21,0.13,1481.1,103.38,Net Banking
ORD06429,2024-05-30,CUST2254,Webcam,Accessories,West,2,3811.12,0.02,7469.79,1687.64,UPI
ORD06430,2025-03-05,CUST6823,Monitor,Electronics,West,4,13456.53,0.06,50596.54,4807.51,UPI
ORD06431,2025-01-16,CUST9759,Headphones,Electronics,South,2,2631.29,0.19,4262.69,551.82,Credit Card
ORD06432,2025-02-20,CUST5310,Headphones,Electronics,West,5,2342.62,0.22,9136.2,1088.08,UPI
ORD06433,2024-10-26,CUST5774,Webcam,Accessories,South,2,3888.26,0.13,6765.58,1251.81,Credit Card
ORD06434,2024-08-24,CUST9185,Smartwatch,Electronics,North,3,7519.91,0.09,20529.37,3481.47,UPI
ORD06435,2024-06-01,CUST2794,Webcam,Accessories,West,5,3420.66,0.01,16932.26,1216.09,Credit Card
ORD06436,2024-10-17,CUST3183,Webcam,Accessories,North,3,3721.06,0.17,9265.43,1913.91,Debit Card
ORD06437,2025-02-22,CUST6838,Smartphone,Electronics,South,5,33309.2,0.07,154887.78,21363.53,Cash
ORD06438,2025-07-30,CUST5856,Smartphone,Electronics,North,1,34280.87,0.01,33938.06,1711.98,Cash
ORD06439,2025-03-02,CUST1328,Mouse,Accessories,East,5,908.56,0.17,3770.54,501.11,UPI
ORD06440,2025-03-27,CUST7407,Monitor,Electronics,North,5,11371.18,0.12,50033.19,7668.4,UPI
ORD06441,2024-07-08,CUST4942,Smartphone,Electronics,South,3,29295.24,0.0,87885.73,5604.91,Cash
ORD06442,2024-06-07,CUST6179,Mouse,Accessories,North,3,706.29,0.03,2055.3,164.89,Cash
ORD06443,2024-02-01,CUST3015,Tablet,Electronics,North,5,20333.79,0.17,84385.24,20987.83,Credit Card
ORD06444,2024-11-17,CUST3505,Webcam,Accessories,South,5,3901.54,0.02,19117.56,4286.9,Credit Card
ORD06445,2024-02-29,CUST9971,Webcam,Accessories,South,4,3353.89,0.22,10464.14,802.24,Debit Card
ORD06446,2024-06-27,CUST9890,Smartwatch,Electronics,West,1,7253.16,0.08,6672.91,1108.12,Debit Card
ORD06447,2025-11-29,CUST9378,Tablet,Electronics,North,1,23095.37,0.02,22633.47,2848.39,Credit Card
ORD06448,2024-07-23,CUST5139,Smartwatch,Electronics,West,2,7591.84,0.19,12298.78,1952.41,Debit Card
ORD06449,2025-02-04,CUST9357,Printer,Office,East,5,9048.4,0.13,39360.54,5672.13,Net Banking
ORD06450,2024-04-24,CUST1700,Mouse,Accessories,East,5,753.16,0.08,3464.51,206.59,Credit Card
ORD06451,2024-03-08,CUST7483,Mouse,Accessories,South,5,787.6,0.1,3544.2,400.79,Debit Card
ORD06452,2024-08-10,CUST8983,Webcam,Accessories,West,5,3358.08,0.01,16622.51,1248.42,Debit Card
ORD06453,2025-02-25,CUST9400,Keyboard,Accessories,East,1,1717.31,0.17,1425.37,210.66,UPI
ORD06454,2025-01-21,CUST4269,Printer,Office,North,3,11004.82,0.09,30043.17,6953.89,UPI
ORD06455,2024-11-05,CUST8615,Mouse,Accessories,South,4,795.12,0.18,2608.01,649.67,UPI
ORD06456,2025-11-14,CUST4176,Smartphone,Electronics,North,3,33413.42,0.16,84201.81,20111.65,Cash
ORD06457,2024-07-28,CUST8089,Webcam,Accessories,West,3,3340.04,0.16,8416.89,2080.15,Cash
ORD06458,2025-09-30,CUST5998,Smartwatch,Electronics,West,1,7600.24,0.2,6080.19,322.55,Cash
ORD06459,2025-10-31,CUST4751,Tablet,Electronics,East,4,20176.26,0.16,67792.23,13279.78,Credit Card
ORD06460,2025-08-22,CUST6468,Smartwatch,Electronics,West,5,7571.88,0.1,34073.44,3563.73,UPI
ORD06461,2025-01-03,CUST2495,Headphones,Electronics,East,1,2467.34,0.1,2220.61,495.47,UPI
ORD06462,2025-07-19,CUST2090,Keyboard,Accessories,East,1,1323.37,0.03,1283.67,273.1,Credit Card
ORD06463,2025-07-13,CUST9360,Mouse,Accessories,South,4,745.58,0.19,2415.69,325.48,Cash
ORD06464,2025-06-21,CUST3199,Monitor,Electronics,East,2,11648.19,0.19,18870.07,2729.6,Debit Card
ORD06465,2024-11-23,CUST5569,Laptop,Electronics,West,1,69861.21,0.06,65669.54,6765.17,Net Banking
ORD06466,2024-03-28,CUST9932,Keyboard,Accessories,West,3,1307.84,0.22,3060.35,329.79,UPI
ORD06467,2024-04-16,CUST9353,Webcam,Accessories,South,3,3667.52,0.15,9352.19,2302.83,Cash
ORD06468,2024-08-24,CUST7786,Mouse,Accessories,West,5,851.84,0.12,3748.11,853.71,Debit Card
ORD06469,2024-11-07,CUST9799,Tablet,Electronics,South,1,23015.88,0.0,23015.88,2034.0,UPI
ORD06470,2024-07-22,CUST1727,Mouse,Accessories,South,5,862.56,0.1,3881.52,407.97,UPI
ORD06471,2025-08-03,CUST1642,Laptop,Electronics,South,1,58724.29,0.16,49328.4,3538.31,Net Banking
ORD06472,2025-08-14,CUST8063,Tablet,Electronics,South,4,22574.88,0.02,88493.54,21926.41,Cash
ORD06473,2025-10-30,CUST8499,Smartwatch,Electronics,South,1,7926.4,0.11,7054.5,1632.71,Credit Card
ORD06474,2025-09-29,CUST5043,Tablet,Electronics,East,2,22731.18,0.25,34096.76,5469.79,Debit Card
ORD06475,2025-06-20,CUST8760,Keyboard,Accessories,West,3,1550.1,0.18,3813.25,719.1,Debit Card
ORD06476,2024-01-27,CUST7377,Smartwatch,Electronics,South,4,7496.52,0.14,25788.04,5147.02,Cash
ORD06477,2024-12-20,CUST4527,Mouse,Accessories,North,3,759.97,0.13,1983.52,180.03,Debit Card
ORD06478,2025-06-17,CUST4766,Webcam,Accessories,North,5,3710.5,0.01,18366.97,4351.75,Credit Card
ORD06479,2024-07-22,CUST1153,Printer,Office,North,4,11248.7,0.24,34196.05,5312.31,Debit Card
ORD06480,2024-11-06,CUST5277,Webcam,Accessories,West,2,2986.44,0.23,4599.12,315.0,Cash
ORD06481,2024-09-21,CUST2207,Mouse,Accessories,West,3,888.83,0.17,2213.18,286.42,Credit Card
ORD06482,2024-02-23,CUST3615,Laptop,Electronics,East,1,59513.06,0.02,58322.8,9934.08,Net Banking
ORD06483,2025-01-08,CUST5660,Printer,Office,South,1,9867.77,0.05,9374.38,1130.22,Cash
ORD06484,2025-09-02,CUST6319,Mouse,Accessories,East,1,884.56,0.05,840.34,159.53,Net Banking
ORD06485,2025-02-26,CUST2980,Monitor,Electronics,East,4,13166.08,0.13,45817.97,10373.65,Debit Card
ORD06486,2025-08-17,CUST8213,Keyboard,Accessories,South,2,1676.37,0.05,3185.1,650.97,Credit Card
ORD06487,2024-08-07,CUST3889,Monitor,Electronics,East,2,13585.5,0.17,22551.93,4026.23,Debit Card
ORD06488,2025-04-21,CUST9900,Smartwatch,Electronics,South,2,6889.03,0.14,11849.13,1806.18,Cash
ORD06489,2025-06-03,CUST7002,Headphones,Electronics,South,3,2617.27,0.0,7851.82,792.19,Net Banking
ORD06490,2024-12-28,CUST9165,Mouse,Accessories,South,4,773.71,0.19,2506.84,353.44,Net Banking
ORD06491,2025-03-28,CUST4157,Smartphone,Electronics,North,1,28656.45,0.05,27223.63,2956.23,Debit Card
ORD06492,2025-09-15,CUST9147,Smartphone,Electronics,West,3,29384.36,0.21,69640.93,16491.3,Cash
ORD06493,2024-09-09,CUST8348,Tablet,Electronics,South,2,23604.3,0.09,42959.83,9943.58,Debit Card
ORD06494,2024-07-31,CUST4645,Webcam,Accessories,South,1,3501.51,0.08,3221.39,261.47,UPI
ORD06495,2025-10-11,CUST3121,Webcam,Accessories,East,4,3829.76,0.0,15319.05,3286.3,Cash
ORD06496,2024-05-23,CUST3941,Webcam,Accessories,North,5,3757.48,0.25,14090.55,2685.42,Cash
ORD06497,2024-01-11,CUST4880,Monitor,Electronics,East,2,10273.72,0.15,17465.33,4279.74,Credit Card
ORD06498,2025-06-14,CUST9556,Keyboard,Accessories,East,2,1558.61,0.11,2774.32,395.79,UPI
ORD06499,2025-03-23,CUST6999,Mouse,Accessories,North,2,784.78,0.02,1538.16,299.07,Net Banking
ORD06500,2024-02-21,CUST1184,Laptop,Electronics,East,2,64154.27,0.17,106496.08,16355.33,Debit Card
ORD06501,2024-07-23,CUST5788,Tablet,Electronics,East,1,24101.26,0.07,22414.17,1431.82,Net Banking
ORD06502,2025-10-16,CUST4005,Smartwatch,Electronics,South,4,7099.98,0.25,21299.93,1264.21,Cash
ORD06503,2025-07-07,CUST8655,Printer,Office,North,3,11156.87,0.24,25437.65,1893.13,Debit Card
ORD06504,2024-12-21,CUST1729,Smartwatch,Electronics,North,1,7446.89,0.18,6106.45,667.06,Net Banking
ORD06505,2025-08-30,CUST6225,Mouse,Accessories,North,4,812.68,0.24,2470.55,251.56,Debit Card
ORD06506,2024-12-04,CUST8601,Headphones,Electronics,East,3,2690.9,0.03,7830.53,1532.16,Net Banking
ORD06507,2025-11-08,CUST1566,Webcam,Accessories,West,2,3015.27,0.07,5608.4,1083.46,Debit Card
ORD06508,2025-08-20,CUST2311,Printer,Office,East,4,8581.25,0.06,32265.5,7881.78,Net Banking
ORD06509,2024-11-28,CUST5438,Monitor,Electronics,West,2,10500.06,0.02,20580.11,2306.58,Net Banking
ORD06510,2025-08-18,CUST8736,Mouse,Accessories,North,4,785.02,0.24,2386.45,567.24,Debit Card
ORD06511,2024-07-17,CUST9803,Headphones,Electronics,East,5,2301.59,0.01,11392.86,1966.07,Credit Card
ORD06512,2025-03-14,CUST1623,Monitor,Electronics,West,2,13743.34,0.21,21714.48,3236.8,Debit Card
ORD06513,2024-05-29,CUST8616,Headphones,Electronics,North,2,2531.72,0.19,4101.38,752.88,Net Banking
ORD06514,2024-02-19,CUST9689,Webcam,Accessories,East,2,3670.54,0.09,6680.38,1272.95,UPI
ORD06515,2024-12-05,CUST7065,Monitor,Electronics,North,1,11203.75,0.0,11203.75,945.44,Cash
ORD06516,2025-09-27,CUST9414,Keyboard,Accessories,West,3,1419.81,,4259.43,853.35,Credit Card
ORD06517,2025-06-14,CUST6817,Smartphone,Electronics,North,2,28519.16,0.05,54186.4,10568.22,Debit Card
ORD06518,2025-08-06,CUST2906,Smartwatch,Electronics,West,2,7417.34,0.12,13054.53,3257.19,Cash
ORD06519,2024-05-25,CUST2160,Keyboard,Accessories,East,1,1488.17,0.11,1324.47,307.79,Credit Card
ORD06520,2024-02-19,CUST3784,Printer,Office,West,1,10053.05,0.15,8545.09,1597.35,UPI
ORD06521,2025-07-14,CUST4834,Tablet,Electronics,North,5,22607.22,0.19,91559.24,17622.66,Cash
ORD06522,2025-09-02,CUST6986,Smartphone,Electronics,North,4,32419.3,0.09,118006.27,28226.76,Debit Card
ORD06523,2025-02-02,CUST9894,Keyboard,Accessories,West,2,1315.67,0.04,2526.08,614.94,UPI
ORD06524,2025-01-10,CUST7337,Mouse,Accessories,South,4,866.45,0.2,2772.64,597.21,Debit Card
ORD06525,2024-01-23,CUST7945,Headphones,Electronics,North,1,2547.43,0.08,2343.63,476.88,Cash
ORD06526,2024-03-16,CUST4408,Printer,Office,North,1,10507.29,0.07,9771.78,706.24,Debit Card
ORD06527,2025-09-16,CUST1996,Mouse,Accessories,South,5,758.61,0.19,3072.38,663.83,UPI
ORD06528,2024-10-09,CUST6949,Smartphone,Electronics,West,3,29184.48,0.23,67416.15,6784.7,UPI
ORD06529,2024-01-06,CUST5827,Headphones,Electronics,North,1,2298.37,0.23,1769.75,288.04,Cash
ORD06530,2024-10-06,CUST9778,Printer,Office,North,2,11437.9,0.03,22189.53,2908.48,Cash
ORD06531,2025-08-20,CUST3984,Tablet,Electronics,South,5,21980.22,0.13,95613.96,11389.67,Net Banking
ORD06532,2025-01-27,CUST3869,Smartphone,Electronics,East,3,34464.69,0.02,101326.2,11353.6,UPI
ORD06533,2025-03-21,CUST3723,Printer,Office,West,5,9969.36,0.24,37883.56,8375.5,Net Banking
ORD06534,2024-03-10,CUST2004,Keyboard,Accessories,North,1,1373.89,0.05,1305.19,266.03,Debit Card
ORD06535,2025-04-18,CUST2775,Printer,Office,East,3,10022.36,0.05,28563.72,4418.51,Cash
ORD06536,2024-11-29,CUST2114,Smartphone,Electronics,North,4,25856.36,0.22,80671.84,14754.57,Credit Card
ORD06537,2025-04-28,CUST5720,Webcam,Accessories,North,3,3925.01,0.24,8949.02,2209.56,Debit Card
ORD06538,2024-06-24,CUST8507,Keyboard,Accessories,East,2,1643.35,0.17,2727.96,353.29,Net Banking
ORD06539,2024-08-18,CUST1612,Mouse,Accessories,South,4,854.2,0.03,3314.28,531.01,UPI
ORD06540,2024-03-27,CUST8377,Smartphone,Electronics,West,4,30988.44,0.12,109079.31,17093.25,Cash
ORD06541,2025-01-23,CUST2403,Webcam,Accessories,South,2,3583.83,0.2,5734.12,1360.1,Cash
ORD06542,2025-09-11,CUST1010,Laptop,Electronics,North,4,74686.2,0.14,256920.53,30910.75,Debit Card
ORD06543,2025-12-19,CUST2997,Tablet,Electronics,South,1,20534.78,0.03,19918.74,4924.93,Debit Card
ORD06544,2024-06-30,CUST9107,Webcam,Accessories,North,3,3793.67,0.04,10925.77,1212.1,Cash
ORD06545,2025-02-25,CUST8782,Laptop,Electronics,North,3,66587.39,0.22,155814.5,11184.58,Net Banking
ORD06546,2025-10-20,CUST8762,Smartwatch,Electronics,East,2,7999.35,0.13,13918.87,1228.68,UPI
ORD06547,2025-03-28,CUST1554,Headphones,Electronics,East,1,2745.85,0.18,2251.6,304.52,Cash
ORD06548,2024-07-19,CUST9955,Webcam,Accessories,South,4,4023.45,0.09,14645.36,2635.45,Cash
ORD06549,2025-08-05,CUST5646,Monitor,Electronics,East,3,12317.97,0.13,32149.9,4930.67,Debit Card
ORD06550,2024-01-24,CUST1754,Tablet,Electronics,North,3,20049.99,0.24,45713.98,5725.93,UPI
ORD06551,2025-05-16,CUST4155,Webcam,Accessories,South,3,3503.87,0.08,9670.69,1570.58,Cash
ORD06552,2024-12-01,CUST9528,Laptop,Electronics,East,3,69116.67,0.17,172100.5,37476.82,Debit Card
ORD06553,2025-10-11,CUST9246,Monitor,Electronics,South,5,12987.7,0.04,62340.95,13577.0,Credit Card
ORD06554,2025-04-13,CUST2116,Tablet,Electronics,West,2,18703.37,0.03,36284.53,7084.39,Cash
ORD06555,2024-05-28,CUST5203,Monitor,Electronics,South,4,12018.1,0.2,38457.91,9248.73,Credit Card
ORD06556,2025-07-29,CUST7994,Keyboard,Accessories,West,4,1380.86,0.21,4363.5,733.25,UPI
ORD06557,2024-05-20,CUST4421,Laptop,Electronics,North,2,72310.78,0.17,120035.9,6185.63,UPI
ORD06558,2024-09-03,CUST7552,Printer,Office,South,1,8958.72,0.04,8600.37,930.44,Cash
ORD06559,2024-03-11,CUST3793,Keyboard,Accessories,North,2,1574.91,0.06,2960.82,342.4,Net Banking
ORD06560,2025-01-26,CUST6327,Tablet,Electronics,North,3,20456.01,0.23,47253.38,7535.27,Debit Card
ORD06561,2024-09-04,CUST5945,Tablet,Electronics,South,3,21053.18,0.07,58738.37,13567.26,Debit Card
ORD06562,2024-04-14,CUST5584,Smartphone,Electronics,East,2,33965.03,0.2,54344.05,11826.52,Net Banking
ORD06563,2024-02-21,CUST5168,Laptop,Electronics,East,2,59938.74,0.07,111486.05,10751.11,Credit Card
ORD06564,2024-09-14,CUST3867,Smartwatch,Electronics,South,4,6149.51,0.23,18940.48,2914.52,UPI
ORD06565,2025-04-29,CUST1447,Smartwatch,Electronics,West,4,6095.5,0.23,18774.13,3413.7,Cash
ORD06566,2025-02-09,CUST7949,Tablet,Electronics,North,5,22030.46,0.01,109050.78,26990.32,Debit Card
ORD06567,2025-09-22,CUST8979,Smartwatch,Electronics,West,5,7297.59,0.19,29555.26,1662.8,Debit Card
ORD06568,2024-01-04,CUST9022,Headphones,Electronics,North,3,2370.47,0.04,6826.95,974.72,Cash
ORD06569,2025-07-17,CUST8402,Smartphone,Electronics,South,5,31712.34,0.05,150633.6,37300.15,Cash
ORD06570,2025-01-01,CUST8893,Tablet,Electronics,South,5,19102.82,0.11,85007.56,20864.35,Debit Card
ORD06571,2024-01-07,CUST4287,Smartwatch,Electronics,East,1,7750.4,0.14,6665.35,774.15,Debit Card
ORD06572,2024-01-01,CUST1165,Laptop,Electronics,North,2,71173.06,0.08,130958.43,6548.36,Debit Card
ORD06573,2024-12-04,CUST1433,Webcam,Accessories,North,4,4009.77,0.14,13793.61,2308.32,Cash
ORD06574,2025-11-28,CUST2819,Printer,Office,West,5,11309.51,0.04,54285.67,12126.76,Credit Card
ORD06575,2025-12-02,CUST5165,Keyboard,Accessories,South,4,1435.29,0.01,5683.74,652.83,Debit Card
ORD06576,2024-12-15,CUST9734,Keyboard,Accessories,North,5,1454.67,0.14,6255.1,1481.54,Credit Card
ORD06577,2025-09-17,CUST3232,Headphones,Electronics,South,5,2684.47,0.13,11677.46,1360.9,Debit Card
ORD06578,2025-12-06,CUST1139,Monitor,Electronics,North,3,10682.7,0.17,26599.92,4576.26,Cash
ORD06579,2024-02-24,CUST4334,Laptop,Electronics,West,1,61373.29,0.16,51553.56,10022.49,Net Banking
ORD06580,2025-09-20,CUST5251,Monitor,Electronics,East,2,10626.75,0.22,16577.73,1974.13,Credit Card
ORD06581,2024-09-26,CUST8955,Smartphone,Electronics,North,2,29593.98,0.11,52677.28,6344.52,Net Banking
ORD06582,2024-09-28,CUST5416,Printer,Office,South,3,10156.01,0.0,30468.04,4387.37,Debit Card
ORD06583,2025-03-05,CUST7281,Smartphone,Electronics,West,3,27400.44,0.16,69049.12,14986.74,Debit Card
ORD06584,2025-01-11,CUST9082,Tablet,Electronics,South,2,18875.77,0.17,31333.78,2198.7,Cash
ORD06585,2025-01-21,CUST9393,Laptop,Electronics,North,2,69277.44,0.13,120542.74,21251.19,Net Banking
ORD06586,2025-09-01,CUST5185,Tablet,Electronics,East,1,18832.03,0.17,15630.59,2899.0,Net Banking
ORD06587,2025-01-21,CUST6568,Mouse,Accessories,West,5,913.62,0.08,4202.64,679.04,Debit Card
ORD06588,2024-06-17,CUST2469,Smartwatch,Electronics,East,1,6415.38,0.04,6158.76,1460.66,UPI
ORD06589,2024-06-05,CUST5896,Keyboard,Accessories,East,2,1573.76,0.17,2612.43,445.15,UPI
ORD06590,2025-02-27,CUST1985,Webcam,Accessories,South,5,3431.49,0.06,16128.0,2853.29,Net Banking
ORD06591,2025-10-21,CUST4553,Tablet,Electronics,South,2,19093.85,0.11,33987.05,5776.17,Net Banking
ORD06592,2024-10-03,CUST9868,Monitor,Electronics,West,1,11899.86,0.12,10471.88,2035.77,Credit Card
ORD06593,2024-05-27,CUST5748,Mouse,Accessories,East,1,804.02,0.12,707.54,54.54,Debit Card
ORD06594,2024-03-31,CUST9029,Keyboard,Accessories,North,1,1659.61,0.15,1410.67,322.84,UPI
ORD06595,2025-07-09,CUST4049,Tablet,Electronics,North,5,23533.5,0.01,116490.84,6814.54,Cash
ORD06596,2024-04-23,CUST2889,Mouse,Accessories,North,4,699.03,0.25,2097.1,373.6,Credit Card
ORD06597,2025-08-23,CUST2828,Mouse,Accessories,North,4,730.2,0.18,2395.05,414.57,UPI
ORD06598,2024-01-02,CUST8197,Laptop,Electronics,South,2,61331.81,0.11,109170.62,10002.67,Debit Card
ORD06599,2025-05-15,CUST8381,Smartphone,Electronics,East,5,26547.67,0.05,126101.43,7331.81,Debit Card
ORD06600,2024-06-19,CUST9955,Mouse,Accessories,East,3,789.66,0.02,2321.59,180.54,Debit Card
ORD06601,2025-03-16,CUST7311,Headphones,Electronics,West,4,2863.23,0.17,9505.93,991.8,UPI
ORD06602,2025-08-22,CUST5750,Smartphone,Electronics,North,5,30131.52,0.08,138604.97,31383.09,Debit Card
ORD06603,2024-08-12,CUST2359,Keyboard,Accessories,East,5,1608.85,0.06,7561.58,1672.22,Cash
ORD06604,2024-05-26,CUST1084,Keyboard,Accessories,South,4,1582.32,0.09,5759.65,361.54,Debit Card
ORD06605,2025-08-24,CUST4175,Keyboard,Accessories,West,5,1657.46,0.15,7044.21,759.74,Credit Card
ORD06606,2025-03-23,CUST2141,Keyboard,Accessories,North,5,1372.08,0.17,5694.11,1297.48,Cash
ORD06607,2025-03-05,CUST2061,Headphones,Electronics,West,4,2690.37,0.16,9039.64,879.84,Credit Card
ORD06608,2025-11-11,CUST7624,Tablet,Electronics,East,1,24516.94,0.22,19123.22,4765.37,Credit Card
ORD06609,2024-11-18,CUST5231,Printer,Office,South,2,9014.53,0.05,17127.61,1736.19,Net Banking
ORD06610,2024-03-31,CUST9267,Mouse,Accessories,East,3,763.23,0.16,1923.35,380.48,Net Banking
ORD06611,2024-01-14,CUST7438,Keyboard,Accessories,West,2,1711.55,0.03,3320.4,442.98,Debit Card
ORD06612,2024-05-27,CUST1315,Smartphone,Electronics,South,1,32527.09,0.14,27973.3,2160.91,Cash
ORD06613,2025-04-15,CUST9688,Smartphone,Electronics,East,1,28043.32,0.15,23836.82,2408.26,UPI
ORD06614,2025-02-12,CUST9812,Mouse,Accessories,East,5,815.35,0.05,3872.89,716.58,Net Banking
ORD06615,2025-01-18,CUST4639,Tablet,Electronics,South,2,21368.55,0.1,38463.39,4516.04,Cash
ORD06616,2025-01-22,CUST9209,Webcam,Accessories,East,1,3489.46,0.21,2756.68,470.91,Net Banking
ORD06617,2024-02-26,CUST5527,Webcam,Accessories,North,2,3347.92,0.04,6428.02,585.63,Cash
ORD06618,2025-05-28,CUST9807,Printer,Office,East,1,9337.99,0.11,8310.81,1161.16,Debit Card
ORD06619,2025-07-31,CUST1148,Tablet,Electronics,West,3,23153.44,0.23,53484.44,8153.66,Credit Card
ORD06620,2024-12-10,CUST5535,Mouse,Accessories,East,1,866.85,0.13,754.16,99.97,Net Banking
ORD06621,2024-03-27,CUST5314,Webcam,Accessories,South,2,3892.65,0.18,6383.95,571.9,Credit Card
ORD06622,2025-02-08,CUST7149,Webcam,Accessories,North,5,3138.1,0.21,12395.48,1764.01,Credit Card
ORD06623,2024-09-01,CUST9862,Webcam,Accessories,East,2,3839.0,0.05,7294.1,1375.52,UPI
ORD06624,2025-08-23,CUST4681,Monitor,Electronics,East,4,11117.28,0.05,42245.68,10264.9,UPI
ORD06625,2024-02-21,CUST7982,Headphones,Electronics,West,2,2445.5,0.19,3961.71,823.66,Debit Card
ORD06626,2025-12-15,CUST3942,Mouse,Accessories,West,3,896.35,0.19,2178.12,179.25,Cash
ORD06627,2024-07-27,CUST7005,Smartwatch,Electronics,East,3,6904.46,0.02,20299.11,2122.08,Debit Card
ORD06628,2024-05-22,CUST6560,Laptop,Electronics,West,3,59092.74,0.08,163095.96,10725.97,Cash
ORD06629,2025-09-18,CUST1883,Laptop,Electronics,East,1,58367.44,0.1,52530.69,4051.69,UPI
ORD06630,2025-07-27,CUST3671,Tablet,Electronics,South,3,21821.69,0.21,51717.41,5178.81,Debit Card
ORD06631,2025-06-29,CUST6186,Mouse,Accessories,East,2,863.04,0.11,1536.21,138.11,Cash
ORD06632,2025-09-24,CUST6946,Mouse,Accessories,South,5,919.33,0.23,3539.42,328.21,UPI
ORD06633,2024-04-13,CUST3562,Laptop,Electronics,North,3,70604.47,0.25,158860.05,15275.04,Cash
ORD06634,2024-02-13,CUST2901,Printer,Office,South,2,11131.04,0.2,17809.66,1961.48,Debit Card
ORD06635,2025-12-03,CUST9346,Laptop,Electronics,North,1,69832.73,0.17,57961.17,4353.88,Net Banking
ORD06636,2024-11-28,CUST8680,Mouse,Accessories,North,1,894.9,0.1,805.41,85.03,Net Banking
ORD06637,2024-09-03,CUST6454,Webcam,Accessories,North,5,3055.11,0.02,14970.03,2809.61,Debit Card
ORD06638,2025-06-13,CUST1387,Printer,Office,West,5,11289.79,0.14,48546.12,4722.58,Credit Card
ORD06639,2025-04-09,CUST1003,Keyboard,Accessories,East,2,1453.38,0.09,2645.16,223.17,Net Banking
ORD06640,2024-10-27,CUST3427,Smartwatch,Electronics,South,5,7885.39,0.09,35878.52,2279.69,Net Banking
ORD06641,2025-09-11,CUST2034,Monitor,Electronics,North,5,10472.64,0.17,43461.45,6518.97,Net Banking
ORD06642,2025-06-21,CUST1715,Headphones,Electronics,South,1,2661.43,0.12,2342.06,511.5,Credit Card
ORD06643,2025-01-02,CUST8886,Keyboard,Accessories,North,2,1606.06,0.19,2601.82,160.8,UPI
ORD06644,2024-07-24,CUST2532,Smartphone,Electronics,West,5,34472.2,0.1,155124.89,24581.9,UPI
ORD06645,2024-12-22,CUST7328,Laptop,Electronics,North,2,70242.68,0.04,134865.94,24292.56,Credit Card
ORD06646,2024-11-26,CUST2902,Smartwatch,Electronics,North,3,6753.4,0.12,17828.99,3004.05,Credit Card
ORD06647,2025-08-30,CUST1921,Laptop,Electronics,East,1,66116.35,0.24,50248.42,11332.26,Debit Card
ORD06648,2024-10-06,CUST1693,Laptop,Electronics,South,1,62397.74,0.2,49918.19,11145.69,Debit Card
ORD06649,2025-03-17,CUST9858,Keyboard,Accessories,East,1,1363.21,0.05,1295.05,79.6,Debit Card
ORD06650,2025-05-15,CUST2251,Webcam,Accessories,West,4,3235.93,0.1,11649.34,1423.42,UPI
ORD06651,2025-03-09,CUST1101,Webcam,Accessories,South,2,3208.11,0.23,4940.49,909.87,Cash
ORD06652,2024-07-18,CUST6813,Monitor,Electronics,West,3,12175.74,0.03,35431.39,8520.86,Net Banking
ORD06653,2025-07-04,CUST2800,Printer,Office,North,5,11218.48,0.06,52726.86,11122.04,Debit Card
ORD06654,2024-07-18,CUST1071,Laptop,Electronics,West,3,73048.17,0.07,203804.39,17388.16,Net Banking
ORD06655,2025-01-01,CUST8666,Tablet,Electronics,South,2,19061.44,0.14,32785.68,3470.09,Credit Card
ORD06656,2025-11-01,CUST1883,Webcam,Accessories,South,1,3058.89,0.1,2753.0,558.09,UPI
ORD06657,2024-12-04,CUST4049,Mouse,Accessories,South,4,738.83,0.02,2896.21,417.91,Debit Card
ORD06658,2025-02-23,CUST4903,Smartwatch,Electronics,East,2,6485.62,0.16,10895.85,1737.46,Cash
ORD06659,2025-11-09,CUST8408,Tablet,Electronics,North,2,19326.27,0.02,37879.49,6507.54,UPI
ORD06660,2024-10-03,CUST8956,Keyboard,Accessories,South,5,1449.81,0.15,6161.69,435.37,Credit Card
ORD06661,2024-02-23,CUST2433,Keyboard,Accessories,West,3,1539.48,0.13,4018.03,888.76,Net Banking
ORD06662,2024-06-12,CUST8822,Monitor,Electronics,West,3,12281.38,0.12,32422.85,7218.2,UPI
ORD06663,2025-10-16,CUST6546,Monitor,Electronics,West,5,12156.35,0.02,59566.1,8556.54,Net Banking
ORD06664,2025-01-20,CUST6848,Printer,Office,South,4,9516.02,0.16,31973.81,5607.22,Debit Card
ORD06665,2024-03-16,CUST6647,Mouse,Accessories,South,1,849.55,0.11,756.1,137.6,Credit Card
ORD06666,2025-02-25,CUST7690,Smartwatch,Electronics,West,1,7685.62,0.1,6917.05,608.32,Cash
ORD06667,2025-07-30,CUST4211,Mouse,Accessories,West,4,763.11,0.15,2594.56,188.15,UPI
ORD06668,2024-08-17,CUST9119,Smartphone,Electronics,North,5,26269.82,0.15,111646.73,6043.95,Net Banking
ORD06669,2024-11-01,CUST8919,Monitor,Electronics,South,2,11266.79,0.0,22533.58,5240.78,Credit Card
ORD06670,2024-04-26,CUST1307,Printer,Office,West,3,8912.11,0.03,25934.23,3089.87,Credit Card
ORD06671,2024-08-27,CUST5487,Headphones,Electronics,South,2,2475.52,0.06,4653.98,312.59,Debit Card
ORD06672,2025-05-20,CUST1086,Laptop,Electronics,North,3,58290.74,0.17,145143.93,20778.8,UPI
ORD06673,2025-06-16,CUST6498,Laptop,Electronics,East,2,64275.47,0.14,110553.81,7199.82,Debit Card
ORD06674,2024-02-26,CUST8210,Headphones,Electronics,South,5,2290.75,0.19,9277.55,622.06,Debit Card
ORD06675,2025-10-20,CUST1865,Webcam,Accessories,South,5,3750.67,0.19,15190.2,2244.76,Debit Card
ORD06676,2024-01-29,CUST9344,Mouse,Accessories,North,4,686.62,0.21,2169.71,329.29,Credit Card
ORD06677,2025-03-09,CUST7615,Headphones,Electronics,South,2,2541.06,0.09,4624.73,767.84,Net Banking
ORD06678,2024-08-05,CUST3711,Printer,Office,West,2,9008.46,0.09,16395.41,2971.87,Net Banking
ORD06679,2025-06-29,CUST1617,Smartwatch,Electronics,North,4,5952.08,0.21,18808.58,3454.26,Cash
ORD06680,2025-04-10,CUST4921,Headphones,Electronics,East,4,2776.9,0.06,10441.14,1426.25,Cash
ORD06681,2025-07-19,CUST1937,Printer,Office,North,5,10514.58,0.12,46264.17,8267.71,Net Banking
ORD06682,2025-06-27,CUST2614,Monitor,Electronics,West,5,10556.19,0.05,50141.92,5563.14,Debit Card
ORD06683,2025-05-18,CUST6230,Tablet,Electronics,South,2,23082.88,0.23,35547.63,4914.87,Credit Card
ORD06684,2025-01-22,CUST8435,Keyboard,Accessories,North,5,1550.24,0.1,6976.09,897.58,Debit Card
ORD06685,2025-06-25,CUST3524,Keyboard,Accessories,West,5,1488.01,0.05,7068.05,818.64,Debit Card
ORD06686,2024-12-16,CUST4731,Smartphone,Electronics,West,2,29273.32,0.17,48593.72,4748.29,Debit Card
ORD06687,2024-11-20,CUST7530,Mouse,Accessories,West,4,892.9,0.06,3357.29,220.55,UPI
ORD06688,2025-06-24,CUST4407,Smartwatch,Electronics,North,2,6464.81,0.24,9826.51,1485.59,UPI
ORD06689,2025-01-30,CUST4654,Tablet,Electronics,North,1,21328.85,0.09,19409.25,3056.13,Debit Card
ORD06690,2024-03-19,CUST2264,Tablet,Electronics,North,2,20872.16,0.17,34647.79,4061.8,Cash
ORD06691,2025-04-27,CUST5323,Monitor,Electronics,East,1,12976.32,0.09,11808.45,2895.06,Cash
ORD06692,2024-11-04,CUST2685,Headphones,Electronics,West,2,2812.35,0.2,4499.76,726.23,Net Banking
ORD06693,2025-02-22,CUST5168,Mouse,Accessories,North,1,883.95,0.22,689.48,157.06,Credit Card
ORD06694,2024-08-22,CUST2552,Laptop,Electronics,North,1,70805.23,0.2,56644.18,9290.61,UPI
ORD06695,2025-03-11,CUST5318,Tablet,Electronics,South,2,25212.81,0.21,39836.25,3504.92,Debit Card
ORD06696,2025-03-12,CUST6645,Printer,Office,South,5,10591.43,0.03,51368.45,12581.39,UPI
ORD06697,2024-05-25,CUST1484,Laptop,Electronics,North,3,69895.55,0.23,161458.72,36661.95,Net Banking
ORD06698,2024-06-14,CUST6804,Smartphone,Electronics,North,5,34345.22,0.16,144249.94,20808.74,Cash
ORD06699,2025-08-20,CUST7409,Headphones,Electronics,East,1,2130.24,0.22,1661.59,163.85,Cash
ORD06700,2024-06-14,CUST7359,Headphones,Electronics,South,2,2600.54,0.17,4316.89,408.09,Credit Card
ORD06701,2025-07-20,CUST7897,Smartwatch,Electronics,East,2,7501.84,0.05,14253.5,3010.4,Credit Card
ORD06702,2025-01-29,CUST8349,Tablet,Electronics,North,2,24757.66,0.15,42088.02,2686.21,Net Banking
ORD06703,2024-09-09,CUST6248,Monitor,Electronics,East,2,13381.84,0.02,26228.41,4658.48,Credit Card
ORD06704,2025-07-18,CUST3612,Webcam,Accessories,West,3,3859.06,0.17,9609.06,1710.67,Net Banking
ORD06705,2025-02-12,CUST6983,Webcam,Accessories,East,4,3968.08,0.1,14285.09,1235.53,UPI
ORD06706,2025-03-21,CUST4791,Keyboard,Accessories,South,1,1516.82,0.04,1456.15,278.1,Debit Card
ORD06707,2025-10-15,CUST9274,Printer,Office,South,3,8520.76,0.24,19427.33,3712.2,Cash
ORD06708,2024-02-16,CUST4096,Laptop,Electronics,South,5,55465.56,0.23,213542.41,25626.41,Debit Card
ORD06709,2024-04-04,CUST8600,Smartphone,Electronics,South,4,30401.75,0.22,94853.46,13912.65,UPI
ORD06710,2025-05-03,CUST6193,Keyboard,Accessories,North,4,1470.87,0.2,4706.79,1019.27,Credit Card
ORD06711,2025-12-23,CUST6763,Headphones,Electronics,South,2,2463.43,0.17,4089.3,632.33,Cash
ORD06712,2025-10-13,CUST3477,Laptop,Electronics,North,3,63057.89,0.16,158905.89,27591.06,Credit Card
ORD06713,2024-09-19,CUST2989,Mouse,Accessories,West,5,900.25,0.03,4366.23,578.76,Debit Card
ORD06714,2025-03-08,CUST7008,Tablet,Electronics,South,2,21070.52,0.23,32448.61,2593.29,Credit Card
ORD06715,2025-10-15,CUST9651,Smartphone,Electronics,West,2,33206.04,0.22,51801.43,12930.33,Net Banking
ORD06716,2025-10-15,CUST8485,Mouse,Accessories,West,1,896.69,0.19,726.32,113.53,Debit Card
ORD06717,2025-11-21,CUST6561,Monitor,Electronics,North,4,11998.21,0.23,36954.48,4334.36,Credit Card
ORD06718,2024-08-30,CUST7309,Tablet,Electronics,East,5,21649.79,0.14,93094.1,17944.58,Debit Card
ORD06719,2025-10-15,CUST6571,Laptop,Electronics,South,4,70089.9,0.11,249520.05,43457.5,Credit Card
ORD06720,2024-11-28,CUST7288,Tablet,Electronics,South,3,23372.61,0.24,53289.56,5146.79,Credit Card
ORD06721,2025-09-03,CUST3514,Keyboard,Accessories,East,1,1422.84,0.12,1252.1,282.2,Debit Card
ORD06722,2024-04-17,CUST4754,Smartwatch,Electronics,South,2,6165.35,0.16,10357.79,664.77,UPI
ORD06723,2024-11-16,CUST8204,Keyboard,Accessories,North,1,1394.18,0.09,1268.71,217.13,Debit Card
ORD06724,2025-04-18,CUST5507,Monitor,Electronics,East,2,10671.7,0.16,17928.46,2609.98,Cash
ORD06725,2025-12-08,CUST9577,Printer,Office,South,1,9384.2,0.18,7695.04,874.46,Cash
ORD06726,2024-09-28,CUST4493,Mouse,Accessories,South,2,742.84,0.16,1247.97,268.66,UPI
ORD06727,2025-04-17,CUST5133,Keyboard,Accessories,North,4,1561.97,0.13,5435.66,985.24,Credit Card
ORD06728,2025-04-11,CUST8385,Smartwatch,Electronics,South,4,7954.44,0.08,29272.35,5910.08,Debit Card
ORD06729,2025-02-07,CUST4114,Printer,Office,North,4,10557.23,0.16,35472.3,4715.39,Credit Card
ORD06730,2024-08-11,CUST3165,Keyboard,Accessories,West,4,1691.99,0.23,5211.34,1242.8,Credit Card
ORD06731,2024-04-21,CUST3653,Headphones,Electronics,South,1,2713.1,0.0,2713.1,322.71,Cash
ORD06732,2025-03-30,CUST1197,Smartwatch,Electronics,East,2,7478.54,0.03,14508.37,2266.34,Debit Card
ORD06733,2024-10-14,CUST7394,Mouse,Accessories,North,4,779.37,0.03,3023.97,715.87,Net Banking
ORD06734,2025-03-28,CUST3515,Smartphone,Electronics,North,1,28423.15,0.23,21885.83,1458.42,Cash
ORD06735,2024-12-06,CUST8670,Webcam,Accessories,South,2,3863.59,0.17,6413.56,460.25,Credit Card
ORD06736,2024-06-06,CUST9295,Printer,Office,North,1,11216.18,0.24,8524.3,2121.17,Credit Card
ORD06737,2025-10-21,CUST3032,Headphones,Electronics,West,4,2463.91,0.15,8377.3,2046.39,Net Banking
ORD06738,2024-07-04,CUST2257,Smartphone,Electronics,North,3,25581.57,0.12,67535.34,13800.19,Credit Card
ORD06739,2024-01-29,CUST7216,Laptop,Electronics,West,1,70704.36,0.2,56563.48,8305.65,UPI
ORD06740,2025-02-11,CUST6281,Smartwatch,Electronics,East,4,6548.64,0.04,25146.8,3802.5,Net Banking
ORD06741,2024-01-27,CUST6018,Headphones,Electronics,North,5,2132.42,0.1,9595.87,973.43,Credit Card
ORD06742,2025-06-16,CUST1336,Tablet,Electronics,East,2,24012.92,0.12,42262.75,5770.82,Cash
ORD06743,2024-04-01,CUST6608,Laptop,Electronics,West,4,65339.58,0.07,243063.23,33122.2,Cash
ORD06744,2024-06-20,CUST5292,Laptop,Electronics,North,5,68611.61,0.09,312182.82,17862.48,UPI
ORD06745,2024-04-23,CUST1994,Printer,Office,West,1,11244.07,0.02,11019.19,1549.65,Net Banking
ORD06746,2024-04-07,CUST1099,Smartwatch,Electronics,West,1,7086.47,0.05,6732.14,982.62,Net Banking
ORD06747,2024-09-11,CUST3110,Headphones,Electronics,East,5,2502.4,0.08,11511.02,2108.32,Credit Card
ORD06748,2024-01-22,CUST2020,Monitor,Electronics,East,5,11246.38,0.2,44985.53,6895.86,Credit Card
ORD06749,2025-07-07,CUST4777,Headphones,Electronics,East,2,2353.9,0.05,4472.4,994.38,Debit Card
ORD06750,2024-04-30,CUST3331,Keyboard,Accessories,West,1,1633.44,0.09,1486.43,183.59,UPI
ORD06751,2024-07-29,CUST1875,Laptop,Electronics,West,5,64006.07,0.02,313629.74,41381.41,Net Banking
ORD06752,2025-12-02,CUST9173,Mouse,Accessories,East,3,719.25,0.14,1855.66,304.88,Credit Card
ORD06753,2025-10-09,CUST8305,Laptop,Electronics,West,3,57093.31,0.15,145587.94,13182.19,Net Banking
ORD06754,2025-01-20,CUST9610,Laptop,Electronics,East,5,64471.94,0.22,251440.57,32360.31,UPI
ORD06755,2024-10-10,CUST6889,Webcam,Accessories,South,2,3463.2,0.2,5541.12,1037.48,Cash
ORD06756,2024-02-22,CUST1990,Tablet,Electronics,North,1,23012.82,0.07,21401.93,2832.8,UPI
ORD06757,2025-10-02,CUST3474,Monitor,Electronics,South,3,11895.84,0.03,34616.9,8007.7,Net Banking
ORD06758,2025-08-13,CUST9875,Smartphone,Electronics,West,5,26791.28,0.04,128598.15,22255.21,Credit Card
ORD06759,2025-04-05,CUST1042,Smartphone,Electronics,North,5,30070.23,0.24,114266.86,9227.45,Net Banking
ORD06760,2025-12-21,CUST3035,Tablet,Electronics,West,4,24684.81,0.17,81953.57,12087.24,Debit Card
ORD06761,2024-11-03,CUST4379,Laptop,Electronics,West,5,58359.11,0.01,288877.58,58629.37,UPI
ORD06762,2024-11-28,CUST5242,Smartphone,Electronics,North,2,31707.79,0.03,61513.12,10990.49,Debit Card
ORD06763,2024-07-31,CUST5912,Smartwatch,Electronics,West,3,7197.1,0.12,19000.36,4314.08,Net Banking
ORD06764,2025-06-19,CUST3428,Monitor,Electronics,West,4,12894.91,0.05,49000.65,9799.96,Net Banking
ORD06765,2024-07-08,CUST4187,Smartphone,Electronics,West,3,26855.4,0.2,64452.97,4016.89,Debit Card
ORD06766,2024-07-02,CUST4740,Tablet,Electronics,East,3,24914.6,0.14,64279.66,4660.44,Credit Card
ORD06767,2024-08-01,CUST1843,Keyboard,Accessories,West,2,1554.43,0.15,2642.54,475.52,Credit Card
ORD06768,2024-04-02,CUST4278,Smartphone,Electronics,North,5,33123.64,0.12,145744.02,14236.51,UPI
ORD06769,2025-02-11,CUST2076,Monitor,Electronics,South,2,11087.78,0.06,20845.03,3492.94,Debit Card
ORD06770,2025-09-11,CUST8265,Printer,Office,North,5,10718.24,0.15,45552.51,9495.13,UPI
ORD06771,2025-12-16,CUST7068,Printer,Office,North,4,10843.09,0.18,35565.34,5882.02,UPI
ORD06772,2024-10-02,CUST7800,Smartwatch,Electronics,South,2,6784.61,0.09,12348.0,1643.49,Cash
ORD06773,2024-02-03,CUST7900,Headphones,Electronics,West,2,2412.97,0.13,4198.56,752.61,UPI
ORD06774,2024-09-01,CUST3295,Headphones,Electronics,South,1,2618.35,0.21,2068.49,162.84,UPI
ORD06775,2025-09-30,CUST3897,Smartphone,Electronics,South,2,26340.67,0.04,50574.08,9843.82,Cash
ORD06776,2024-11-04,CUST4927,Mouse,Accessories,East,1,856.55,0.14,736.63,139.52,UPI
ORD06777,2025-10-15,CUST8499,Keyboard,Accessories,East,5,1294.3,0.09,5889.06,900.32,UPI
ORD06778,2025-12-05,CUST4107,Tablet,Electronics,North,5,19957.9,0.18,81827.37,8654.28,UPI
ORD06779,2025-02-20,CUST8364,Keyboard,Accessories,North,5,1573.86,0.0,7869.32,1648.72,Debit Card
ORD06780,2025-01-14,CUST3231,Printer,Office,East,1,8794.97,0.17,7299.83,1110.38,Cash
ORD06781,2024-02-19,CUST9258,Smartphone,Electronics,South,5,34246.58,0.03,166095.91,10270.6,Credit Card
ORD06782,2024-08-26,CUST3080,Monitor,Electronics,South,3,13326.23,0.02,39179.11,9157.04,UPI
ORD06783,2024-08-22,CUST6286,Tablet,Electronics,South,2,22833.6,0.18,37447.1,7622.11,Debit Card
ORD06784,2024-11-14,CUST7841,Keyboard,Accessories,West,1,1643.58,0.16,1380.6,230.51,Debit Card
ORD06785,2025-07-15,CUST2268,Monitor,Electronics,East,5,13395.29,0.22,52241.62,7176.18,Debit Card
ORD06786,2024-04-02,CUST5691,Tablet,Electronics,West,3,20412.54,0.13,53276.73,12891.9,Cash
ORD06787,2024-11-25,CUST9135,Keyboard,Accessories,South,2,1657.24,0.13,2883.59,591.15,Cash
ORD06788,2025-02-23,CUST7762,Smartwatch,Electronics,West,2,6359.07,0.18,10428.87,1637.32,Net Banking
ORD06789,2025-04-06,CUST8692,Printer,Office,North,5,9740.03,0.08,44804.12,8093.0,UPI
ORD06790,2024-12-07,CUST2874,Laptop,Electronics,East,3,66136.06,0.01,196424.11,20850.43,Credit Card
ORD06791,2024-08-29,CUST1601,Tablet,Electronics,South,1,23411.68,0.06,22006.98,1961.77,Credit Card
ORD06792,2025-08-31,CUST7259,Printer,Office,North,5,8590.42,0.06,40374.99,4225.8,Net Banking
ORD06793,2025-04-20,CUST8044,Webcam,Accessories,West,2,3280.03,0.08,6035.26,655.59,Credit Card
ORD06794,2025-09-03,CUST5780,Mouse,Accessories,North,2,826.04,0.24,1255.59,248.54,UPI
ORD06795,2025-04-28,CUST8512,Smartphone,Electronics,South,2,28716.32,0.2,45946.11,3584.36,Credit Card
ORD06796,2025-02-28,CUST3582,Webcam,Accessories,East,5,3788.78,0.23,14586.79,2997.84,UPI
ORD06797,2024-08-14,CUST1095,Monitor,Electronics,East,4,12545.95,0.25,37637.84,5821.79,Cash
ORD06798,2024-06-03,CUST5220,Tablet,Electronics,South,4,20247.05,0.11,72079.5,9147.94,Cash
ORD06799,2025-06-25,CUST9425,Smartphone,Electronics,East,4,26813.36,0.06,100818.24,11097.99,UPI
ORD06800,2024-06-08,CUST5677,Smartphone,Electronics,North,3,31161.42,0.14,80396.47,12271.73,UPI
ORD06801,2024-07-29,CUST7774,Webcam,Accessories,South,5,3447.99,0.22,13447.16,1526.3,Cash
ORD06802,2025-12-25,CUST9213,Webcam,Accessories,West,2,3152.4,0.12,5548.23,753.95,UPI
ORD06803,2025-08-03,CUST3808,Laptop,Electronics,East,3,61614.3,0.13,160813.32,31809.37,Net Banking
ORD06804,2025-10-22,CUST2235,Keyboard,Accessories,West,4,1411.37,0.03,5476.12,959.41,Cash
ORD06805,2025-05-03,CUST9187,Tablet,Electronics,East,1,19413.67,0.11,17278.17,3448.66,Credit Card
ORD06806,2024-09-12,CUST3522,Printer,Office,East,3,10140.73,0.1,27379.96,5273.24,Cash
ORD06807,2024-02-25,CUST8350,Headphones,Electronics,South,3,2697.74,0.09,7364.82,1568.81,Credit Card
ORD06808,2024-06-07,CUST9609,Tablet,Electronics,South,5,22498.08,0.22,87742.52,7926.48,Credit Card
ORD06809,2024-04-04,CUST1552,Tablet,Electronics,North,3,24153.52,0.01,71735.96,17864.02,Net Banking
ORD06810,2024-08-26,CUST3587,Tablet,Electronics,West,5,19541.95,0.24,74259.42,10779.06,Cash
ORD06811,2025-11-13,CUST8966,Smartphone,Electronics,West,1,29420.51,0.0,29420.51,5697.18,Cash
ORD06812,2024-08-03,CUST8700,Monitor,Electronics,South,2,12393.89,0.24,18838.72,3495.53,Net Banking
ORD06813,2025-03-13,CUST6193,Smartphone,Electronics,South,2,31584.01,0.14,54324.5,8867.39,Cash
ORD06814,2024-05-25,CUST9227,Monitor,Electronics,West,4,12704.83,0.18,41671.84,10383.09,Credit Card
ORD06815,2025-05-22,CUST7092,Webcam,Accessories,West,4,3740.41,0.05,14213.57,1328.45,UPI
ORD06816,2024-05-03,CUST5065,Headphones,Electronics,East,1,2613.57,0.16,2195.4,294.94,Net Banking
ORD06817,2025-12-01,CUST9722,Smartphone,Electronics,East,2,26348.05,0.22,41102.96,3105.17,Net Banking
ORD06818,2024-11-27,CUST4089,Monitor,Electronics,South,4,12703.1,0.03,49288.03,4256.86,UPI
ORD06819,2024-09-24,CUST7227,Smartphone,Electronics,West,3,32023.04,0.03,93187.06,17947.16,Credit Card
ORD06820,2025-08-27,CUST5800,Mouse,Accessories,East,5,918.44,0.08,4224.8,215.33,UPI
ORD06821,2024-07-07,CUST1917,Smartphone,Electronics,East,4,31740.26,0.04,121882.61,27784.86,Cash
ORD06822,2025-08-05,CUST8889,Headphones,Electronics,West,1,2640.12,0.03,2560.92,452.35,UPI
ORD06823,2024-05-23,CUST7537,Headphones,Electronics,West,2,2511.11,0.17,4168.44,576.0,Net Banking
ORD06824,2024-05-07,CUST3067,Monitor,Electronics,South,1,13324.52,0.05,12658.3,1471.81,Debit Card
ORD06825,2025-06-07,CUST3404,Monitor,Electronics,West,5,13788.61,0.17,57222.71,4306.28,Cash
ORD06826,2025-12-25,CUST8317,Webcam,Accessories,South,5,3793.0,0.22,14792.69,3466.11,UPI
ORD06827,2024-12-27,CUST9963,Headphones,Electronics,East,1,2584.38,0.16,2170.88,417.82,UPI
ORD06828,2025-07-25,CUST3873,Headphones,Electronics,North,4,2184.22,0.03,8474.76,993.91,Credit Card
ORD06829,2025-08-29,CUST8707,Laptop,Electronics,North,4,69421.41,0.14,238809.66,15328.53,Cash
ORD06830,2024-03-12,CUST6480,Tablet,Electronics,West,2,23376.51,0.1,42077.71,4844.68,Credit Card
ORD06831,2025-09-13,CUST1716,Smartwatch,Electronics,South,2,7578.69,0.09,13793.22,1199.0,Net Banking
ORD06832,2024-10-08,CUST5159,Smartphone,Electronics,North,3,26621.0,0.08,73473.96,15227.82,Net Banking
ORD06833,2025-02-27,CUST7429,Keyboard,Accessories,East,3,1569.18,0.23,3624.8,702.92,Credit Card
ORD06834,2025-03-14,CUST7485,Webcam,Accessories,East,2,3285.51,0.19,5322.53,796.42,Cash
ORD06835,2025-09-15,CUST3556,Tablet,Electronics,South,3,23717.79,0.03,69018.77,15678.87,Credit Card
ORD06836,2024-06-07,CUST2457,Smartwatch,Electronics,North,1,6454.79,0.12,5680.21,489.27,Credit Card
ORD06837,2025-12-23,CUST8605,Laptop,Electronics,East,4,68587.58,0.08,252402.31,35435.55,Cash
ORD06838,2024-09-07,CUST7678,Keyboard,Accessories,East,3,1407.75,0.24,3209.66,616.65,Net Banking
ORD06839,2024-11-22,CUST4601,Monitor,Electronics,West,3,10232.38,0.24,23329.83,1482.85,Debit Card
ORD06840,2025-09-16,CUST4837,Headphones,Electronics,North,1,2600.02,0.08,2392.02,297.89,Credit Card
ORD06841,2025-05-31,CUST9272,Mouse,Accessories,West,5,707.18,0.09,3217.69,528.77,Credit Card
ORD06842,2025-10-14,CUST3428,Webcam,Accessories,East,2,3667.26,0.15,6234.34,769.07,UPI
ORD06843,2024-12-03,CUST7837,Printer,Office,East,1,11276.83,0.12,9923.61,1449.24,Cash
ORD06844,2025-09-22,CUST9030,Headphones,Electronics,North,5,2851.93,0.05,13546.69,2324.93,UPI
ORD06845,2025-10-01,CUST4995,Mouse,Accessories,North,1,736.62,0.17,611.4,75.62,Net Banking
ORD06846,2024-03-24,CUST3695,Smartwatch,Electronics,South,4,7649.43,0.08,28149.91,2004.35,UPI
ORD06847,2024-04-22,CUST5511,Monitor,Electronics,North,1,11472.79,0.16,9637.15,750.63,Cash
ORD06848,2025-11-06,CUST8029,Keyboard,Accessories,South,1,1680.21,0.1,1512.19,234.99,Credit Card
ORD06849,2025-01-03,CUST4879,Smartwatch,Electronics,West,4,7603.73,0.18,24940.23,2118.62,Credit Card
ORD06850,2025-09-18,CUST4762,Headphones,Electronics,North,2,2180.44,0.17,3619.53,825.13,Debit Card
ORD06851,2024-04-13,CUST1222,Headphones,Electronics,West,5,2430.35,0.13,10572.03,2292.41,Net Banking
ORD06852,2024-06-28,CUST7339,Keyboard,Accessories,West,3,1426.79,0.18,3509.91,420.51,Credit Card
ORD06853,2024-10-15,CUST2014,Printer,Office,South,2,10855.54,0.12,19105.76,4130.62,UPI
ORD06854,2025-03-23,CUST2018,Mouse,Accessories,East,1,778.47,0.03,755.11,118.28,Debit Card
ORD06855,2024-08-19,CUST3296,Smartwatch,Electronics,South,3,7387.64,0.05,21054.76,1722.49,Debit Card
ORD06856,2024-11-20,CUST9417,Monitor,Electronics,South,4,12368.77,0.06,46506.56,8038.3,Net Banking
ORD06857,2024-12-17,CUST6773,Headphones,Electronics,West,2,2856.73,0.02,5599.19,1040.83,Debit Card
ORD06858,2025-10-31,CUST5582,Smartwatch,Electronics,East,5,7919.35,0.18,32469.33,2168.25,Cash
ORD06859,2025-08-30,CUST6269,Printer,Office,North,2,9783.1,0.09,17805.24,2010.04,UPI
ORD06860,2024-08-18,CUST4947,Smartwatch,Electronics,North,2,7469.51,0.02,14640.25,747.78,Debit Card
ORD06861,2024-11-19,CUST7353,Keyboard,Accessories,West,3,1648.26,0.2,3955.82,448.14,Credit Card
ORD06862,2024-09-20,CUST5411,Monitor,Electronics,South,4,13435.99,0.17,44607.48,5223.05,UPI
ORD06863,2025-03-25,CUST5495,Laptop,Electronics,North,4,56578.62,0.11,201419.88,35458.3,Net Banking
ORD06864,2025-07-02,CUST6247,Keyboard,Accessories,South,2,1410.94,0.06,2652.56,238.22,Debit Card
ORD06865,2025-09-02,CUST9069,Smartwatch,Electronics,East,4,6622.48,0.04,25430.34,1424.56,UPI
ORD06866,2024-11-07,CUST1768,Laptop,Electronics,North,3,63721.7,0.11,170136.93,19247.06,Credit Card
ORD06867,2024-07-07,CUST9215,Headphones,Electronics,North,3,2251.95,0.22,5269.56,1133.61,Debit Card
ORD06868,2025-08-20,CUST3173,Laptop,Electronics,North,5,64926.01,0.05,308398.57,40039.09,Net Banking
ORD06869,2024-03-05,CUST6290,Printer,Office,West,4,10489.64,0.14,36084.37,4799.9,Net Banking
ORD06870,2025-09-06,CUST4292,Smartphone,Electronics,East,5,29976.28,0.24,113909.85,16380.86,Net Banking
ORD06871,2025-03-01,CUST7111,Printer,Office,South,1,10497.38,0.16,8817.8,1766.71,Debit Card
ORD06872,2025-09-15,CUST8224,Keyboard,Accessories,South,3,1304.9,0.11,3484.08,508.69,Debit Card
ORD06873,2024-12-18,CUST6780,Smartphone,Electronics,East,2,33383.89,0.18,54749.57,3737.02,Debit Card
ORD06874,2025-08-02,CUST3080,Keyboard,Accessories,South,3,1697.58,0.21,4023.27,367.24,Credit Card
ORD06875,2024-05-16,CUST7043,Webcam,Accessories,West,1,3623.8,0.15,3080.23,269.77,Net Banking
ORD06876,2024-05-15,CUST6227,Monitor,Electronics,South,2,13373.01,0.22,20861.89,3162.09,UPI
ORD06877,2024-11-09,CUST8139,Tablet,Electronics,West,4,19567.54,0.13,68095.05,3812.36,UPI
ORD06878,2025-12-26,CUST3112,Headphones,Electronics,West,4,2723.09,0.21,8604.95,918.35,Debit Card
ORD06879,2025-05-11,CUST4147,Headphones,Electronics,East,3,2214.36,0.24,5048.74,865.55,Net Banking
ORD06880,2024-11-05,CUST7048,Webcam,Accessories,West,2,3403.41,0.13,5921.93,716.14,Net Banking
ORD06881,2025-08-19,CUST4947,Smartwatch,Electronics,North,2,6630.02,0.15,11271.03,2158.88,Debit Card
ORD06882,2025-07-13,CUST6572,Mouse,Accessories,West,5,820.54,0.15,3487.3,447.23,Credit Card
ORD06883,2025-03-13,CUST7051,Keyboard,Accessories,South,1,1410.68,0.2,1128.55,277.45,UPI
ORD06884,2024-12-26,CUST5529,Tablet,Electronics,East,4,22906.27,0.21,72383.81,17594.42,UPI
ORD06885,2024-06-04,CUST9817,Tablet,Electronics,South,3,21124.76,0.01,62740.53,13173.51,Cash
ORD06886,2025-09-04,CUST8475,Printer,Office,North,2,11082.37,0.18,18175.09,4377.98,Debit Card
ORD06887,2024-12-31,CUST1404,Printer,Office,West,4,10401.65,0.2,33285.28,3027.48,UPI
ORD06888,2024-03-21,CUST6755,Mouse,Accessories,North,3,731.67,0.18,1799.91,360.31,UPI
ORD06889,2025-10-01,CUST9334,Smartwatch,Electronics,West,4,6655.87,0.18,21831.26,2496.01,Credit Card
ORD06890,2025-11-01,CUST4720,Webcam,Accessories,North,3,3864.79,0.01,11478.43,2238.97,Debit Card
ORD06891,2024-08-24,CUST3806,Laptop,Electronics,North,4,62786.36,0.11,223519.42,27890.46,Debit Card
ORD06892,2025-01-31,CUST1287,Printer,Office,North,5,10107.4,0.2,40429.59,4361.71,UPI
ORD06893,2024-02-28,CUST5167,Smartwatch,Electronics,North,1,7312.78,0.23,5630.84,1361.31,UPI
ORD06894,2024-08-24,CUST2818,Monitor,Electronics,North,4,11452.11,0.06,43059.95,3960.53,Net Banking
ORD06895,2025-05-24,CUST5649,Headphones,Electronics,North,1,2345.48,0.14,2017.12,406.88,Cash
ORD06896,2024-12-03,CUST6383,Headphones,Electronics,West,4,2481.44,0.2,7940.61,1468.49,UPI
ORD06897,2025-04-16,CUST9970,Smartwatch,Electronics,South,2,6401.25,0.19,10370.03,1147.92,Debit Card
ORD06898,2025-02-18,CUST2940,Mouse,Accessories,East,5,748.21,0.15,3179.89,450.49,Net Banking
ORD06899,2024-10-15,CUST2067,Webcam,Accessories,East,5,3040.18,0.0,15200.91,1194.62,Credit Card
ORD06900,2025-01-08,CUST1989,Tablet,Electronics,South,1,20706.2,0.18,16979.09,3977.21,Debit Card
ORD06901,2024-11-04,CUST9480,Mouse,Accessories,West,2,756.97,0.19,1226.29,298.75,Net Banking
ORD06902,2025-08-29,CUST8746,Smartwatch,Electronics,West,3,7969.85,0.18,19605.83,3852.4,Debit Card
ORD06903,2024-05-01,CUST7143,Webcam,Accessories,East,5,3594.22,0.19,14556.57,3200.76,Debit Card
ORD06904,2024-12-12,CUST4107,Webcam,Accessories,East,2,3801.75,0.11,6767.12,450.17,Debit Card
ORD06905,2025-09-24,CUST5633,Keyboard,Accessories,North,2,1295.42,0.25,1943.13,246.38,UPI
ORD06906,2024-02-05,CUST8461,Smartphone,Electronics,South,1,26458.83,0.19,21431.65,2489.55,UPI
ORD06907,2025-12-25,CUST6219,Headphones,Electronics,North,2,2735.9,0.14,4705.75,766.99,Cash
ORD06908,2025-03-28,CUST2174,Smartwatch,Electronics,North,2,7259.45,0.23,11179.56,968.94,Credit Card
ORD06909,2025-04-03,CUST4537,Tablet,Electronics,North,3,19960.48,0.23,46108.71,7500.79,Credit Card
ORD06910,2024-08-13,CUST8591,Smartphone,Electronics,South,1,29143.16,0.2,23314.53,4216.97,UPI
ORD06911,2025-01-11,CUST8780,Monitor,Electronics,South,1,12139.22,0.14,10439.73,798.33,Debit Card
ORD06912,2025-07-26,CUST2688,Printer,Office,South,2,11030.83,0.13,19193.64,1465.32,Debit Card
ORD06913,2024-07-06,CUST7552,Keyboard,Accessories,North,3,1302.19,0.08,3594.03,205.16,Net Banking
ORD06914,2024-01-03,CUST1643,Printer,Office,West,4,10290.17,0.06,38691.03,7822.49,Net Banking
ORD06915,2024-01-06,CUST5346,Smartphone,Electronics,South,5,31953.32,0.13,138996.96,16151.68,Net Banking
ORD06916,2025-02-07,CUST6843,Smartphone,Electronics,North,1,34301.03,0.14,29498.88,2804.87,Credit Card
ORD06917,2025-09-04,CUST9044,Printer,Office,West,3,10921.48,0.06,30798.57,6332.77,Credit Card
ORD06918,2024-11-04,CUST5974,Tablet,Electronics,East,3,20523.1,0.23,47408.36,3728.72,Net Banking
ORD06919,2024-12-24,CUST3619,Tablet,Electronics,North,2,23383.22,0.14,40219.14,5447.15,Net Banking
ORD06920,2025-05-22,CUST1554,Laptop,Electronics,East,5,70133.92,0.13,305082.55,60698.41,Net Banking
ORD06921,2025-04-09,CUST7069,Monitor,Electronics,East,1,12827.05,0.11,11416.07,1880.99,Credit Card
ORD06922,2025-11-08,CUST2843,Tablet,Electronics,South,4,24112.95,0.01,95487.29,15354.36,UPI
ORD06923,2025-11-06,CUST1532,Monitor,Electronics,North,2,13453.43,0.22,20987.35,1710.32,Debit Card
ORD06924,2025-06-01,CUST8831,Monitor,Electronics,South,1,10554.35,0.08,9710.0,836.87,UPI
ORD06925,2025-01-18,CUST4492,Smartphone,Electronics,West,1,26442.87,0.16,22212.01,3698.56,Credit Card
ORD06926,2025-05-04,CUST1633,Monitor,Electronics,South,3,13067.04,0.15,33320.95,1823.1,Credit Card
ORD06927,2025-06-22,CUST6803,Keyboard,Accessories,East,5,1388.57,0.15,5901.41,1320.88,Net Banking
ORD06928,2025-07-04,CUST4282,Printer,Office,East,4,8675.62,0.13,30191.17,3625.78,UPI
ORD06929,2025-05-03,CUST3180,Laptop,Electronics,North,5,63073.97,0.05,299601.35,39943.82,Credit Card
ORD06930,2024-11-02,CUST1956,Smartwatch,Electronics,West,3,7671.74,0.07,21404.16,2176.51,Cash
ORD06931,2024-10-01,CUST2323,Mouse,Accessories,East,4,710.38,0.13,2472.11,557.05,UPI
ORD06932,2025-08-30,CUST9410,Laptop,Electronics,North,4,68350.92,0.2,218722.94,39042.22,UPI
ORD06933,2024-06-10,CUST4056,Keyboard,Accessories,North,2,1276.63,0.11,2272.4,318.09,Credit Card
ORD06934,2025-08-23,CUST5482,Laptop,Electronics,South,4,57389.88,0.05,218081.54,36433.09,Debit Card
ORD06935,2024-09-03,CUST3718,Monitor,Electronics,East,1,11463.06,0.02,11233.8,1416.29,Credit Card
ORD06936,2025-06-19,CUST4372,Smartphone,Electronics,South,5,26252.42,0.17,108947.55,15592.19,UPI
ORD06937,2025-10-26,CUST5209,Mouse,Accessories,East,5,883.02,0.11,3929.42,477.53,Cash
ORD06938,2024-08-30,CUST4657,Tablet,Electronics,East,2,24402.87,0.03,47341.56,6255.47,UPI
ORD06939,2025-12-10,CUST3870,Smartphone,Electronics,West,4,32300.14,0.17,107236.45,12117.22,Credit Card
ORD06940,2024-01-30,CUST9251,Monitor,Electronics,South,3,11072.93,0.05,31557.84,2067.93,Net Banking
ORD06941,2025-04-25,CUST1926,Monitor,Electronics,North,1,12083.69,0.13,10512.81,604.16,Debit Card
ORD06942,2025-12-19,CUST4837,Mouse,Accessories,South,2,724.21,0.08,1332.54,113.03,UPI
ORD06943,2024-08-08,CUST5850,Mouse,Accessories,West,4,747.51,0.23,2302.32,230.99,Cash
ORD06944,2025-07-19,CUST7258,Headphones,Electronics,East,3,2512.0,0.06,7083.85,1615.79,Cash
ORD06945,2025-01-05,CUST9486,Webcam,Accessories,South,4,3746.76,0.1,13488.35,2323.37,Cash
ORD06946,2024-03-18,CUST1615,Webcam,Accessories,South,2,3074.39,0.24,4673.07,1129.29,Debit Card
ORD06947,2024-04-29,CUST2583,Smartphone,Electronics,West,3,28170.27,0.08,77749.95,9169.0,UPI
ORD06948,2025-05-24,CUST4855,Tablet,Electronics,East,3,24815.7,0.16,62535.57,8151.36,Net Banking
ORD06949,2025-05-28,CUST4507,Laptop,Electronics,East,3,63617.9,0.08,175585.42,34054.9,Credit Card
ORD06950,2025-01-01,CUST6352,Monitor,Electronics,North,3,13579.93,0.03,39517.6,6543.34,UPI
ORD06951,2024-03-20,CUST5349,Monitor,Electronics,East,4,13769.04,0.16,46263.98,7197.57,UPI
ORD06952,2024-12-24,CUST6484,Headphones,Electronics,East,3,2519.99,0.23,5821.19,961.15,Net Banking
ORD06953,2024-07-09,CUST6507,Smartphone,Electronics,East,4,28092.4,0.11,100008.93,16684.2,Debit Card
ORD06954,2025-09-27,CUST9538,Smartphone,Electronics,East,3,32616.99,0.16,82194.82,16697.72,Credit Card
ORD06955,2025-11-24,CUST6256,Printer,Office,East,3,8977.93,0.15,22893.73,4203.66,Credit Card
ORD06956,2025-09-27,CUST4224,Mouse,Accessories,North,2,740.49,0.1,1332.88,321.84,Credit Card
ORD06957,2024-01-17,CUST3105,Tablet,Electronics,East,4,23880.21,0.15,81192.71,19453.17,UPI
ORD06958,2024-01-31,CUST1219,Mouse,Accessories,South,4,784.08,0.06,2948.12,396.18,Net Banking
ORD06959,2024-05-13,CUST6137,Tablet,Electronics,South,5,20030.15,0.09,91137.18,5207.99,Net Banking
ORD06960,2024-08-10,CUST2200,Keyboard,Accessories,East,2,1568.01,0.11,2791.05,145.73,Debit Card
ORD06961,2024-03-10,CUST6675,Smartwatch,Electronics,South,4,7488.8,0.22,23365.06,1743.94,Net Banking
ORD06962,2025-01-26,CUST6613,Webcam,Accessories,North,2,3106.32,0.09,5653.51,367.36,Net Banking
ORD06963,2024-04-02,CUST5581,Webcam,Accessories,South,2,3265.83,0.16,5486.59,684.03,Credit Card
ORD06964,2024-03-13,CUST6834,Tablet,Electronics,North,2,20160.43,0.05,38304.81,2320.31,Debit Card
ORD06965,2024-05-17,CUST7053,Webcam,Accessories,North,1,3373.85,0.06,3171.42,554.94,Net Banking
ORD06966,2024-01-24,CUST1704,Mouse,Accessories,West,4,863.23,0.16,2900.44,255.34,Net Banking
ORD06967,2025-03-22,CUST5944,Monitor,Electronics,South,2,12769.35,0.19,20686.35,3160.73,Net Banking
ORD06968,2024-06-16,CUST5048,Mouse,Accessories,South,1,839.01,0.12,738.33,52.14,Net Banking
ORD06969,2024-10-02,CUST4561,Tablet,Electronics,East,1,18741.48,0.08,17242.17,3716.48,Credit Card
ORD06970,2024-10-15,CUST7401,Smartphone,Electronics,East,3,26779.29,0.23,61860.16,12742.68,UPI
ORD06971,2024-01-14,CUST3929,Mouse,Accessories,West,3,733.59,0.03,2134.75,271.75,Debit Card
ORD06972,2025-04-24,CUST3451,Webcam,Accessories,East,4,3260.55,0.18,10694.62,2482.42,UPI
ORD06973,2025-03-13,CUST2247,Headphones,Electronics,South,3,2234.82,0.17,5564.7,484.91,Credit Card
ORD06974,2024-02-24,CUST1770,Printer,Office,North,4,9730.95,0.17,32306.74,6874.47,UPI
ORD06975,2024-10-19,CUST3595,Monitor,Electronics,West,1,10470.65,0.23,8062.4,1283.3,Net Banking
ORD06976,2025-12-28,CUST5356,Webcam,Accessories,North,1,3762.52,0.18,3085.27,357.63,Debit Card
ORD06977,2024-12-26,CUST6890,Headphones,Electronics,East,4,2715.79,0.08,9994.11,668.33,Net Banking
ORD06978,2024-03-24,CUST4427,Tablet,Electronics,North,3,22490.16,0.09,61398.14,5173.54,Debit Card
ORD06979,2025-01-03,CUST3373,Keyboard,Accessories,West,3,1315.37,0.1,3551.49,790.46,UPI
ORD06980,2024-06-09,CUST9063,Headphones,Electronics,South,4,2792.56,0.01,11058.55,1895.18,Net Banking
ORD06981,2024-11-01,CUST4374,Smartwatch,Electronics,South,5,7977.84,0.23,30714.67,2992.2,Credit Card
ORD06982,2025-04-20,CUST1007,Keyboard,Accessories,West,3,1366.06,0.02,4016.23,599.1,Net Banking
ORD06983,2025-04-03,CUST5709,Laptop,Electronics,North,2,68990.48,0.17,114524.19,8196.19,Cash
ORD06984,2025-08-18,CUST7768,Monitor,Electronics,West,3,13230.98,0.18,32548.21,2270.84,Credit Card
ORD06985,2025-12-10,CUST7351,Webcam,Accessories,South,5,3541.84,0.21,13990.25,3239.48,Debit Card
ORD06986,2024-07-18,CUST9141,Laptop,Electronics,North,1,61554.8,0.14,52937.13,7494.38,Cash
ORD06987,2024-11-30,CUST2068,Mouse,Accessories,East,1,794.85,0.18,651.78,79.72,Net Banking
ORD06988,2024-12-07,CUST9713,Tablet,Electronics,South,1,22080.97,0.08,20314.5,4871.71,Net Banking
ORD06989,2024-06-27,CUST7485,Monitor,Electronics,West,3,11642.29,0.19,28290.77,3672.15,Net Banking
ORD06990,2025-03-25,CUST6864,Smartphone,Electronics,South,1,33868.58,0.09,30820.41,3613.64,Net Banking
ORD06991,2025-12-01,CUST6598,Keyboard,Accessories,East,5,1609.75,0.23,6197.53,648.24,Cash
ORD06992,2024-06-04,CUST6462,Smartphone,Electronics,North,5,27671.71,0.04,132824.23,21652.02,Credit Card
ORD06993,2024-06-20,CUST7312,Laptop,Electronics,West,3,66668.37,0.08,184004.69,29750.27,Cash
ORD06994,2025-01-30,CUST3315,Headphones,Electronics,South,2,2641.52,0.12,4649.07,247.51,Credit Card
ORD06995,2024-07-29,CUST9940,Headphones,Electronics,South,3,2230.12,0.19,5419.19,979.86,UPI
ORD06996,2025-07-22,CUST9791,Tablet,Electronics,West,1,21065.61,0.19,17063.14,3543.36,UPI
ORD06997,2025-10-27,CUST4800,Laptop,Electronics,North,3,72908.19,0.05,207788.35,35987.47,Credit Card
ORD06998,2024-01-25,CUST4895,Printer,Office,East,5,10201.52,0.04,48967.29,10967.58,Credit Card
ORD06999,2025-04-20,CUST4425,Monitor,Electronics,West,3,10981.19,0.08,30308.09,3190.93,Credit Card
ORD07000,2024-07-20,CUST7215,Keyboard,Accessories,South,3,1330.25,0.12,3511.87,310.43,UPI
ORD07001,2025-09-01,CUST3680,Headphones,Electronics,East,2,2513.67,0.13,4373.79,828.64,Credit Card
ORD07002,2025-08-11,CUST8339,Headphones,Electronics,North,5,2535.76,0.11,11284.15,989.75,Credit Card
ORD07003,2025-04-08,CUST5322,Smartphone,Electronics,West,4,28509.73,0.17,94652.3,6457.27,Cash
ORD07004,2025-03-12,CUST5702,Smartphone,Electronics,North,4,31173.74,0.11,110978.53,7693.37,Debit Card
ORD07005,2025-04-23,CUST4248,Webcam,Accessories,East,5,3047.12,0.24,11579.05,2358.41,Net Banking
ORD07006,2025-01-03,CUST9293,Mouse,Accessories,North,4,714.83,0.07,2659.18,148.24,Net Banking
ORD07007,2025-01-13,CUST5038,Printer,Office,East,1,10138.82,0.16,8516.61,918.87,Cash
ORD07008,2024-04-20,CUST1259,Smartphone,Electronics,South,4,26056.34,0.15,88591.56,6718.54,Credit Card
ORD07009,2024-05-02,CUST1276,Smartphone,Electronics,East,1,33428.18,0.07,31088.21,6248.17,Debit Card
ORD07010,2024-02-23,CUST5691,Monitor,Electronics,West,5,10711.73,0.1,48202.77,7264.09,Cash
ORD07011,2025-04-15,CUST5560,Webcam,Accessories,East,4,3682.62,0.09,13404.72,1221.15,Debit Card
ORD07012,2024-07-24,CUST8539,Smartphone,Electronics,East,4,29020.83,0.04,111439.99,22297.16,UPI
ORD07013,2024-06-15,CUST4326,Keyboard,Accessories,South,1,1454.9,0.12,1280.32,256.16,Debit Card
ORD07014,2025-03-10,CUST3934,Monitor,Electronics,North,1,12953.6,0.1,11658.24,1802.42,Cash
ORD07015,2025-08-23,CUST4358,Mouse,Accessories,South,3,799.87,0.04,2303.63,242.27,Net Banking
ORD07016,2024-01-11,CUST8729,Laptop,Electronics,West,2,69400.28,0.11,123532.5,20661.48,UPI
ORD07017,2025-01-17,CUST9545,Monitor,Electronics,East,4,12018.69,0.11,42786.53,10127.83,Debit Card
ORD07018,2025-04-18,CUST3159,Laptop,Electronics,South,2,66811.65,0.03,129614.61,7819.3,Net Banking
ORD07019,2025-05-23,CUST3763,Headphones,Electronics,West,2,2695.54,0.03,5229.34,540.66,Debit Card
ORD07020,2025-07-17,CUST4276,Webcam,Accessories,North,4,3612.67,0.16,12138.59,1298.75,Debit Card
ORD07021,2025-12-25,CUST7209,Mouse,Accessories,South,1,827.75,0.18,678.75,119.71,Credit Card
ORD07022,2024-02-23,CUST1460,Webcam,Accessories,East,3,3803.68,0.24,8672.39,1563.05,Net Banking
ORD07023,2024-09-03,CUST9737,Mouse,Accessories,South,5,907.78,0.02,4448.13,405.95,UPI
ORD07024,2025-08-03,CUST6593,Webcam,Accessories,South,4,3370.55,0.03,13077.74,1219.11,UPI
ORD07025,2025-06-02,CUST5805,Monitor,Electronics,East,4,12277.62,0.01,48619.38,11456.79,UPI
ORD07026,2024-05-19,CUST5139,Webcam,Accessories,West,5,3065.59,0.13,13335.3,2683.86,Debit Card
ORD07027,2025-02-08,CUST8840,Smartwatch,Electronics,East,2,6703.49,0.16,11261.86,2667.42,Net Banking
ORD07028,2025-05-20,CUST2358,Mouse,Accessories,North,3,778.89,0.1,2103.01,454.11,UPI
ORD07029,2024-08-11,CUST6467,Laptop,Electronics,South,2,71537.13,0.2,114459.4,14928.21,UPI
ORD07030,2025-08-03,CUST4556,Mouse,Accessories,West,5,803.21,0.17,3333.34,247.94,Debit Card
ORD07031,2024-12-12,CUST9148,Headphones,Electronics,North,5,2673.3,0.25,10024.87,1763.48,Cash
ORD07032,2025-01-08,CUST9196,Keyboard,Accessories,East,3,1283.55,0.03,3735.14,449.7,UPI
ORD07033,2024-07-22,CUST2210,Smartwatch,Electronics,West,5,6925.43,0.01,34280.9,4630.75,Net Banking
ORD07034,2025-09-24,CUST7394,Tablet,Electronics,West,5,24648.7,0.07,114616.44,15493.39,UPI
ORD07035,2024-10-18,CUST8543,Mouse,Accessories,East,3,733.84,0.0,2201.51,522.43,Debit Card
ORD07036,2024-10-03,CUST5164,Smartphone,Electronics,West,4,25783.7,0.23,79413.79,5064.41,Cash
ORD07037,2024-11-04,CUST9183,Monitor,Electronics,North,2,11760.27,0.08,21638.9,1917.66,Cash
ORD07038,2024-09-10,CUST6368,Monitor,Electronics,West,4,12735.95,0.14,43811.68,7517.58,Net Banking
ORD07039,2025-10-20,CUST1231,Webcam,Accessories,North,4,3452.19,0.08,12704.05,2880.66,Cash
ORD07040,2024-01-03,CUST4534,Webcam,Accessories,West,2,3457.98,0.06,6501.0,1518.56,UPI
ORD07041,2024-07-06,CUST2646,Monitor,Electronics,South,4,12611.3,0.04,48427.38,7832.58,Credit Card
ORD07042,2024-12-02,CUST1792,Printer,Office,West,3,9263.17,0.08,25566.34,1455.04,Debit Card
ORD07043,2024-12-15,CUST6255,Smartwatch,Electronics,North,2,7528.97,0.15,12799.25,1568.88,UPI
ORD07044,2024-04-09,CUST3790,Smartwatch,Electronics,South,1,6271.54,0.24,4766.37,1114.22,UPI
ORD07045,2025-04-01,CUST5862,Laptop,Electronics,East,4,62967.14,0.14,216606.95,32488.62,Debit Card
ORD07046,2025-02-21,CUST7622,Mouse,Accessories,East,5,837.44,0.13,3642.87,711.54,Debit Card
ORD07047,2024-06-05,CUST9278,Tablet,Electronics,West,2,24167.24,0.01,47851.13,4968.8,UPI
ORD07048,2024-07-20,CUST3027,Monitor,Electronics,South,1,13049.51,0.21,10309.11,567.02,Cash
ORD07049,2025-11-27,CUST8680,Mouse,Accessories,West,5,853.2,0.01,4223.36,699.69,Net Banking
ORD07050,2024-11-24,CUST3446,Smartwatch,Electronics,West,1,6704.1,0.23,5162.16,1120.17,UPI
ORD07051,2024-02-09,CUST7889,Headphones,Electronics,South,4,2216.73,0.13,7714.21,1913.54,Credit Card
ORD07052,2024-11-01,CUST6701,Monitor,Electronics,East,5,10980.6,0.04,52706.9,11559.96,UPI
ORD07053,2025-12-15,CUST2423,Mouse,Accessories,South,4,887.56,0.11,3159.71,508.08,Credit Card
ORD07054,2024-05-26,CUST7507,Smartwatch,Electronics,North,5,7750.4,0.25,29063.98,4991.61,UPI
ORD07055,2024-08-29,CUST1080,Keyboard,Accessories,South,2,1703.2,0.08,3133.89,673.26,UPI
ORD07056,2024-06-27,CUST9263,Smartwatch,Electronics,East,3,6109.58,0.07,17045.72,919.82,Credit Card
ORD07057,2024-02-18,CUST2080,Webcam,Accessories,South,3,3538.65,0.03,10297.47,2474.78,Net Banking
ORD07058,2024-06-28,CUST3554,Smartphone,Electronics,North,1,31338.15,0.15,26637.43,4161.94,Credit Card
ORD07059,2025-10-23,CUST6548,Printer,Office,South,5,10631.97,0.02,52096.66,12524.58,Net Banking
ORD07060,2024-11-11,CUST1719,Printer,Office,West,4,10431.59,0.19,33798.35,6857.81,Net Banking
ORD07061,2025-12-20,CUST7764,Webcam,Accessories,South,2,3783.51,0.23,5826.61,468.83,Credit Card
ORD07062,2024-07-27,CUST4354,Webcam,Accessories,South,2,3352.45,0.23,5162.77,428.78,Debit Card
ORD07063,2025-05-02,CUST6579,Monitor,Electronics,East,2,10845.96,0.03,21041.16,2540.28,Credit Card
ORD07064,2024-09-03,CUST1264,Keyboard,Accessories,West,3,1367.06,0.14,3527.02,362.57,Debit Card
ORD07065,2025-06-02,CUST9460,Keyboard,Accessories,West,4,1280.39,0.02,5019.13,691.94,UPI
ORD07066,2025-09-22,CUST1263,Monitor,Electronics,West,2,11461.16,0.14,19713.19,3366.63,Debit Card
ORD07067,2025-03-12,CUST4697,Mouse,Accessories,South,2,702.02,0.2,1123.23,154.24,Cash
ORD07068,2025-06-26,CUST7967,Monitor,Electronics,North,1,11357.36,0.13,9880.9,605.54,UPI
ORD07069,2024-12-14,CUST4802,Tablet,Electronics,East,5,22846.19,0.22,89100.13,21840.79,UPI
ORD07070,2025-06-02,CUST5102,Tablet,Electronics,South,5,24603.56,0.2,98414.22,13288.32,Debit Card
ORD07071,2025-01-21,CUST1398,Printer,Office,East,5,11018.82,0.07,51237.5,11283.27,Debit Card
ORD07072,2024-10-07,CUST9375,Smartwatch,Electronics,South,1,6480.62,0.16,5443.72,352.7,Cash
ORD07073,2025-02-21,CUST8251,Monitor,Electronics,West,3,10682.7,0.0,32048.1,6794.61,UPI
ORD07074,2025-08-29,CUST7583,Monitor,Electronics,East,1,10895.06,0.1,9805.55,830.34,Debit Card
ORD07075,2024-12-09,CUST3852,Mouse,Accessories,West,2,913.04,0.06,1716.51,319.07,Credit Card
ORD07076,2024-02-07,CUST4647,Laptop,Electronics,South,4,65964.75,0.23,203171.44,37050.62,Net Banking
ORD07077,2024-12-31,CUST6709,Printer,Office,North,2,9047.51,0.1,16285.51,3777.61,Net Banking
ORD07078,2025-01-15,CUST3408,Printer,Office,East,2,11022.24,0.16,18517.36,2113.49,Debit Card
ORD07079,2024-05-05,CUST9302,Printer,Office,West,4,9685.57,0.18,31768.68,2280.74,Cash
ORD07080,2024-06-24,CUST6461,Smartwatch,Electronics,South,5,7838.37,0.19,31745.38,7076.46,Debit Card
ORD07081,2024-04-10,CUST5403,Webcam,Accessories,West,1,3248.71,0.18,2663.94,309.86,Cash
ORD07082,2025-05-05,CUST5172,Headphones,Electronics,South,3,2419.92,0.07,6751.57,651.57,UPI
ORD07083,2024-07-11,CUST7889,Laptop,Electronics,West,2,65096.48,0.17,108060.16,15910.96,Credit Card
ORD07084,2024-03-21,CUST1606,Smartwatch,Electronics,West,2,7824.49,0.14,13458.13,1066.25,UPI
ORD07085,2025-03-30,CUST2349,Tablet,Electronics,South,3,24433.8,0.15,62306.19,6815.84,Credit Card
ORD07086,2024-11-29,CUST8626,Mouse,Accessories,West,1,817.85,0.0,817.85,103.91,Cash
ORD07087,2025-07-26,CUST7358,Webcam,Accessories,East,2,3207.86,0.06,6030.78,635.95,Debit Card
ORD07088,2024-05-08,CUST9632,Tablet,Electronics,East,3,21362.16,0.23,49346.58,6911.08,Debit Card
ORD07089,2024-01-06,CUST5883,Webcam,Accessories,South,2,3999.41,0.07,7438.91,944.22,Debit Card
ORD07090,2025-04-02,CUST9771,Keyboard,Accessories,South,5,1548.5,0.11,6890.82,1412.05,Debit Card
ORD07091,2024-01-21,CUST2323,Printer,Office,West,5,10843.29,0.05,51505.64,12035.93,UPI
ORD07092,2024-07-13,CUST2309,Webcam,Accessories,South,2,3447.36,0.03,6687.87,469.39,UPI
ORD07093,2024-01-28,CUST8576,Smartphone,Electronics,West,2,30288.07,0.05,57547.32,12353.14,Cash
ORD07094,2025-03-25,CUST3541,Printer,Office,East,5,9786.86,0.14,42083.51,9946.62,Credit Card
ORD07095,2025-05-06,CUST9717,Printer,Office,North,2,10608.76,0.23,16337.5,3060.38,Credit Card
ORD07096,2025-10-13,CUST3198,Mouse,Accessories,North,1,884.35,0.08,813.6,202.82,Credit Card
ORD07097,2025-03-05,CUST7835,Laptop,Electronics,South,1,65143.59,0.08,59932.1,7012.57,Debit Card
ORD07098,2024-08-22,CUST8122,Tablet,Electronics,East,4,21873.73,0.14,75245.61,16257.72,UPI
ORD07099,2025-02-27,CUST2201,Webcam,Accessories,South,1,3332.3,0.09,3032.39,560.21,Net Banking
ORD07100,2025-08-27,CUST2568,Webcam,Accessories,South,2,3160.95,0.23,4867.87,558.27,Net Banking
ORD07101,2024-05-16,CUST4027,Keyboard,Accessories,East,2,1697.66,0.09,3089.74,589.94,Debit Card
ORD07102,2024-03-22,CUST1008,Printer,Office,North,3,9448.24,0.12,24943.35,3789.5,Net Banking
ORD07103,2024-11-13,CUST6470,Monitor,Electronics,West,1,13082.49,0.13,11381.77,999.26,Credit Card
ORD07104,2024-12-30,CUST7919,Headphones,Electronics,East,5,2661.51,0.2,10646.04,902.53,Credit Card
ORD07105,2025-02-03,CUST1202,Monitor,Electronics,South,5,13047.3,0.14,56103.4,10809.99,Cash
ORD07106,2024-12-21,CUST4056,Webcam,Accessories,North,4,3958.61,0.06,14884.36,2863.54,Debit Card
ORD07107,2025-03-27,CUST6575,Monitor,Electronics,East,3,12444.13,0.03,36212.43,5654.74,Cash
ORD07108,2024-08-22,CUST4635,Mouse,Accessories,West,5,895.51,0.23,3447.71,518.13,Credit Card
ORD07109,2024-02-04,CUST4531,Smartphone,Electronics,West,4,27009.28,0.2,86429.68,7433.62,UPI
ORD07110,2025-09-30,CUST8367,Webcam,Accessories,North,1,3633.05,0.01,3596.72,488.64,Debit Card
ORD07111,2024-12-04,CUST9141,Webcam,Accessories,West,3,3785.89,0.21,8972.56,2012.36,Cash
ORD07112,2025-03-29,CUST8555,Smartphone,Electronics,East,3,27944.77,0.15,71259.16,15744.39,Cash
ORD07113,2025-04-23,CUST2614,Tablet,Electronics,East,2,23588.98,0.13,41044.82,7477.7,Credit Card
ORD07114,2024-09-15,CUST1661,Smartphone,Electronics,North,1,32506.29,0.0,32506.29,8109.39,Cash
ORD07115,2025-10-01,CUST1093,Monitor,Electronics,North,3,13192.28,0.2,31661.46,7238.94,Credit Card
ORD07116,2024-02-22,CUST8358,Mouse,Accessories,West,4,755.09,0.05,2869.35,226.81,UPI
ORD07117,2025-09-03,CUST7619,Keyboard,Accessories,South,5,1581.72,0.18,6485.06,841.94,Cash
ORD07118,2025-03-18,CUST2063,Tablet,Electronics,South,1,20708.07,0.0,20708.07,1581.84,Credit Card
ORD07119,2025-02-23,CUST6571,Smartwatch,Electronics,North,1,7501.98,0.2,6001.59,859.53,Credit Card
ORD07120,2025-12-06,CUST6761,Keyboard,Accessories,South,3,1483.34,0.01,4405.51,904.35,UPI
ORD07121,2024-09-05,CUST4044,Laptop,Electronics,South,3,66902.12,0.06,188663.97,15311.54,Cash
ORD07122,2024-10-19,CUST6870,Laptop,Electronics,East,3,63358.88,0.07,176771.27,39965.23,UPI
ORD07123,2024-07-25,CUST5370,Laptop,Electronics,South,4,58408.67,0.04,224289.28,36741.17,UPI
ORD07124,2024-04-10,CUST8245,Laptop,Electronics,East,2,58721.58,0.12,103349.97,20648.18,UPI
ORD07125,2024-08-02,CUST3172,Mouse,Accessories,South,3,698.62,0.07,1949.14,115.06,Cash
ORD07126,2024-10-26,CUST9712,Keyboard,Accessories,North,2,1553.13,0.25,2329.7,160.21,Net Banking
ORD07127,2025-07-29,CUST6408,Printer,Office,East,2,11045.92,0.14,18998.97,3309.09,Credit Card
ORD07128,2025-03-10,CUST6246,Headphones,Electronics,South,1,2140.63,0.14,1840.94,400.66,Credit Card
ORD07129,2024-08-26,CUST7359,Tablet,Electronics,West,5,19137.18,0.06,89944.75,20217.15,UPI
ORD07130,2024-05-03,CUST2129,Smartwatch,Electronics,West,5,6910.68,0.1,31098.06,5836.29,UPI
ORD07131,2025-06-01,CUST3772,Monitor,Electronics,West,4,12855.79,0.03,49880.48,4498.61,Net Banking
ORD07132,2024-05-28,CUST4648,Webcam,Accessories,North,4,3140.59,0.19,10175.52,905.67,Debit Card
ORD07133,2024-02-26,CUST7200,Laptop,Electronics,East,5,60547.2,0.08,278517.12,63020.78,Credit Card
ORD07134,2024-06-04,CUST7887,Smartwatch,Electronics,South,5,6437.21,0.19,26070.71,1893.96,Debit Card
ORD07135,2025-08-19,CUST4351,Webcam,Accessories,North,1,3394.0,0.09,3088.54,578.22,UPI
ORD07136,2025-06-19,CUST1613,Headphones,Electronics,West,1,2293.75,0.25,1720.31,269.58,Credit Card
ORD07137,2024-04-24,CUST5267,Smartwatch,Electronics,East,5,6690.46,0.04,32114.19,4312.42,Credit Card
ORD07138,2025-08-26,CUST8272,Keyboard,Accessories,South,3,1602.84,0.0,4808.53,663.9,UPI
ORD07139,2024-11-26,CUST9197,Smartwatch,Electronics,South,3,7233.12,0.15,18444.45,4408.99,Debit Card
ORD07140,2024-07-09,CUST5034,Laptop,Electronics,East,1,56833.04,0.24,43193.11,9601.34,Debit Card
ORD07141,2025-06-17,CUST3968,Headphones,Electronics,North,2,2603.31,0.16,4373.56,975.29,Cash
ORD07142,2024-12-31,CUST9730,Monitor,Electronics,East,5,11917.48,0.02,58395.64,7668.73,Cash
ORD07143,2025-05-08,CUST8697,Printer,Office,North,4,11303.7,0.14,38884.72,2776.22,Net Banking
ORD07144,2025-06-29,CUST3519,Smartphone,Electronics,West,3,28103.74,0.23,64919.64,16201.86,Net Banking
ORD07145,2024-09-05,CUST1555,Laptop,Electronics,West,2,69410.25,0.0,138820.49,10976.34,Debit Card
ORD07146,2024-02-06,CUST5342,Webcam,Accessories,North,3,3742.4,0.04,10778.12,1650.31,UPI
ORD07147,2024-10-23,CUST7916,Headphones,Electronics,East,2,2291.13,0.2,3665.8,377.3,Debit Card
ORD07148,2025-04-09,CUST9508,Keyboard,Accessories,North,5,1681.45,0.22,6557.66,997.74,Credit Card
ORD07149,2024-08-08,CUST6370,Mouse,Accessories,West,5,797.88,0.18,3271.32,363.07,Cash
ORD07150,2025-04-30,CUST9945,Headphones,Electronics,South,5,2634.16,0.25,9878.11,2265.81,Cash
ORD07151,2025-02-02,CUST4717,Webcam,Accessories,East,1,3128.15,0.02,3065.59,746.99,Debit Card
ORD07152,2025-06-16,CUST6926,Smartphone,Electronics,West,2,27820.24,0.14,47850.8,6316.92,Credit Card
ORD07153,2024-02-21,CUST3287,Smartphone,Electronics,North,4,30774.96,0.17,102172.88,6542.94,Debit Card
ORD07154,2025-03-06,CUST5231,Tablet,Electronics,West,4,20805.58,0.18,68242.3,12465.63,Debit Card
ORD07155,2024-07-26,CUST3274,Printer,Office,South,5,9999.08,0.2,39996.32,5012.54,Debit Card
ORD07156,2025-02-22,CUST9650,Webcam,Accessories,North,4,3367.71,0.23,10372.53,2564.03,Credit Card
ORD07157,2025-04-04,CUST6715,Smartphone,Electronics,East,3,31264.98,0.09,85353.41,5793.36,Cash
ORD07158,2025-06-02,CUST4829,Tablet,Electronics,South,2,21915.16,0.01,43392.02,3203.43,UPI
ORD07159,2024-06-17,CUST2109,Tablet,Electronics,North,2,18730.43,0.09,34089.37,6473.05,Net Banking
ORD07160,2025-10-11,CUST3984,Tablet,Electronics,West,2,22987.89,0.17,38159.9,7697.99,Credit Card
ORD07161,2025-12-02,CUST8627,Headphones,Electronics,West,3,2441.59,0.05,6958.53,1003.55,Cash
ORD07162,2024-05-19,CUST5164,Tablet,Electronics,East,1,20955.21,0.2,16764.17,1767.83,Debit Card
ORD07163,2024-12-12,CUST2385,Laptop,Electronics,North,3,57085.86,0.05,162694.71,18215.63,UPI
ORD07164,2025-10-29,CUST6562,Webcam,Accessories,West,2,3206.39,0.0,6412.78,754.11,Net Banking
ORD07165,2024-02-27,CUST7294,Laptop,Electronics,East,2,59613.56,0.13,103727.59,9859.97,Net Banking
ORD07166,2025-11-26,CUST6603,Mouse,Accessories,South,2,904.49,0.18,1483.36,326.53,Credit Card
ORD07167,2025-10-19,CUST2733,Smartphone,Electronics,East,4,29392.62,0.09,106989.13,6741.97,Debit Card
ORD07168,2025-03-24,CUST2577,Printer,Office,South,1,8626.2,0.19,6987.22,918.51,Debit Card
ORD07169,2024-07-03,CUST7740,Tablet,Electronics,North,3,19616.19,0.11,52375.23,10449.94,UPI
ORD07170,2024-06-26,CUST9006,Keyboard,Accessories,West,2,1310.56,0.04,2516.28,127.74,Net Banking
ORD07171,2025-05-01,CUST1740,Keyboard,Accessories,North,5,1539.99,0.02,7545.96,1702.42,Credit Card
ORD07172,2025-04-09,CUST3478,Smartphone,Electronics,South,1,27179.59,0.18,22287.27,4262.63,Debit Card
ORD07173,2024-05-06,CUST3963,Mouse,Accessories,North,5,799.65,0.1,3598.44,232.73,Net Banking
ORD07174,2024-02-14,CUST4291,Keyboard,Accessories,South,1,1441.53,0.23,1109.98,254.18,Net Banking
ORD07175,2024-07-08,CUST3249,Laptop,Electronics,North,2,70925.59,0.14,121992.01,17989.06,Cash
ORD07176,2024-12-27,CUST4793,Smartwatch,Electronics,West,1,6623.03,0.09,6026.96,1087.55,UPI
ORD07177,2024-12-31,CUST3460,Headphones,Electronics,North,1,2468.7,0.09,2246.52,508.63,Debit Card
ORD07178,2024-07-11,CUST5315,Monitor,Electronics,East,2,12796.63,0.03,24825.46,5616.32,Cash
ORD07179,2025-07-20,CUST7955,Keyboard,Accessories,West,5,1470.01,0.15,6247.53,823.11,UPI
ORD07180,2024-10-20,CUST8550,Printer,Office,East,5,10879.65,0.15,46238.5,4510.01,Cash
ORD07181,2025-06-10,CUST1616,Tablet,Electronics,East,4,23067.12,0.2,73814.77,7491.04,Debit Card
ORD07182,2024-05-28,CUST2985,Printer,Office,West,5,9731.59,0.05,46225.04,9392.39,Credit Card
ORD07183,2024-05-28,CUST4349,Webcam,Accessories,South,5,3504.18,0.07,16294.44,3843.63,Cash
ORD07184,2024-09-07,CUST3796,Headphones,Electronics,East,1,2850.4,0.02,2793.39,180.02,Cash
ORD07185,2025-03-10,CUST9906,Laptop,Electronics,East,4,68151.42,0.07,253523.3,13437.74,Net Banking
ORD07186,2024-08-01,CUST9709,Mouse,Accessories,East,2,897.2,0.11,1597.01,342.7,Debit Card
ORD07187,2025-09-11,CUST2981,Headphones,Electronics,North,2,2259.07,0.24,3433.78,437.19,Cash
ORD07188,2024-02-04,CUST7940,Monitor,Electronics,South,3,11939.65,0.16,30087.92,3167.95,Credit Card
ORD07189,2025-01-15,CUST4114,Smartwatch,Electronics,East,4,7858.19,0.2,25146.21,2204.69,Cash
ORD07190,2024-08-14,CUST9898,Keyboard,Accessories,West,1,1420.18,0.08,1306.56,155.87,UPI
ORD07191,2024-08-07,CUST3295,Mouse,Accessories,East,3,912.24,0.04,2627.25,641.82,Credit Card
ORD07192,2024-05-19,CUST6437,Mouse,Accessories,East,3,703.3,0.06,1983.3,486.73,Credit Card
ORD07193,2025-07-19,CUST9972,Keyboard,Accessories,North,2,1681.2,0.06,3160.66,367.59,Cash
ORD07194,2024-09-21,CUST6678,Keyboard,Accessories,South,5,1475.35,0.15,6270.22,1522.02,Cash
ORD07195,2024-12-01,CUST9462,Keyboard,Accessories,East,1,1308.18,0.09,1190.45,130.92,Net Banking
ORD07196,2025-09-13,CUST4652,Keyboard,Accessories,East,4,1670.78,0.21,5279.68,1166.26,Debit Card
ORD07197,2025-07-10,CUST6925,Keyboard,Accessories,East,3,1388.37,0.25,3123.84,288.65,Net Banking
ORD07198,2024-10-05,CUST6361,Mouse,Accessories,North,1,685.34,0.09,623.66,134.27,UPI
ORD07199,2024-11-27,CUST7237,Smartphone,Electronics,North,2,26722.26,0.18,43824.51,5291.64,Debit Card
ORD07200,2025-12-24,CUST7623,Smartphone,Electronics,West,3,31432.03,0.16,79208.72,7061.04,Net Banking
ORD07201,2024-07-13,CUST6523,Printer,Office,East,3,11433.43,0.05,32585.29,7721.28,Net Banking
ORD07202,2025-09-22,CUST3466,Smartphone,Electronics,North,2,26503.16,0.23,40814.87,3789.12,Cash
ORD07203,2025-12-06,CUST4207,Monitor,Electronics,West,2,11863.01,0.05,22539.72,5598.12,Net Banking
ORD07204,2024-02-12,CUST3710,Smartphone,Electronics,West,2,27125.73,0.18,44486.2,3190.32,Cash
ORD07205,2024-09-14,CUST5954,Mouse,Accessories,South,1,858.81,0.09,781.52,40.64,Credit Card
ORD07206,2025-11-18,CUST2529,Keyboard,Accessories,West,1,1328.13,0.09,1208.6,270.92,Debit Card
ORD07207,2025-03-17,CUST1179,Tablet,Electronics,East,1,20282.96,0.11,18051.83,3020.45,Cash
ORD07208,2024-10-22,CUST3695,Tablet,Electronics,South,5,19996.28,0.22,77985.49,10475.42,Net Banking
ORD07209,2025-09-02,CUST9802,Monitor,Electronics,South,3,12189.07,0.04,35104.53,2330.69,Cash
ORD07210,2025-03-12,CUST5420,Webcam,Accessories,South,1,3891.84,0.01,3852.92,635.65,Credit Card
ORD07211,2025-12-08,CUST1960,Mouse,Accessories,North,5,802.66,0.1,3611.98,465.02,UPI
ORD07212,2025-09-20,CUST8358,Laptop,Electronics,North,3,56385.75,0.01,167465.67,24571.3,UPI
ORD07213,2025-11-06,CUST3775,Headphones,Electronics,South,1,2547.54,0.17,2114.46,372.31,Credit Card
ORD07214,2025-02-01,CUST2281,Printer,Office,North,2,10892.56,0.19,17645.95,3140.75,Net Banking
ORD07215,2024-05-04,CUST8888,Laptop,Electronics,North,4,57827.05,0.21,182733.46,44243.4,Debit Card
ORD07216,2025-05-11,CUST2417,Mouse,Accessories,East,1,697.45,0.19,564.94,102.26,Debit Card
ORD07217,2024-12-29,CUST1740,Smartphone,Electronics,West,4,27190.27,0.23,83746.03,9872.05,Cash
ORD07218,2024-05-26,CUST7721,Keyboard,Accessories,East,1,1610.74,0.19,1304.7,151.25,UPI
ORD07219,2025-04-04,CUST5555,Laptop,Electronics,East,2,66787.77,0.23,102853.16,14958.16,Credit Card
ORD07220,2024-06-19,CUST4086,Headphones,Electronics,East,4,2530.45,0.05,9615.69,979.51,Net Banking
ORD07221,2024-11-05,CUST1470,Webcam,Accessories,South,5,3236.95,0.12,14242.6,1784.42,Credit Card
ORD07222,2025-12-13,CUST8027,Tablet,Electronics,North,2,20892.76,0.25,31339.14,6845.18,UPI
ORD07223,2024-12-17,CUST2189,Webcam,Accessories,South,4,3989.18,0.17,13244.08,2939.55,Credit Card
ORD07224,2024-12-13,CUST6788,Headphones,Electronics,East,4,2305.47,0.22,7193.06,1262.8,Credit Card
ORD07225,2024-12-16,CUST4575,Keyboard,Accessories,West,2,1680.74,0.01,3327.87,554.32,Credit Card
ORD07226,2025-07-26,CUST2144,Smartphone,Electronics,East,2,30724.78,0.22,47930.66,6490.77,Cash
ORD07227,2024-05-20,CUST9874,Headphones,Electronics,North,2,2217.47,0.17,3681.0,652.2,Net Banking
ORD07228,2024-06-18,CUST6096,Printer,Office,West,3,9901.94,0.04,28517.58,6023.22,Debit Card
ORD07229,2024-08-12,CUST2509,Headphones,Electronics,West,5,2836.41,0.01,14040.24,2773.92,Net Banking
ORD07230,2024-08-08,CUST4739,Mouse,Accessories,North,1,780.46,0.06,733.63,41.88,UPI
ORD07231,2024-12-30,CUST4933,Smartphone,Electronics,North,4,33270.48,0.23,102473.08,20107.88,Debit Card
ORD07232,2024-04-22,CUST6627,Keyboard,Accessories,East,1,1390.39,0.17,1154.03,223.87,Cash
ORD07233,2024-09-05,CUST8367,Tablet,Electronics,North,2,22468.09,0.23,34600.85,2415.07,Debit Card
ORD07234,2025-04-14,CUST9047,Tablet,Electronics,West,5,24269.42,0.11,107998.93,8645.26,Debit Card
ORD07235,2025-03-24,CUST9274,Headphones,Electronics,North,5,2815.52,0.23,10839.74,2250.13,Debit Card
ORD07236,2024-02-17,CUST4968,Mouse,Accessories,East,3,796.6,0.12,2103.02,340.26,Credit Card
ORD07237,2024-12-16,CUST1875,Laptop,Electronics,South,2,67723.92,0.05,128675.44,27578.47,UPI
ORD07238,2024-03-24,CUST9413,Webcam,Accessories,South,4,2978.13,0.04,11436.02,994.35,Cash
ORD07239,2025-11-06,CUST9184,Webcam,Accessories,East,3,3240.88,0.25,7291.99,409.25,UPI
ORD07240,2025-08-21,CUST2564,Webcam,Accessories,West,2,3267.65,0.08,6012.47,495.36,Credit Card
ORD07241,2024-06-21,CUST1647,Laptop,Electronics,South,3,57073.11,0.04,164370.57,23096.37,Cash
ORD07242,2024-05-24,CUST2189,Mouse,Accessories,East,1,747.13,0.0,747.13,115.55,Credit Card
ORD07243,2025-03-26,CUST2794,Webcam,Accessories,South,2,3312.18,0.07,6160.65,1364.83,Cash
ORD07244,2025-06-28,CUST6430,Printer,Office,West,4,11406.3,0.22,35587.65,6876.96,Cash
ORD07245,2024-11-16,CUST6115,Laptop,Electronics,West,4,68287.75,0.13,237641.36,58953.62,Net Banking
ORD07246,2024-05-27,CUST3216,Laptop,Electronics,West,2,63557.1,0.16,106775.93,7019.87,Credit Card
ORD07247,2025-12-06,CUST1154,Keyboard,Accessories,North,3,1719.62,0.23,3972.33,302.07,UPI
ORD07248,2024-05-05,CUST2115,Keyboard,Accessories,West,5,1343.95,0.13,5846.2,390.94,Credit Card
ORD07249,2025-10-02,CUST8358,Smartphone,Electronics,West,2,29784.46,0.21,47059.45,7420.88,Credit Card
ORD07250,2025-11-05,CUST7718,Printer,Office,West,4,10441.19,0.08,38423.57,3971.93,Credit Card
ORD07251,2025-04-10,CUST3824,Printer,Office,South,1,8666.74,0.24,6586.72,1229.92,Net Banking
ORD07252,2024-05-08,CUST6203,Smartphone,Electronics,East,4,31952.99,0.02,125255.72,9586.84,Net Banking
ORD07253,2025-11-13,CUST4548,Printer,Office,East,5,8799.6,0.18,36078.37,2548.51,Net Banking
ORD07254,2024-03-15,CUST7614,Monitor,Electronics,West,4,10705.02,0.17,35540.65,5047.95,Net Banking
ORD07255,2025-04-30,CUST8888,Smartwatch,Electronics,South,5,6285.35,0.05,29855.4,3737.29,Credit Card
ORD07256,2024-08-03,CUST2175,Webcam,Accessories,East,2,3950.33,0.1,7110.6,1534.7,UPI
ORD07257,2024-08-24,CUST3082,Keyboard,Accessories,South,4,1582.46,0.08,5823.44,1266.66,Debit Card
ORD07258,2024-04-05,CUST5921,Smartphone,Electronics,East,3,31398.85,0.02,92312.61,6783.66,Credit Card
ORD07259,2024-07-01,CUST7858,Smartphone,Electronics,North,3,30499.44,0.15,77773.58,16524.13,UPI
ORD07260,2025-09-24,CUST4293,Printer,Office,West,4,9378.42,0.25,28135.25,4581.35,Debit Card
ORD07261,2024-07-13,CUST9891,Laptop,Electronics,South,4,67357.35,0.14,231709.28,34921.29,Debit Card
ORD07262,2024-09-06,CUST8590,Tablet,Electronics,South,1,21406.99,0.14,18410.01,1269.42,Net Banking
ORD07263,2025-09-14,CUST7547,Headphones,Electronics,North,4,2234.06,0.01,8846.89,1751.03,Debit Card
ORD07264,2025-03-22,CUST6717,Headphones,Electronics,East,1,2642.2,0.03,2562.93,158.71,UPI
ORD07265,2024-03-12,CUST2623,Smartphone,Electronics,South,1,26666.24,0.13,23199.63,2448.45,Net Banking
ORD07266,2024-02-21,CUST5543,Webcam,Accessories,West,1,3175.2,0.25,2381.4,164.52,Credit Card
ORD07267,2025-05-10,CUST9845,Monitor,Electronics,North,1,13143.72,0.22,10252.1,1600.9,Credit Card
ORD07268,2024-06-03,CUST5236,Webcam,Accessories,West,2,3668.12,0.09,6675.98,1195.31,Net Banking
ORD07269,2024-11-15,CUST5352,Smartphone,Electronics,East,3,31178.92,0.14,80441.61,18354.45,Net Banking
ORD07270,2024-10-27,CUST3550,Webcam,Accessories,West,1,3414.11,0.14,2936.14,577.76,Debit Card
ORD07271,2024-07-13,CUST4674,Keyboard,Accessories,North,3,1453.33,0.17,3618.78,876.54,Debit Card
ORD07272,2024-01-26,CUST2292,Webcam,Accessories,North,1,3699.78,0.17,3070.81,620.89,UPI
ORD07273,2024-08-14,CUST9071,Printer,Office,South,3,10720.02,0.2,25728.04,2820.17,Net Banking
ORD07274,2025-01-31,CUST2553,Printer,Office,West,4,10030.64,0.01,39721.33,6336.23,Credit Card
ORD07275,2024-07-27,CUST5769,Monitor,Electronics,West,4,13689.37,0.24,41615.68,5892.28,UPI
ORD07276,2025-02-17,CUST9474,Keyboard,Accessories,East,3,1705.06,0.02,5012.89,818.07,Credit Card
ORD07277,2024-09-09,CUST4729,Tablet,Electronics,South,1,21422.03,0.12,18851.39,3099.51,Credit Card
ORD07278,2025-03-03,CUST5977,Laptop,Electronics,East,2,71252.13,0.23,109728.29,20894.48,UPI
ORD07279,2025-09-05,CUST6823,Keyboard,Accessories,East,3,1519.47,0.12,4011.4,267.19,Credit Card
ORD07280,2024-09-21,CUST1590,Mouse,Accessories,North,5,802.82,0.02,3933.82,784.2,Net Banking
ORD07281,2024-06-24,CUST5922,Smartwatch,Electronics,North,2,6065.42,0.06,11403.0,897.97,Net Banking
ORD07282,2024-12-17,CUST4778,Smartphone,Electronics,South,5,30665.77,0.14,131862.82,7284.29,UPI
ORD07283,2024-07-02,CUST5373,Mouse,Accessories,East,3,896.14,0.02,2634.65,405.16,Credit Card
ORD07284,2024-11-19,CUST6553,Monitor,Electronics,West,1,13008.48,0.11,11577.55,1925.29,Credit Card
ORD07285,2025-05-13,CUST3454,Mouse,Accessories,West,5,868.72,0.08,3996.09,227.66,Debit Card
ORD07286,2024-07-11,CUST1083,Printer,Office,North,3,8979.79,0.2,21551.49,3298.98,Cash
ORD07287,2025-04-30,CUST7579,Webcam,Accessories,East,2,3351.37,0.03,6501.66,1020.2,UPI
ORD07288,2024-07-13,CUST6894,Laptop,Electronics,North,1,59797.5,0.17,49631.92,3002.68,Credit Card
ORD07289,2024-01-21,CUST2926,Headphones,Electronics,North,5,2361.94,0.1,10628.71,2044.08,UPI
ORD07290,2024-11-29,CUST9140,Smartphone,Electronics,South,3,30715.85,0.15,78325.43,7210.48,Debit Card
ORD07291,2025-07-22,CUST1744,Headphones,Electronics,East,1,2398.59,0.05,2278.66,475.99,UPI
ORD07292,2024-02-24,CUST9342,Webcam,Accessories,North,1,3563.73,0.15,3029.17,339.77,Net Banking
ORD07293,2024-01-02,CUST3883,Printer,Office,East,4,9815.5,0.17,32587.47,4744.04,Credit Card
ORD07294,2024-10-30,CUST3248,Printer,Office,East,1,9359.85,0.02,9172.65,2094.76,Debit Card
ORD07295,2025-06-17,CUST9553,Webcam,Accessories,East,3,3075.17,0.21,7288.16,1539.52,Net Banking
ORD07296,2024-05-20,CUST2215,Smartphone,Electronics,West,2,33526.55,0.22,52301.41,10793.58,Cash
ORD07297,2024-03-29,CUST5625,Headphones,Electronics,North,4,2133.53,0.02,8363.44,686.53,Cash
ORD07298,2025-08-09,CUST5258,Keyboard,Accessories,East,3,1275.74,0.15,3253.15,193.98,UPI
ORD07299,2025-08-08,CUST3326,Printer,Office,South,3,10980.39,0.15,28000.0,4792.25,Credit Card
ORD07300,2024-10-31,CUST2158,Headphones,Electronics,South,3,2872.61,0.0,8617.82,1138.74,Cash
ORD07301,2024-06-13,CUST8868,Tablet,Electronics,North,5,23498.88,0.09,106919.9,24785.68,Debit Card
ORD07302,2024-08-04,CUST1944,Headphones,Electronics,South,5,2136.46,0.24,8118.53,973.56,Credit Card
ORD07303,2024-12-29,CUST6113,Tablet,Electronics,West,2,20196.16,0.14,34737.39,4589.14,Debit Card
ORD07304,2025-06-14,CUST5850,Tablet,Electronics,South,3,25114.03,0.23,58013.41,9003.69,Debit Card
ORD07305,2024-10-10,CUST5803,Printer,Office,North,5,10925.81,0.17,45342.12,9489.21,Debit Card
ORD07306,2024-12-27,CUST3937,Smartphone,Electronics,East,5,30601.2,0.01,151475.93,15701.97,Cash
ORD07307,2025-01-02,CUST4758,Monitor,Electronics,West,5,11052.7,0.02,54158.22,12909.38,UPI
ORD07308,2025-03-16,CUST5554,Printer,Office,North,2,8543.11,0.18,14010.7,2213.47,Cash
ORD07309,2025-03-20,CUST9807,Smartphone,Electronics,North,2,25687.75,0.14,44182.94,9640.52,Cash
ORD07310,2025-01-11,CUST8297,Smartphone,Electronics,South,3,31007.83,0.03,90232.78,13997.24,UPI
ORD07311,2025-05-10,CUST1003,Mouse,Accessories,North,4,685.24,0.15,2329.81,476.21,Net Banking
ORD07312,2024-07-06,CUST5754,Webcam,Accessories,East,3,4018.31,0.2,9643.95,581.38,Debit Card
ORD07313,2025-10-11,CUST6063,Webcam,Accessories,North,5,3167.55,0.19,12828.59,2691.98,Net Banking
ORD07314,2025-12-14,CUST2612,Webcam,Accessories,North,5,3721.24,0.06,17489.84,2707.29,Debit Card
ORD07315,2025-01-18,CUST5529,Smartwatch,Electronics,East,1,6275.63,0.06,5899.09,825.18,Net Banking
ORD07316,2025-03-03,CUST5721,Printer,Office,North,3,10120.28,0.24,23074.24,1668.77,Debit Card
ORD07317,2024-06-06,CUST9403,Smartphone,Electronics,East,5,26225.5,0.22,102279.46,20283.3,UPI
ORD07318,2025-09-18,CUST3240,Mouse,Accessories,East,5,864.03,0.08,3974.52,302.99,UPI
ORD07319,2024-08-12,CUST5322,Tablet,Electronics,South,4,22560.48,0.21,71291.11,6306.67,UPI
ORD07320,2025-07-10,CUST9531,Monitor,Electronics,North,1,10510.2,0.04,10089.79,759.61,Credit Card
ORD07321,2025-12-29,CUST6963,Monitor,Electronics,West,3,13254.91,0.05,37776.49,1938.51,Debit Card
ORD07322,2025-09-21,CUST8153,Tablet,Electronics,West,2,22310.32,0.05,42389.61,7731.13,UPI
ORD07323,2025-01-06,CUST9870,Headphones,Electronics,East,3,2816.19,0.02,8279.61,862.48,Net Banking
ORD07324,2024-11-04,CUST3460,Headphones,Electronics,North,3,2812.47,0.21,6665.55,532.54,Credit Card
ORD07325,2024-12-24,CUST5418,Webcam,Accessories,South,4,3941.53,0.14,13558.87,1545.64,Credit Card
ORD07326,2024-04-11,CUST3556,Printer,Office,South,3,8733.36,0.06,24628.06,3689.7,UPI
ORD07327,2025-04-04,CUST5170,Smartwatch,Electronics,South,4,6204.01,0.21,19604.68,2954.08,Cash
ORD07328,2024-05-11,CUST8795,Mouse,Accessories,East,4,917.05,0.2,2934.56,362.24,UPI
ORD07329,2025-12-24,CUST3387,Monitor,Electronics,South,5,11955.36,0.03,57983.51,8638.76,Cash
ORD07330,2024-07-20,CUST4632,Webcam,Accessories,West,2,3225.12,0.16,5418.21,734.0,UPI
ORD07331,2024-10-13,CUST3366,Laptop,Electronics,North,4,70258.46,0.18,230447.74,49438.66,Debit Card
ORD07332,2024-05-26,CUST1794,Webcam,Accessories,North,1,3252.5,0.18,2667.05,149.15,Net Banking
ORD07333,2024-10-20,CUST4781,Laptop,Electronics,West,1,69430.71,0.18,56933.18,12730.6,Cash
ORD07334,2024-02-02,CUST6992,Keyboard,Accessories,East,2,1651.78,0.04,3171.41,313.28,Cash
ORD07335,2024-01-18,CUST8225,Smartphone,Electronics,North,4,32558.37,0.08,119814.8,23286.78,Credit Card
ORD07336,2025-11-02,CUST4705,Tablet,Electronics,East,2,20508.72,0.21,32403.77,4245.15,Cash
ORD07337,2024-04-24,CUST8432,Smartphone,Electronics,South,5,29114.57,0.22,113546.81,12361.45,Debit Card
ORD07338,2024-07-26,CUST9916,Webcam,Accessories,East,1,3408.91,0.07,3170.29,548.68,Net Banking
ORD07339,2024-06-09,CUST1977,Smartphone,Electronics,West,3,29921.46,0.01,88866.73,18108.98,Cash
ORD07340,2024-10-16,CUST1075,Mouse,Accessories,East,1,720.17,0.21,568.93,79.64,Credit Card
ORD07341,2024-11-14,CUST4602,Keyboard,Accessories,North,4,1478.61,0.09,5382.15,771.32,Net Banking
ORD07342,2025-04-06,CUST2657,Smartwatch,Electronics,North,2,7022.64,0.08,12921.67,798.19,Cash
ORD07343,2025-07-12,CUST6005,Keyboard,Accessories,South,1,1514.27,0.09,1377.98,323.55,Debit Card
ORD07344,2024-02-21,CUST6849,Monitor,Electronics,North,3,13151.64,0.1,35509.43,7790.04,Debit Card
ORD07345,2024-02-21,CUST2871,Mouse,Accessories,West,3,804.16,0.09,2195.36,284.52,Net Banking
ORD07346,2024-06-19,CUST5869,Smartphone,Electronics,West,2,27577.06,0.14,47432.54,9628.34,Credit Card
ORD07347,2025-09-09,CUST5208,Smartwatch,Electronics,North,2,7342.57,0.02,14391.44,1621.28,Debit Card
ORD07348,2025-09-01,CUST1349,Smartphone,Electronics,North,1,32675.83,0.24,24833.63,4869.49,UPI
ORD07349,2025-03-20,CUST5860,Printer,Office,North,4,9458.11,0.23,29130.99,4466.9,UPI
ORD07350,2025-12-21,CUST4090,Printer,Office,North,5,10435.92,0.23,40178.28,5711.48,Cash
ORD07351,2024-05-10,CUST6848,Headphones,Electronics,South,3,2235.2,0.22,5230.38,320.65,Debit Card
ORD07352,2024-08-10,CUST3264,Keyboard,Accessories,South,2,1428.87,0.17,2371.92,576.58,UPI
ORD07353,2024-11-10,CUST2523,Smartwatch,Electronics,South,5,7859.37,0.06,36939.04,8033.57,Cash
ORD07354,2025-09-30,CUST1641,Printer,Office,South,5,11233.92,0.01,55607.93,11604.13,Cash
ORD07355,2024-05-05,CUST9905,Headphones,Electronics,South,5,2556.49,0.02,12526.82,1390.27,Cash
ORD07356,2025-05-26,CUST9190,Mouse,Accessories,North,4,848.56,0.08,3122.72,337.0,Credit Card
ORD07357,2024-05-09,CUST4496,Smartwatch,Electronics,East,2,7743.43,0.13,13473.57,2218.27,Cash
ORD07358,2025-12-08,CUST6812,Headphones,Electronics,South,3,2843.91,0.25,6398.81,1402.9,Credit Card
ORD07359,2024-02-13,CUST2927,Tablet,Electronics,East,2,21933.25,0.11,39041.19,9249.86,UPI
ORD07360,2025-01-18,CUST9480,Smartwatch,Electronics,South,1,7129.31,0.13,6202.5,643.73,Cash
ORD07361,2024-07-06,CUST6546,Webcam,Accessories,East,3,3411.42,0.17,8494.44,1456.65,UPI
ORD07362,2024-08-31,CUST7045,Headphones,Electronics,North,2,2178.99,0.05,4140.07,806.41,Debit Card
ORD07363,2025-08-25,CUST7433,Smartphone,Electronics,North,3,29305.23,0.23,67695.08,6449.88,Credit Card
ORD07364,2025-06-10,CUST6987,Webcam,Accessories,West,1,3805.16,0.13,3310.49,435.31,UPI
ORD07365,2025-11-24,CUST7163,Tablet,Electronics,North,3,24012.24,0.07,66994.16,5861.64,Cash
ORD07366,2024-11-14,CUST7461,Printer,Office,West,5,11177.13,0.23,43031.96,8166.65,UPI
ORD07367,2025-07-27,CUST7359,Laptop,Electronics,East,4,56253.6,0.16,189012.1,42103.77,Cash
ORD07368,2025-08-12,CUST2623,Headphones,Electronics,South,1,2520.37,0.12,2217.92,500.16,Net Banking
ORD07369,2024-09-30,CUST1252,Mouse,Accessories,North,3,705.78,0.15,1799.74,331.18,Credit Card
ORD07370,2024-03-11,CUST7211,Headphones,Electronics,West,1,2275.56,0.19,1843.2,220.13,Debit Card
ORD07371,2024-01-24,CUST4662,Laptop,Electronics,East,5,72804.22,0.04,349460.26,63674.48,UPI
ORD07372,2024-10-20,CUST7482,Tablet,Electronics,South,4,21978.82,0.22,68573.93,15281.93,UPI
ORD07373,2024-05-13,CUST6778,Tablet,Electronics,North,1,23706.4,0.24,18016.86,3156.03,Net Banking
ORD07374,2025-02-07,CUST1367,Webcam,Accessories,South,5,3042.6,0.14,13083.19,1734.55,Cash
ORD07375,2025-04-28,CUST3030,Smartwatch,Electronics,South,5,6825.34,0.17,28325.14,6626.97,Debit Card
ORD07376,2024-07-20,CUST3700,Mouse,Accessories,North,5,841.82,0.21,3325.18,721.71,Cash
ORD07377,2025-06-17,CUST8558,Webcam,Accessories,West,3,3115.08,0.09,8504.16,1926.08,Cash
ORD07378,2024-06-09,CUST5623,Mouse,Accessories,North,2,758.2,0.25,1137.29,262.3,UPI
ORD07379,2025-12-27,CUST4337,Mouse,Accessories,West,1,695.49,0.17,577.26,74.33,UPI
ORD07380,2024-02-15,CUST3296,Laptop,Electronics,West,2,67951.13,0.11,120953.01,26842.84,UPI
ORD07381,2025-05-12,CUST8845,Webcam,Accessories,South,5,3994.44,0.17,16576.91,2719.77,Credit Card
ORD07382,2025-03-13,CUST9244,Mouse,Accessories,West,2,878.49,0.13,1528.57,88.09,Credit Card
ORD07383,2024-04-14,CUST6204,Monitor,Electronics,West,5,13708.64,0.03,66486.92,11779.31,UPI
ORD07384,2025-11-12,CUST2408,Laptop,Electronics,North,5,71739.29,0.2,286957.17,41357.35,Cash
ORD07385,2024-03-25,CUST1718,Tablet,Electronics,West,4,24344.29,0.14,83744.37,8795.75,Debit Card
ORD07386,2024-03-17,CUST7857,Laptop,Electronics,North,4,66504.96,0.2,212815.86,51943.38,Debit Card
ORD07387,2025-07-07,CUST1570,Smartphone,Electronics,North,2,30164.27,0.04,57915.4,3533.66,Cash
ORD07388,2025-06-08,CUST8010,Smartphone,Electronics,East,1,29156.29,0.13,25365.97,6066.92,Net Banking
ORD07389,2024-10-17,CUST2048,Mouse,Accessories,West,2,876.34,0.19,1419.68,116.21,Cash
ORD07390,2024-12-04,CUST4999,Webcam,Accessories,North,1,3166.17,0.25,2374.63,297.77,Debit Card
ORD07391,2025-06-04,CUST6662,Tablet,Electronics,North,2,19071.08,0.22,29750.89,3970.17,Net Banking
ORD07392,2024-01-13,CUST4964,Laptop,Electronics,South,3,73733.93,0.22,172537.4,33852.54,Net Banking
ORD07393,2025-06-17,CUST4074,Webcam,Accessories,West,3,2978.97,0.06,8400.69,782.29,Debit Card
ORD07394,2025-07-05,CUST1853,Laptop,Electronics,West,1,74298.17,0.21,58695.56,14510.74,Net Banking
ORD07395,2025-01-07,CUST5289,Laptop,Electronics,South,4,69462.64,0.04,266736.54,53294.59,Credit Card
ORD07396,2025-04-20,CUST6846,Monitor,Electronics,North,1,11382.6,0.05,10813.47,2249.1,UPI
ORD07397,2024-05-06,CUST8015,Smartphone,Electronics,South,2,31780.38,0.03,61653.93,4395.05,Net Banking
ORD07398,2025-11-11,CUST1829,Laptop,Electronics,East,5,71198.57,0.21,281234.33,40852.77,Net Banking
ORD07399,2024-08-10,CUST1692,Monitor,Electronics,North,3,11083.3,0.03,32252.41,7712.26,Credit Card
ORD07400,2025-09-24,CUST6975,Smartphone,Electronics,West,5,32438.06,0.03,157324.6,16363.84,Credit Card
ORD07401,2024-08-09,CUST6496,Monitor,Electronics,South,3,13095.73,0.06,36929.96,2920.3,Cash
ORD07402,2025-08-13,CUST4616,Webcam,Accessories,South,2,3236.82,0.14,5567.33,818.84,Debit Card
ORD07403,2025-01-31,CUST8920,Smartwatch,Electronics,North,3,6038.05,0.22,14129.03,3335.56,Cash
ORD07404,2024-04-08,CUST4162,Smartphone,Electronics,South,1,27337.1,0.1,24603.39,3625.51,Debit Card
ORD07405,2025-04-27,CUST3700,Printer,Office,South,5,9101.94,0.14,39138.34,5125.83,Credit Card
ORD07406,2025-02-07,CUST7628,Smartwatch,Electronics,West,5,6087.0,0.04,29217.62,5260.76,UPI
ORD07407,2024-08-22,CUST2574,Webcam,Accessories,South,2,3737.31,0.07,6951.39,1650.1,Debit Card
ORD07408,2024-07-04,CUST3152,Laptop,Electronics,North,5,62659.51,0.03,303898.63,18176.63,Debit Card
ORD07409,2024-10-05,CUST8192,Tablet,Electronics,North,2,24536.95,0.1,44166.51,3563.31,Credit Card
ORD07410,2025-11-23,CUST7637,Webcam,Accessories,South,4,3239.78,0.15,11015.25,843.23,Net Banking
ORD07411,2025-01-10,CUST6568,Monitor,Electronics,South,1,11831.64,0.07,11003.42,737.96,Cash
ORD07412,2025-02-06,CUST2551,Monitor,Electronics,West,3,12500.46,0.21,29626.1,3271.35,UPI
ORD07413,2024-08-23,CUST5679,Monitor,Electronics,South,3,13358.87,0.25,30057.47,2881.36,Debit Card
ORD07414,2025-10-19,CUST2620,Monitor,Electronics,North,3,12088.64,0.03,35177.93,5619.26,Net Banking
ORD07415,2024-03-08,CUST5042,Webcam,Accessories,South,4,3367.2,0.0,13468.8,1555.08,Credit Card
ORD07416,2024-06-24,CUST4801,Tablet,Electronics,South,1,24422.3,0.2,19537.84,2560.27,Debit Card
ORD07417,2025-06-15,CUST9627,Headphones,Electronics,South,5,2357.68,0.05,11199.0,2669.54,Net Banking
ORD07418,2025-08-06,CUST2467,Monitor,Electronics,East,5,10485.93,0.09,47710.96,3870.84,Cash
ORD07419,2025-03-28,CUST4364,Headphones,Electronics,East,1,2458.78,0.1,2212.9,282.57,Credit Card
ORD07420,2025-09-08,CUST2845,Tablet,Electronics,South,1,23881.62,0.23,18388.84,1864.93,Net Banking
ORD07421,2025-06-02,CUST2534,Tablet,Electronics,South,3,18903.15,0.16,47635.95,7613.81,Net Banking
ORD07422,2024-02-22,CUST2490,Smartwatch,Electronics,East,5,7180.35,0.01,35542.75,7011.42,Debit Card
ORD07423,2024-11-24,CUST5270,Smartphone,Electronics,West,1,30850.18,0.0,30850.18,6583.35,Cash
ORD07424,2024-09-23,CUST7484,Printer,Office,South,5,11285.63,0.05,53606.72,8205.01,Credit Card
ORD07425,2025-12-16,CUST4818,Mouse,Accessories,South,1,748.75,0.08,688.85,152.22,Credit Card
ORD07426,2025-01-26,CUST8633,Printer,Office,West,2,9336.51,0.12,16432.26,3401.73,Cash
ORD07427,2024-02-01,CUST1169,Webcam,Accessories,North,3,3437.51,0.21,8146.89,663.16,UPI
ORD07428,2024-07-09,CUST5835,Mouse,Accessories,East,1,765.66,0.08,704.41,69.8,Debit Card
ORD07429,2025-11-25,CUST1700,Tablet,Electronics,East,4,23559.88,0.09,85757.97,15808.98,Net Banking
ORD07430,2024-07-05,CUST7130,Printer,Office,West,1,10425.26,0.08,9591.24,2349.46,Debit Card
ORD07431,2025-02-04,CUST5541,Keyboard,Accessories,East,2,1616.51,0.0,3233.03,404.86,Cash
ORD07432,2024-06-02,CUST1950,Smartphone,Electronics,North,4,32880.38,0.24,99956.34,9591.97,Net Banking
ORD07433,2024-02-20,CUST4045,Printer,Office,North,4,11268.94,0.03,43723.5,9786.45,UPI
ORD07434,2024-10-15,CUST3618,Smartphone,Electronics,East,1,29378.43,0.07,27321.94,2456.85,Cash
ORD07435,2025-06-21,CUST4830,Headphones,Electronics,North,2,2863.52,0.03,5555.23,1052.62,Debit Card
ORD07436,2024-10-04,CUST1297,Webcam,Accessories,North,4,3201.44,0.12,11269.08,640.65,Net Banking
ORD07437,2025-03-26,CUST9051,Smartphone,Electronics,North,3,31929.29,0.23,73756.65,3967.82,Credit Card
ORD07438,2024-11-29,CUST1509,Headphones,Electronics,South,3,2525.51,0.03,7349.23,1031.19,Net Banking
ORD07439,2024-07-28,CUST6893,Monitor,Electronics,West,5,13140.84,0.11,58476.75,10602.3,Net Banking
ORD07440,2025-05-25,CUST4749,Headphones,Electronics,East,5,2482.58,0.01,12288.76,964.51,Cash
ORD07441,2025-05-20,CUST8118,Webcam,Accessories,South,2,3798.14,0.19,6152.98,1247.68,UPI
ORD07442,2025-04-26,CUST2440,Smartwatch,Electronics,East,4,7903.35,0.16,26555.27,2011.49,Net Banking
ORD07443,2024-12-25,CUST6465,Monitor,Electronics,West,3,12836.26,0.17,31962.29,5009.82,Net Banking
ORD07444,2025-12-03,CUST8581,Tablet,Electronics,North,3,23822.22,0.12,62890.67,7022.36,UPI
ORD07445,2024-05-24,CUST6229,Laptop,Electronics,East,2,56559.92,0.23,87102.28,17459.71,UPI
ORD07446,2025-07-06,CUST1448,Headphones,Electronics,East,4,2278.72,0.1,8203.39,1729.47,Net Banking
ORD07447,2024-03-16,CUST1633,Headphones,Electronics,South,2,2855.73,0.13,4968.97,314.13,Credit Card
ORD07448,2025-11-03,CUST6886,Smartphone,Electronics,South,1,31738.68,0.17,26343.11,2331.92,Credit Card
ORD07449,2024-10-14,CUST2018,Tablet,Electronics,North,3,22405.56,0.13,58478.52,13364.03,Credit Card
ORD07450,2024-05-28,CUST9906,Printer,Office,West,2,9600.93,0.05,18241.77,2428.39,Cash
ORD07451,2025-03-12,CUST6609,Keyboard,Accessories,North,2,1294.98,0.08,2382.75,346.33,Cash
ORD07452,2025-12-04,CUST6646,Mouse,Accessories,South,1,768.59,0.02,753.22,62.97,Credit Card
ORD07453,2024-11-29,CUST8115,Headphones,Electronics,East,5,2499.18,0.11,11121.37,2768.99,Credit Card
ORD07454,2024-03-06,CUST1917,Printer,Office,East,3,9134.38,0.15,23292.67,5464.68,Credit Card
ORD07455,2024-06-25,CUST7937,Keyboard,Accessories,West,2,1352.91,0.03,2624.65,132.3,UPI
ORD07456,2024-11-22,CUST5273,Mouse,Accessories,North,3,802.02,0.16,2021.09,323.67,Debit Card
ORD07457,2025-06-26,CUST3032,Laptop,Electronics,North,5,66675.13,0.22,260033.02,58365.31,Cash
ORD07458,2024-07-17,CUST9790,Smartphone,Electronics,North,2,27659.26,0.08,50893.04,6926.88,Cash
ORD07459,2025-02-23,CUST3364,Printer,Office,East,1,10262.17,0.06,9646.44,1325.06,Cash
ORD07460,2024-03-14,CUST1002,Smartphone,Electronics,West,3,33603.06,0.22,78631.16,9897.26,Debit Card
ORD07461,2025-02-26,CUST6277,Mouse,Accessories,East,1,793.56,0.17,658.66,36.73,Net Banking
ORD07462,2024-04-20,CUST6305,Smartwatch,Electronics,West,5,7750.52,0.03,37590.02,7820.85,Cash
ORD07463,2024-04-03,CUST7039,Headphones,Electronics,West,5,2820.45,0.1,12692.04,1794.11,Net Banking
ORD07464,2024-12-25,CUST9004,Monitor,Electronics,North,3,10532.62,0.17,26226.22,4096.88,UPI
ORD07465,2024-06-17,CUST5146,Keyboard,Accessories,East,5,1318.12,0.14,5667.9,573.23,Credit Card
ORD07466,2024-10-23,CUST7965,Tablet,Electronics,East,4,21841.89,0.15,74262.43,15359.23,Credit Card
ORD07467,2024-09-17,CUST4762,Webcam,Accessories,West,3,3592.51,0.14,9268.67,1934.83,UPI
ORD07468,2025-12-25,CUST3714,Headphones,Electronics,East,4,2444.41,0.2,7822.12,1256.11,Credit Card
ORD07469,2024-11-13,CUST3472,Monitor,Electronics,West,5,11375.22,0.08,52326.02,12083.42,UPI
ORD07470,2024-09-28,CUST8792,Webcam,Accessories,East,3,3648.04,0.18,8974.19,656.7,Credit Card
ORD07471,2024-07-26,CUST5215,Printer,Office,East,4,8506.24,0.25,25518.73,5290.68,UPI
ORD07472,2024-12-09,CUST1617,Webcam,Accessories,West,5,3991.48,0.1,17961.65,2904.7,UPI
ORD07473,2025-02-06,CUST2393,Laptop,Electronics,East,2,59775.54,0.2,95640.87,9200.9,Credit Card
ORD07474,2024-03-23,CUST3464,Headphones,Electronics,North,2,2812.82,0.06,5288.11,404.33,Net Banking
ORD07475,2024-08-27,CUST2802,Smartphone,Electronics,North,1,26481.13,0.07,24627.45,2713.98,Cash
ORD07476,2025-09-26,CUST9355,Smartwatch,Electronics,South,2,6449.98,0.23,9932.97,2197.8,Cash
ORD07477,2025-11-07,CUST9826,Tablet,Electronics,West,4,20250.17,0.01,80190.66,16641.48,Debit Card
ORD07478,2025-07-29,CUST5644,Smartphone,Electronics,North,2,34465.38,0.05,65484.21,11723.41,Debit Card
ORD07479,2025-03-18,CUST7031,Monitor,Electronics,South,3,10216.56,0.12,26971.72,1835.84,Credit Card
ORD07480,2025-08-31,CUST1718,Headphones,Electronics,West,3,2604.73,0.1,7032.77,1694.66,Cash
ORD07481,2024-03-09,CUST4463,Smartwatch,Electronics,East,3,7776.34,0.16,19596.38,2176.92,Debit Card
ORD07482,2025-12-13,CUST1994,Webcam,Accessories,West,2,3680.89,0.05,6993.69,1198.72,Cash
ORD07483,2025-04-13,CUST5616,Headphones,Electronics,East,2,2397.05,0.02,4698.22,989.54,UPI
ORD07484,2025-10-08,CUST1836,Webcam,Accessories,West,1,3981.22,0.09,3622.91,277.41,Net Banking
ORD07485,2024-12-06,CUST9703,Printer,Office,East,5,11180.56,0.13,48635.45,8775.75,UPI
ORD07486,2025-04-05,CUST8759,Laptop,Electronics,West,1,63712.12,0.14,54792.42,3093.54,Debit Card
ORD07487,2025-03-09,CUST2041,Mouse,Accessories,West,4,817.6,0.15,2779.84,195.58,Debit Card
ORD07488,2024-12-06,CUST8627,Headphones,Electronics,North,3,2850.64,0.14,7354.65,1431.43,Credit Card
ORD07489,2025-04-02,CUST5802,Monitor,Electronics,East,2,13737.22,0.06,25825.97,2092.33,Net Banking
ORD07490,2025-04-16,CUST6235,Webcam,Accessories,West,5,3447.31,0.19,13961.62,1936.5,Net Banking
ORD07491,2024-03-31,CUST9735,Smartphone,Electronics,North,5,33126.15,0.02,162318.14,16177.68,Cash
ORD07492,2024-10-15,CUST7366,Printer,Office,North,2,9405.94,0.05,17871.29,2399.15,Credit Card
ORD07493,2024-09-29,CUST5183,Monitor,Electronics,North,1,11538.53,0.18,9461.59,619.2,Net Banking
ORD07494,2025-06-16,CUST6792,Tablet,Electronics,East,5,19787.82,0.07,92013.38,18492.86,Debit Card
ORD07495,2025-05-28,CUST2921,Mouse,Accessories,North,1,730.2,0.12,642.58,42.29,UPI
ORD07496,2025-08-13,CUST3869,Printer,Office,South,2,10470.62,0.08,19265.94,4191.94,UPI
ORD07497,2025-07-09,CUST9866,Laptop,Electronics,South,1,65210.24,0.13,56732.91,10354.99,Net Banking
ORD07498,2025-12-06,CUST3236,Mouse,Accessories,West,3,735.47,0.09,2007.84,267.68,UPI
ORD07499,2025-08-05,CUST7514,Webcam,Accessories,East,2,3398.06,0.25,5097.08,1138.16,Debit Card
ORD07500,2025-07-01,CUST5923,Monitor,Electronics,South,2,11543.46,0.09,21009.1,1832.54,Cash
ORD07501,2025-07-11,CUST3297,Tablet,Electronics,North,5,25216.58,0.16,105909.62,10899.46,Debit Card
ORD07502,2024-08-11,CUST5219,Keyboard,Accessories,South,5,1659.1,0.22,6470.51,500.98,Net Banking
ORD07503,2025-08-01,CUST3013,Laptop,Electronics,East,5,62815.34,0.16,263824.44,33324.65,Debit Card
ORD07504,2025-05-12,CUST3352,Smartwatch,Electronics,South,3,7869.22,0.14,20302.6,5021.78,Debit Card
ORD07505,2025-09-22,CUST5886,Webcam,Accessories,South,3,3334.77,0.14,8603.7,707.27,UPI
ORD07506,2025-07-10,CUST2859,Keyboard,Accessories,South,4,1575.56,0.12,5545.96,1199.01,Cash
ORD07507,2024-01-25,CUST5493,Headphones,Electronics,North,2,2849.99,0.2,4559.98,822.51,Credit Card
ORD07508,2025-11-07,CUST8325,Tablet,Electronics,North,5,21275.84,0.01,105315.41,5598.86,Net Banking
ORD07509,2024-06-12,CUST3050,Smartphone,Electronics,South,2,31618.96,0.22,49325.58,11787.73,Net Banking
ORD07510,2024-10-17,CUST3043,Smartwatch,Electronics,North,1,6571.44,0.15,5585.72,1364.14,Debit Card
ORD07511,2024-02-14,CUST7474,Monitor,Electronics,South,3,11158.72,0.21,26446.18,6214.33,UPI
ORD07512,2025-01-02,CUST5674,Tablet,Electronics,South,4,22489.43,0.0,89957.74,13524.96,UPI
ORD07513,2024-07-29,CUST3728,Mouse,Accessories,South,1,915.02,0.22,713.72,67.14,Net Banking
ORD07514,2024-05-25,CUST9111,Printer,Office,West,2,9859.4,0.03,19127.24,2453.12,Credit Card
ORD07515,2024-12-15,CUST6681,Mouse,Accessories,West,3,905.03,0.18,2226.38,384.8,Credit Card
ORD07516,2025-02-09,CUST1441,Mouse,Accessories,West,5,899.45,0.1,4047.51,509.04,Cash
ORD07517,2024-01-10,CUST3062,Headphones,Electronics,East,1,2315.32,0.17,1921.72,368.27,Debit Card
ORD07518,2025-06-03,CUST6241,Laptop,Electronics,East,3,63085.48,0.16,158975.41,33244.16,Net Banking
ORD07519,2024-02-03,CUST9817,Smartphone,Electronics,West,2,31289.72,0.04,60076.27,5519.72,Credit Card
ORD07520,2024-08-21,CUST7976,Smartwatch,Electronics,North,2,7037.9,0.13,12245.94,1604.08,Credit Card
ORD07521,2024-06-29,CUST7113,Laptop,Electronics,East,1,57121.19,0.07,53122.71,12831.73,UPI
ORD07522,2025-06-07,CUST8555,Tablet,Electronics,West,1,25258.41,0.14,21722.23,2171.38,Cash
ORD07523,2025-12-04,CUST1090,Mouse,Accessories,West,1,860.64,0.18,705.72,84.19,Net Banking
ORD07524,2025-01-20,CUST3764,Headphones,Electronics,West,4,2453.27,0.02,9616.82,549.43,Cash
ORD07525,2024-09-29,CUST6878,Tablet,Electronics,North,5,22779.91,0.13,99092.62,11541.64,Credit Card
ORD07526,2024-11-22,CUST2517,Printer,Office,South,3,8762.72,0.15,22344.93,2774.93,Cash
ORD07527,2024-11-30,CUST9039,Smartphone,Electronics,East,2,29957.71,0.07,55721.35,3898.66,Credit Card
ORD07528,2025-05-28,CUST7047,Smartwatch,Electronics,South,2,7904.75,0.24,12015.22,604.23,UPI
ORD07529,2024-01-27,CUST7664,Printer,Office,North,5,11189.8,0.13,48675.64,8035.43,Debit Card
ORD07530,2025-10-26,CUST4812,Headphones,Electronics,South,1,2378.04,0.05,2259.13,249.19,Net Banking
ORD07531,2024-05-19,CUST9376,Smartphone,Electronics,East,1,30282.31,0.03,29373.84,1573.4,Debit Card
ORD07532,2025-12-05,CUST9386,Tablet,Electronics,North,2,23302.73,0.14,40080.7,8897.47,Cash
ORD07533,2024-04-04,CUST9207,Mouse,Accessories,East,5,761.6,0.09,3465.29,578.29,Credit Card
ORD07534,2024-06-16,CUST4152,Mouse,Accessories,East,2,695.57,0.05,1321.58,111.32,Debit Card
ORD07535,2025-05-31,CUST4674,Webcam,Accessories,East,1,3505.71,0.01,3470.66,774.13,UPI
ORD07536,2024-01-28,CUST6769,Mouse,Accessories,West,3,824.39,0.14,2126.93,214.22,Cash
ORD07537,2025-08-06,CUST7836,Keyboard,Accessories,East,1,1277.63,0.15,1085.98,103.7,Cash
ORD07538,2024-11-03,CUST7208,Mouse,Accessories,South,3,702.94,0.04,2024.46,463.45,Debit Card
ORD07539,2025-02-01,CUST5380,Keyboard,Accessories,North,4,1368.28,0.15,4652.15,399.58,Cash
ORD07540,2024-05-13,CUST9337,Monitor,Electronics,West,5,11452.99,0.24,43521.36,9827.0,Net Banking
ORD07541,2024-10-19,CUST2898,Keyboard,Accessories,East,4,1518.47,0.24,4616.16,972.14,Debit Card
ORD07542,2025-12-04,CUST4744,Smartphone,Electronics,East,1,28144.59,0.22,21952.78,2457.73,Debit Card
ORD07543,2025-05-09,CUST2898,Printer,Office,South,5,9328.55,0.2,37314.21,2122.41,UPI
ORD07544,2024-12-20,CUST7410,Smartphone,Electronics,East,1,33324.14,0.05,31657.94,2105.72,Cash
ORD07545,2025-06-30,CUST6831,Printer,Office,North,5,8935.15,0.04,42888.73,3083.94,UPI
ORD07546,2025-09-29,CUST7434,Webcam,Accessories,East,5,3495.23,0.11,15553.79,3548.75,Cash
ORD07547,2024-01-17,CUST9271,Monitor,Electronics,West,1,13630.17,0.15,11585.64,1515.49,Debit Card
ORD07548,2024-04-19,CUST8787,Printer,Office,East,1,10375.04,0.21,8196.28,463.14,Cash
ORD07549,2025-04-19,CUST6596,Printer,Office,West,5,10651.62,0.06,50062.6,8075.58,UPI
ORD07550,2025-08-22,CUST2185,Headphones,Electronics,East,5,2448.43,0.12,10773.08,986.8,Debit Card
ORD07551,2024-01-10,CUST6624,Laptop,Electronics,North,1,55638.68,0.16,46736.49,4534.62,Cash
ORD07552,2025-07-16,CUST4059,Laptop,Electronics,East,1,67849.54,0.11,60386.09,4961.83,UPI
ORD07553,2024-04-21,CUST7967,Headphones,Electronics,North,2,2598.94,0.11,4626.12,936.35,Cash
ORD07554,2025-07-17,CUST4934,Mouse,Accessories,North,2,706.5,0.06,1328.22,66.57,UPI
ORD07555,2024-11-15,CUST2437,Headphones,Electronics,East,2,2471.62,0.25,3707.43,510.87,Net Banking
ORD07556,2024-10-15,CUST6103,Printer,Office,West,4,11245.99,0.12,39585.87,2667.07,UPI
ORD07557,2025-08-31,CUST9029,Printer,Office,South,5,9115.25,0.13,39651.36,6363.05,Credit Card
ORD07558,2025-04-10,CUST9649,Headphones,Electronics,West,3,2470.82,0.05,7041.85,839.38,Cash
ORD07559,2025-01-14,CUST3273,Headphones,Electronics,East,4,2470.83,0.13,8598.48,478.68,Credit Card
ORD07560,2024-06-25,CUST6694,Mouse,Accessories,South,5,874.58,0.06,4110.54,584.5,Net Banking
ORD07561,2024-12-29,CUST3325,Smartphone,Electronics,East,3,32921.18,0.05,93825.37,15398.35,UPI
ORD07562,2024-05-06,CUST8992,Monitor,Electronics,South,2,12933.37,0.07,24056.07,2394.32,Debit Card
ORD07563,2024-09-19,CUST6813,Tablet,Electronics,West,3,21112.0,0.0,63335.99,12863.69,Debit Card
ORD07564,2025-03-21,CUST3051,Printer,Office,West,1,8716.11,0.14,7495.86,931.06,UPI
ORD07565,2025-04-03,CUST8360,Monitor,Electronics,North,1,11458.14,0.1,10312.32,2061.12,Net Banking
ORD07566,2024-09-22,CUST4375,Headphones,Electronics,North,5,2634.84,0.22,10275.89,1703.77,UPI
ORD07567,2024-10-13,CUST1150,Mouse,Accessories,East,4,848.66,0.01,3360.69,752.29,Debit Card
ORD07568,2024-01-25,CUST9050,Keyboard,Accessories,East,2,1709.25,0.01,3384.32,539.41,Debit Card
ORD07569,2024-07-03,CUST8382,Mouse,Accessories,South,5,788.87,0.22,3076.61,268.05,Debit Card
ORD07570,2024-03-05,CUST2765,Smartwatch,Electronics,South,2,7278.11,0.03,14119.54,3028.9,UPI
ORD07571,2025-03-02,CUST8494,Smartwatch,Electronics,North,1,7082.3,0.0,7082.3,1463.25,Net Banking
ORD07572,2025-05-18,CUST5000,Monitor,Electronics,South,4,10742.23,0.04,41250.15,10084.47,Net Banking
ORD07573,2024-05-10,CUST1954,Laptop,Electronics,North,4,64243.45,0.21,203009.3,13950.06,Net Banking
ORD07574,2024-10-30,CUST1084,Smartwatch,Electronics,North,1,7094.15,0.2,5675.32,954.85,Debit Card
ORD07575,2025-03-30,CUST9609,Smartwatch,Electronics,South,3,7946.57,0.09,21694.15,3217.98,Cash
ORD07576,2024-04-22,CUST9897,Smartphone,Electronics,East,4,28798.85,0.17,95612.19,17609.32,UPI
ORD07577,2025-07-25,CUST6365,Keyboard,Accessories,South,3,1716.04,0.13,4478.88,1101.96,Debit Card
ORD07578,2025-06-09,CUST9564,Smartphone,Electronics,East,2,30380.7,0.23,46786.28,7319.92,Net Banking
ORD07579,2024-03-27,CUST2094,Keyboard,Accessories,North,4,1384.11,0.01,5481.08,1025.77,UPI
ORD07580,2025-05-10,CUST4273,Webcam,Accessories,North,1,3176.25,0.2,2541.0,303.5,Net Banking
ORD07581,2024-01-14,CUST8518,Tablet,Electronics,East,3,19635.19,0.04,56549.34,6208.78,Credit Card
ORD07582,2025-01-27,CUST5864,Printer,Office,North,2,9858.8,0.1,17745.84,2077.32,Debit Card
ORD07583,2025-11-15,CUST5316,Smartwatch,Electronics,North,2,5996.05,0.05,11392.49,657.59,Net Banking
ORD07584,2025-05-28,CUST2182,Printer,Office,South,4,9835.14,0.18,32259.25,3450.07,Credit Card
ORD07585,2024-06-08,CUST6327,Smartwatch,Electronics,South,4,8025.65,0.17,26645.16,2253.89,Net Banking
ORD07586,2024-10-18,CUST3898,Smartphone,Electronics,North,5,31530.96,0.14,135583.13,19183.06,Debit Card
ORD07587,2024-08-05,CUST5489,Tablet,Electronics,South,5,23714.59,0.17,98415.54,13991.24,Cash
ORD07588,2025-02-24,CUST6092,Smartphone,Electronics,North,4,26571.05,0.16,89278.72,18127.68,Net Banking
ORD07589,2025-06-29,CUST9513,Smartphone,Electronics,North,5,29757.91,0.19,120519.53,18133.17,Net Banking
ORD07590,2025-10-22,CUST2203,Keyboard,Accessories,East,1,1403.8,0.06,1319.57,188.19,Credit Card
ORD07591,2025-06-04,CUST4671,Laptop,Electronics,South,1,72684.9,0.11,64689.56,6231.24,Debit Card
ORD07592,2024-02-09,CUST8549,Mouse,Accessories,South,5,723.51,0.04,3472.85,765.75,Net Banking
ORD07593,2024-01-26,CUST7971,Monitor,Electronics,North,4,11851.44,0.11,42191.13,2877.44,UPI
ORD07594,2025-05-05,CUST9013,Printer,Office,East,1,10264.14,0.18,8416.6,2074.35,Debit Card
ORD07595,2025-01-31,CUST1125,Webcam,Accessories,West,2,3514.74,0.17,5834.47,847.25,Credit Card
ORD07596,2024-01-25,CUST6101,Smartwatch,Electronics,South,4,7693.51,0.18,25234.72,2200.4,Credit Card
ORD07597,2024-07-17,CUST7961,Smartphone,Electronics,West,3,27583.08,0.08,76129.3,9201.41,Credit Card
ORD07598,2025-01-05,CUST4690,Laptop,Electronics,South,3,62609.13,0.17,155896.73,8274.07,Debit Card
ORD07599,2024-03-31,CUST4159,Smartphone,Electronics,North,4,32628.76,0.09,118768.68,9893.97,Debit Card
ORD07600,2025-02-02,CUST7142,Tablet,Electronics,South,5,22185.27,0.24,84304.03,9869.3,Net Banking
ORD07601,2025-04-04,CUST4597,Keyboard,Accessories,South,1,1455.95,0.09,1324.92,213.16,Credit Card
ORD07602,2025-07-10,CUST4314,Webcam,Accessories,North,1,3005.91,0.15,2555.03,193.92,Credit Card
ORD07603,2024-08-12,CUST3577,Mouse,Accessories,East,4,860.81,0.19,2789.03,516.51,Debit Card
ORD07604,2024-03-29,CUST5385,Tablet,Electronics,South,2,25116.4,0.23,38679.26,8465.16,Debit Card
ORD07605,2024-10-22,CUST4624,Headphones,Electronics,North,5,2590.22,0.11,11526.46,1895.73,UPI
ORD07606,2024-06-23,CUST2610,Webcam,Accessories,North,2,3874.37,0.09,7051.35,771.28,Credit Card
ORD07607,2024-12-07,CUST6296,Smartphone,Electronics,East,4,30151.88,0.11,107340.7,7973.1,Debit Card
ORD07608,2025-07-26,CUST9409,Tablet,Electronics,West,4,20229.09,0.08,74443.07,3953.45,Debit Card
ORD07609,2024-09-26,CUST5820,Mouse,Accessories,East,2,683.47,0.16,1148.22,225.47,Net Banking
ORD07610,2025-12-12,CUST3863,Laptop,Electronics,North,3,67991.27,0.23,157059.82,27594.76,Credit Card
ORD07611,2024-12-09,CUST5032,Laptop,Electronics,North,4,64865.62,,251678.62,36558.0,UPI
ORD07612,2025-08-10,CUST4853,Printer,Office,North,5,10846.29,0.14,46639.07,3283.35,Debit Card
ORD07613,2024-06-23,CUST1390,Mouse,Accessories,South,2,846.72,0.22,1320.89,120.74,Net Banking
ORD07614,2025-04-14,CUST4997,Laptop,Electronics,South,3,74515.07,0.03,216838.86,46194.15,Net Banking
ORD07615,2024-01-23,CUST5246,Tablet,Electronics,West,2,22068.06,0.12,38839.79,5669.46,Cash
ORD07616,2025-06-21,CUST9654,Printer,Office,West,3,9781.52,0.22,22888.77,5552.05,Credit Card
ORD07617,2024-08-17,CUST6008,Laptop,Electronics,South,3,60841.42,0.23,140543.69,35135.14,Net Banking
ORD07618,2025-12-06,CUST7017,Webcam,Accessories,South,5,3475.7,0.13,15119.31,3177.19,UPI
ORD07619,2024-05-09,CUST4375,Keyboard,Accessories,East,4,1667.79,0.01,6604.46,671.26,Credit Card
ORD07620,2024-05-29,CUST1510,Headphones,Electronics,South,3,2156.83,0.03,6276.37,603.93,UPI
ORD07621,2025-09-18,CUST5868,Mouse,Accessories,West,4,914.7,0.15,3109.97,313.26,Net Banking
ORD07622,2024-06-14,CUST5065,Tablet,Electronics,North,5,25255.83,0.03,122490.76,30298.95,Credit Card
ORD07623,2024-09-05,CUST4142,Smartwatch,Electronics,South,4,7205.42,0.04,27668.83,3239.14,Net Banking
ORD07624,2025-11-12,CUST3909,Smartphone,Electronics,East,1,28483.9,0.19,23071.96,4413.42,Net Banking
ORD07625,2025-10-29,CUST6213,Tablet,Electronics,North,3,20172.12,0.19,49018.26,11852.79,Net Banking
ORD07626,2025-07-28,CUST3766,Laptop,Electronics,South,5,60641.56,0.21,239534.17,51240.97,Debit Card
ORD07627,2024-09-29,CUST2608,Tablet,Electronics,South,2,19030.7,0.03,36919.55,6258.63,Debit Card
ORD07628,2024-08-30,CUST2690,Smartwatch,Electronics,North,5,6947.73,0.05,33001.73,2765.32,UPI
ORD07629,2025-01-02,CUST9961,Smartphone,Electronics,North,3,26015.92,0.21,61657.73,5240.15,Debit Card
ORD07630,2025-11-29,CUST1227,Printer,Office,North,5,10655.42,0.18,43687.23,6486.88,UPI
ORD07631,2025-09-18,CUST8342,Laptop,Electronics,East,2,62502.62,0.2,100004.2,24039.9,Debit Card
ORD07632,2024-09-14,CUST1807,Monitor,Electronics,East,1,10917.71,0.25,8188.28,1890.66,Net Banking
ORD07633,2024-11-30,CUST7360,Laptop,Electronics,East,3,65874.64,0.22,154146.67,12830.92,Debit Card
ORD07634,2024-07-25,CUST1547,Headphones,Electronics,North,3,2855.32,0.13,7452.38,801.46,Cash
ORD07635,2024-04-17,CUST6516,Monitor,Electronics,South,5,12702.47,0.08,58431.37,9802.58,Net Banking
ORD07636,2024-09-12,CUST1723,Headphones,Electronics,North,4,2493.81,0.14,8578.71,1248.08,Cash
ORD07637,2025-09-12,CUST1114,Smartwatch,Electronics,West,4,7581.52,0.16,25473.91,1881.82,Net Banking
ORD07638,2024-09-03,CUST7661,Mouse,Accessories,South,2,856.99,0.08,1576.87,195.31,Debit Card
ORD07639,2024-08-13,CUST5035,Smartphone,Electronics,South,1,33525.62,0.19,27155.75,6542.98,Credit Card
ORD07640,2024-06-26,CUST7451,Keyboard,Accessories,North,1,1367.1,0.02,1339.76,321.93,UPI
ORD07641,2024-05-22,CUST8682,Printer,Office,West,5,11076.63,0.19,44860.36,7262.23,Net Banking
ORD07642,2024-05-25,CUST5161,Keyboard,Accessories,East,5,1410.46,0.01,6981.79,1236.14,Credit Card
ORD07643,2024-03-17,CUST9469,Webcam,Accessories,North,4,3963.05,0.12,13949.93,1316.61,Credit Card
ORD07644,2024-02-07,CUST1138,Webcam,Accessories,South,1,3270.12,0.22,2550.69,506.03,Debit Card
ORD07645,2025-01-26,CUST1675,Smartwatch,Electronics,North,1,7896.38,0.02,7738.45,468.17,Net Banking
ORD07646,2025-08-14,CUST8476,Mouse,Accessories,West,1,911.31,0.13,792.84,74.64,Credit Card
ORD07647,2025-10-21,CUST2836,Webcam,Accessories,North,2,3127.77,0.04,6005.31,307.33,UPI
ORD07648,2025-03-19,CUST9872,Laptop,Electronics,West,2,74252.75,0.22,115834.29,14727.2,Cash
ORD07649,2024-04-30,CUST5366,Tablet,Electronics,South,5,19265.77,0.21,76099.8,16745.93,Debit Card
ORD07650,2024-12-02,CUST3347,Headphones,Electronics,West,4,2288.93,0.23,7049.89,1737.81,Debit Card
ORD07651,2025-10-27,CUST2065,Webcam,Accessories,North,3,3441.38,0.22,8052.82,1478.11,Debit Card
ORD07652,2025-11-14,CUST8683,Smartwatch,Electronics,East,4,8036.55,0.18,26359.9,5244.92,UPI
ORD07653,2024-05-14,CUST6032,Headphones,Electronics,East,2,2491.42,0.05,4733.7,485.44,Debit Card
ORD07654,2024-08-23,CUST7405,Laptop,Electronics,East,2,65982.98,0.08,121408.69,18705.02,UPI
ORD07655,2024-02-04,CUST6840,Mouse,Accessories,West,5,846.66,0.12,3725.31,735.06,Credit Card
ORD07656,2024-01-12,CUST4326,Smartphone,Electronics,West,3,34214.64,0.15,87247.34,13039.57,Net Banking
ORD07657,2025-01-11,CUST7224,Keyboard,Accessories,West,1,1627.51,0.2,1302.01,88.16,Credit Card
ORD07658,2025-01-03,CUST5506,Laptop,Electronics,South,3,59621.0,0.06,168131.23,33319.04,Net Banking
ORD07659,2024-02-10,CUST9921,Printer,Office,West,3,9408.97,0.03,27380.11,2571.35,Debit Card
ORD07660,2024-02-23,CUST5851,Monitor,Electronics,North,3,10551.46,0.12,27855.86,1937.08,Credit Card
ORD07661,2024-05-08,CUST9049,Smartwatch,Electronics,North,5,7303.35,0.04,35056.08,5104.57,UPI
ORD07662,2024-10-07,CUST8270,Keyboard,Accessories,East,2,1356.33,0.17,2251.51,146.17,Debit Card
ORD07663,2024-12-01,CUST6663,Printer,Office,South,1,9272.21,0.14,7974.1,1402.56,Credit Card
ORD07664,2024-09-05,CUST3902,Smartphone,Electronics,East,3,33493.02,0.19,81388.05,14494.78,Credit Card
ORD07665,2025-08-09,CUST1050,Printer,Office,West,1,9480.27,0.02,9290.66,941.52,UPI
ORD07666,2024-12-22,CUST8405,Mouse,Accessories,West,3,816.0,0.24,1860.47,451.92,UPI
ORD07667,2025-05-01,CUST9231,Monitor,Electronics,West,2,11631.24,0.0,23262.48,4998.88,Credit Card
ORD07668,2025-01-21,CUST7022,Headphones,Electronics,West,1,2180.52,0.08,2006.08,144.27,UPI
ORD07669,2025-11-15,CUST9960,Keyboard,Accessories,East,4,1438.29,0.17,4775.12,953.6,Cash
ORD07670,2025-01-10,CUST3968,Monitor,Electronics,West,2,11669.05,0.01,23104.71,2786.77,Cash
ORD07671,2024-02-14,CUST7366,,Electronics,East,1,24611.63,0.02,24119.39,4825.27,UPI
ORD07672,2025-03-10,CUST9709,Laptop,Electronics,East,3,61576.79,0.02,181035.76,38046.29,Credit Card
ORD07673,2025-11-12,CUST9155,Tablet,Electronics,South,3,21202.99,0.15,54067.63,4340.31,UPI
ORD07674,2025-06-15,CUST3019,Laptop,Electronics,South,2,70516.49,0.22,110005.72,20061.57,UPI
ORD07675,2024-07-25,CUST7415,Mouse,Accessories,East,2,862.15,0.14,1482.9,330.01,Net Banking
ORD07676,2024-04-25,CUST8573,Monitor,Electronics,South,3,13073.83,0.15,33338.26,3823.06,Cash
ORD07677,2025-11-09,CUST5324,Smartphone,Electronics,West,1,34083.94,0.09,31016.38,2049.12,Debit Card
ORD07678,2024-10-11,CUST6680,Webcam,Accessories,West,4,3810.34,0.0,15241.34,845.19,Debit Card
ORD07679,2024-04-05,CUST5489,Printer,Office,East,5,9722.82,0.01,48127.98,3465.22,Debit Card
ORD07680,2025-06-07,CUST8462,Webcam,Accessories,East,2,3837.58,0.22,5986.63,304.37,UPI
ORD07681,2025-07-18,CUST7713,Monitor,Electronics,West,3,12031.23,0.03,35010.88,4039.88,Debit Card
ORD07682,2025-09-01,CUST6830,Tablet,Electronics,East,1,20532.91,0.25,15399.68,1691.9,Net Banking
ORD07683,2025-05-24,CUST3729,Webcam,Accessories,East,2,3293.06,0.04,6322.68,455.66,UPI
ORD07684,2024-09-20,CUST1600,Smartwatch,Electronics,North,1,6420.07,0.17,5328.66,960.35,Credit Card
ORD07685,2024-03-01,CUST2796,Webcam,Accessories,West,2,3127.24,0.24,4753.41,1180.66,Credit Card
ORD07686,2024-05-08,CUST9504,Laptop,Electronics,North,3,58847.56,0.09,160653.85,36980.15,UPI
ORD07687,2024-03-29,CUST6199,Smartwatch,Electronics,East,1,6082.67,0.18,4987.79,501.62,Cash
ORD07688,2024-03-18,CUST1662,Keyboard,Accessories,East,3,1674.8,0.09,4572.21,932.71,Cash
ORD07689,2024-03-10,CUST6777,Webcam,Accessories,East,1,3952.56,0.08,3636.35,863.17,Credit Card
ORD07690,2025-11-15,CUST9686,Smartwatch,Electronics,North,2,7182.22,0.05,13646.21,3156.0,Debit Card
ORD07691,2025-01-27,CUST4975,Monitor,Electronics,North,5,13225.76,0.21,52241.76,11854.17,Net Banking
ORD07692,2025-09-15,CUST4047,Printer,Office,West,5,9050.71,0.06,42538.35,8817.78,UPI
ORD07693,2025-01-19,CUST3194,Keyboard,Accessories,East,4,1680.75,0.07,6252.4,679.0,Net Banking
ORD07694,2025-04-01,CUST7372,Smartphone,Electronics,North,4,30057.25,0.25,90171.76,6015.59,Net Banking
ORD07695,2024-05-31,CUST4995,Smartphone,Electronics,West,3,26104.48,0.08,72048.38,10631.74,Net Banking
ORD07696,2025-07-25,CUST2731,Mouse,Accessories,North,1,713.92,0.11,635.38,38.73,UPI
ORD07697,2024-08-18,CUST3901,Webcam,Accessories,West,4,3299.43,0.25,9898.28,2471.55,Debit Card
ORD07698,2025-04-10,CUST5427,Printer,Office,West,2,8630.67,0.09,15707.82,1911.04,UPI
ORD07699,2025-03-07,CUST6568,Headphones,Electronics,North,5,2356.97,0.09,10724.21,2591.7,Credit Card
ORD07700,2024-09-30,CUST1775,Smartwatch,Electronics,South,1,6075.85,0.21,4799.92,982.18,Debit Card
ORD07701,2024-04-14,CUST1441,Keyboard,Accessories,West,5,1381.21,0.08,6353.58,840.31,Credit Card
ORD07702,2024-12-13,CUST4048,Monitor,Electronics,East,1,11156.41,0.06,10487.03,772.5,Net Banking
ORD07703,2024-11-03,CUST1410,Webcam,Accessories,North,4,4019.09,0.11,14307.95,1394.15,Debit Card
ORD07704,2024-09-14,CUST9300,Monitor,Electronics,North,4,11047.97,0.18,36237.34,6689.74,Net Banking
ORD07705,2024-12-22,CUST8669,Headphones,Electronics,South,3,2304.39,0.01,6844.04,1478.22,Credit Card
ORD07706,2024-08-20,CUST4173,Mouse,Accessories,South,1,844.83,0.09,768.79,189.04,UPI
ORD07707,2024-06-12,CUST6868,Headphones,Electronics,West,2,2769.52,0.09,5040.52,385.26,Debit Card
ORD07708,2024-10-30,CUST3936,Laptop,Electronics,South,4,62797.58,0.06,236118.9,19170.37,Net Banking
ORD07709,2025-12-10,CUST7782,Tablet,Electronics,West,3,24479.08,0.16,61687.28,3607.96,Cash
ORD07710,2025-08-28,CUST9078,Keyboard,Accessories,South,4,1428.06,0.07,5312.4,542.25,Net Banking
ORD07711,2025-09-18,CUST5829,Tablet,Electronics,South,5,20000.3,0.15,85001.3,18208.42,Credit Card
ORD07712,2024-03-12,CUST6826,Headphones,Electronics,South,4,2372.23,0.13,8255.36,740.1,Credit Card
ORD07713,2024-06-02,CUST2726,Mouse,Accessories,South,1,826.25,0.05,784.93,125.25,UPI
ORD07714,2024-10-13,CUST4165,Mouse,Accessories,East,3,768.11,0.07,2143.04,298.49,Debit Card
ORD07715,2024-09-10,CUST1483,Smartphone,Electronics,South,1,31556.04,0.04,30293.8,3488.79,Cash
ORD07716,2025-11-22,CUST7914,Webcam,Accessories,North,2,3223.78,0.01,6383.09,1108.55,Credit Card
ORD07717,2025-03-19,CUST7963,Smartphone,Electronics,North,2,31808.94,0.15,54075.19,8136.43,Debit Card
ORD07718,2024-01-08,CUST5139,Keyboard,Accessories,North,4,1431.35,0.17,4752.07,555.77,Cash
ORD07719,2024-07-07,CUST2339,Keyboard,Accessories,North,3,1480.14,0.04,4262.81,800.43,UPI
ORD07720,2024-02-04,CUST7201,Keyboard,Accessories,West,3,1525.99,0.15,3891.26,412.45,Debit Card
ORD07721,2024-05-17,CUST1606,Monitor,Electronics,South,3,12670.41,0.25,28508.42,5092.65,Net Banking
ORD07722,2025-11-10,CUST6261,Smartphone,Electronics,East,3,27648.42,0.02,81286.36,19626.53,Cash
ORD07723,2024-04-17,CUST7930,Monitor,Electronics,East,4,13209.4,0.12,46497.1,9103.69,Net Banking
ORD07724,2024-11-03,CUST9626,Tablet,Electronics,South,1,23464.16,0.18,19240.61,2572.08,Net Banking
ORD07725,2024-05-19,CUST5218,Webcam,Accessories,West,4,3220.8,0.01,12754.38,2544.65,Cash
ORD07726,2024-12-26,CUST4061,Headphones,Electronics,East,1,2856.23,0.19,2313.55,490.12,Net Banking
ORD07727,2024-06-03,CUST2817,Smartwatch,Electronics,South,5,7346.07,0.24,27915.08,3214.93,Cash
ORD07728,2025-10-20,CUST5721,Smartphone,Electronics,North,5,29571.84,0.02,144902.03,27680.12,Net Banking
ORD07729,2024-11-08,CUST1951,Smartwatch,Electronics,West,1,6280.81,0.21,4961.84,679.17,UPI
ORD07730,2024-08-05,CUST3806,Mouse,Accessories,South,4,807.97,0.09,2941.02,628.51,UPI
ORD07731,2025-07-19,CUST5780,Smartphone,Electronics,East,2,26982.98,0.04,51807.33,5650.91,Debit Card
ORD07732,2025-06-10,CUST4294,Tablet,Electronics,East,4,21534.65,0.12,75801.95,18006.9,Net Banking
ORD07733,2024-08-10,CUST7865,Smartphone,Electronics,West,2,29178.41,0.02,57189.69,9433.86,UPI
ORD07734,2024-12-31,CUST3945,Monitor,Electronics,East,4,12791.78,0.13,44515.4,5371.26,UPI
ORD07735,2025-12-01,CUST5217,Webcam,Accessories,South,3,3177.0,0.0,9531.01,1275.96,UPI
ORD07736,2025-02-05,CUST8532,Headphones,Electronics,South,3,2741.4,0.18,6743.85,806.29,Credit Card
ORD07737,2024-12-12,CUST8493,Printer,Office,West,5,9478.4,0.12,41704.95,3305.09,Net Banking
ORD07738,2025-01-18,CUST3887,Headphones,Electronics,South,5,2457.99,0.11,10938.06,696.74,Debit Card
ORD07739,2025-10-22,CUST3883,Headphones,Electronics,East,1,2704.26,0.05,2569.04,293.78,UPI
ORD07740,2024-04-16,CUST5638,Mouse,Accessories,West,2,830.09,0.09,1510.77,214.13,Cash
ORD07741,2024-12-07,CUST2145,Tablet,Electronics,East,3,20732.97,0.05,59088.96,7230.32,Credit Card
ORD07742,2024-12-08,CUST3118,Smartwatch,Electronics,East,4,6761.03,0.18,22176.17,1170.54,Net Banking
ORD07743,2024-11-19,CUST2198,Tablet,Electronics,North,1,20718.19,0.05,19682.28,3263.35,Debit Card
ORD07744,2025-07-29,CUST8460,Printer,Office,South,4,10284.31,0.15,34966.66,2761.08,UPI
ORD07745,2025-11-07,CUST2744,Mouse,Accessories,South,3,759.83,0.07,2119.93,195.46,Cash
ORD07746,2025-05-17,CUST4090,Webcam,Accessories,East,3,3736.98,0.16,9417.2,698.28,Credit Card
ORD07747,2025-07-19,CUST1991,Headphones,Electronics,East,3,2559.84,0.14,6604.39,1017.65,Cash
ORD07748,2024-11-10,CUST1586,Monitor,Electronics,East,3,10724.54,0.11,28634.53,1976.69,Cash
ORD07749,2025-10-01,CUST8811,Mouse,Accessories,East,4,754.46,0.17,2504.82,253.67,Credit Card
ORD07750,2024-07-05,CUST9749,Keyboard,Accessories,North,1,1374.65,0.1,1237.19,173.63,Cash
ORD07751,2025-12-25,CUST4486,Smartphone,Electronics,East,3,29012.82,0.21,68760.38,5744.36,UPI
ORD07752,2025-03-02,CUST9833,Tablet,Electronics,East,5,22105.49,0.18,90632.53,12620.42,Credit Card
ORD07753,2025-11-22,CUST5774,Mouse,Accessories,East,1,801.62,0.14,689.4,81.73,Net Banking
ORD07754,2025-10-20,CUST4883,Keyboard,Accessories,West,5,1614.54,0.22,6296.69,1398.62,Credit Card
ORD07755,2024-07-02,CUST5186,Smartwatch,Electronics,West,4,6347.26,0.21,20057.34,4191.6,Debit Card
ORD07756,2025-04-18,CUST9056,Printer,Office,West,3,11339.42,0.13,29595.88,7356.68,UPI
ORD07757,2025-11-06,CUST8976,Printer,Office,West,1,9528.54,0.02,9337.96,1454.69,Net Banking
ORD07758,2024-06-28,CUST4193,Headphones,Electronics,South,3,2350.19,0.14,6063.48,1000.96,UPI
ORD07759,2024-10-26,CUST6984,Headphones,Electronics,West,3,2638.88,0.09,7204.15,1724.16,UPI
ORD07760,2024-04-06,CUST4877,Mouse,Accessories,West,1,873.32,0.14,751.06,97.58,Credit Card
ORD07761,2025-11-10,CUST5041,Mouse,Accessories,West,3,770.83,0.16,1942.5,313.01,Net Banking
ORD07762,2024-12-01,CUST3752,Webcam,Accessories,South,3,3759.19,0.16,9473.16,1191.89,Credit Card
ORD07763,2024-06-29,CUST4185,Smartphone,Electronics,East,2,33453.62,0.17,55533.02,8839.31,Debit Card
ORD07764,2025-03-16,CUST1418,Laptop,Electronics,South,2,70202.67,0.17,116536.43,7709.27,Debit Card
ORD07765,2025-02-06,CUST5618,Smartwatch,Electronics,North,1,6021.81,0.03,5841.16,1207.71,Debit Card
ORD07766,2025-04-06,CUST3234,Headphones,Electronics,North,1,2745.53,0.05,2608.25,644.38,Credit Card
ORD07767,2024-08-23,CUST8749,Laptop,Electronics,West,3,70352.38,0.16,177287.99,11195.4,Credit Card
ORD07768,2025-08-28,CUST1810,Laptop,Electronics,North,5,68301.16,0.1,307355.22,64608.51,Debit Card
ORD07769,2024-08-10,CUST8654,Smartphone,Electronics,West,1,32340.2,0.19,26195.56,2576.25,Credit Card
ORD07770,2025-09-14,CUST3904,Monitor,Electronics,North,3,13725.93,0.03,39942.46,3575.23,Cash
ORD07771,2024-09-19,CUST3774,Monitor,Electronics,South,5,11752.01,0.05,55822.03,10532.17,Cash
ORD07772,2024-03-02,CUST2653,Headphones,Electronics,West,2,2175.42,0.14,3741.72,220.11,Cash
ORD07773,2024-08-16,CUST5100,Keyboard,Accessories,South,1,1482.4,0.13,1289.69,183.97,UPI
ORD07774,2024-08-26,CUST6785,Smartphone,Electronics,West,3,25917.9,0.07,72310.95,3636.44,Net Banking
ORD07775,2025-12-26,CUST7943,Smartphone,Electronics,East,2,28148.25,0.1,50666.86,8151.22,Net Banking
ORD07776,2025-08-11,CUST5398,Tablet,Electronics,West,4,22573.41,0.01,89390.69,12730.69,Net Banking
ORD07777,2025-07-11,CUST2975,Laptop,Electronics,West,2,61287.65,0.01,121349.54,28286.16,Debit Card
ORD07778,2025-07-03,CUST7498,Tablet,Electronics,North,3,23223.61,0.02,68277.41,13249.53,Cash
ORD07779,2025-08-29,CUST6049,Laptop,Electronics,North,5,71278.73,0.14,306498.55,23049.07,Cash
ORD07780,2025-01-19,CUST6214,Monitor,Electronics,West,4,11713.58,0.22,36546.37,4418.75,Credit Card
ORD07781,2024-12-28,CUST8758,Headphones,Electronics,West,4,2800.1,0.07,10416.38,2461.56,UPI
ORD07782,2024-05-20,CUST5790,Smartwatch,Electronics,South,4,6117.66,0.01,24225.94,4725.68,UPI
ORD07783,2025-07-25,CUST1825,Monitor,Electronics,West,1,13224.41,0.18,10844.01,1831.07,Cash
ORD07784,2025-03-27,CUST6108,Smartphone,Electronics,North,3,32957.16,0.21,78108.47,12639.07,Credit Card
ORD07785,2024-02-24,CUST1429,Smartwatch,Electronics,West,4,6626.19,0.03,25709.61,3332.47,Cash
ORD07786,2024-04-16,CUST4913,Mouse,Accessories,South,2,751.69,0.1,1353.04,226.01,Debit Card
ORD07787,2024-10-13,CUST6804,Smartwatch,Electronics,South,5,6590.7,0.04,31635.36,6464.14,Debit Card
ORD07788,2024-12-18,CUST4721,Smartwatch,Electronics,West,3,7653.93,0.03,22272.93,1681.77,Net Banking
ORD07789,2024-07-31,CUST2381,Monitor,Electronics,North,2,13193.95,0.16,22165.84,5407.71,Net Banking
ORD07790,2025-08-20,CUST2755,Smartphone,Electronics,East,1,28467.5,0.24,21635.3,2117.51,Cash
ORD07791,2025-11-24,CUST4671,Smartwatch,Electronics,West,4,7194.44,0.17,23885.54,3333.19,Net Banking
ORD07792,2024-06-29,CUST5600,Monitor,Electronics,South,2,10700.16,0.25,16050.24,875.43,Cash
ORD07793,2024-06-13,CUST6487,Monitor,Electronics,South,3,11887.6,0.11,31739.9,5080.58,UPI
ORD07794,2024-04-05,CUST3911,Smartwatch,Electronics,North,2,8047.46,0.22,12554.05,1586.5,Debit Card
ORD07795,2025-03-16,CUST6893,Laptop,Electronics,South,1,58347.36,0.05,55430.0,5540.29,Credit Card
ORD07796,2024-01-03,CUST2418,Smartphone,Electronics,West,5,34028.06,0.03,165036.11,40781.22,Credit Card
ORD07797,2025-05-03,CUST5482,Printer,Office,East,4,10972.76,0.18,35990.67,4881.35,UPI
ORD07798,2024-07-23,CUST6063,Smartwatch,Electronics,North,3,7991.65,0.09,21817.21,2898.62,Cash
ORD07799,2025-01-29,CUST2952,Tablet,Electronics,South,4,19885.22,0.08,73177.61,10436.64,Debit Card
ORD07800,2024-10-24,CUST3030,Tablet,Electronics,North,4,20109.22,0.17,66762.62,4889.08,Cash
ORD07801,2025-11-25,CUST1978,Mouse,Accessories,West,4,684.05,0.08,2517.3,323.77,Cash
ORD07802,2024-06-14,CUST1761,Smartphone,Electronics,East,2,32022.32,0.14,55078.38,6459.64,UPI
ORD07803,2025-10-25,CUST7153,Monitor,Electronics,West,2,12518.74,0.07,23284.86,3330.31,UPI
ORD07804,2024-12-07,CUST6906,Webcam,Accessories,North,5,3161.97,0.2,12647.87,2799.28,Net Banking
ORD07805,2025-02-05,CUST1134,Headphones,Electronics,East,1,2718.36,0.08,2500.89,221.47,UPI
ORD07806,2024-05-19,CUST3620,Keyboard,Accessories,West,3,1409.64,0.13,3679.16,631.15,Net Banking
ORD07807,2024-08-31,CUST3573,Webcam,Accessories,North,2,3116.75,0.01,6171.16,355.01,Credit Card
ORD07808,2024-10-29,CUST3305,Smartphone,Electronics,East,4,29303.06,0.2,93769.8,10629.6,Net Banking
ORD07809,2024-07-29,CUST7587,Smartphone,Electronics,North,1,26318.73,0.16,22107.73,3195.26,Net Banking
ORD07810,2024-12-04,CUST3348,Smartwatch,Electronics,West,3,6502.81,0.05,18533.01,1201.97,Credit Card
ORD07811,2025-09-20,CUST8955,Smartwatch,Electronics,North,3,6729.8,0.05,19179.93,3045.65,Debit Card
ORD07812,2024-01-10,CUST6145,Webcam,Accessories,South,3,3869.46,0.07,10795.79,1209.83,Cash
ORD07813,2025-05-14,CUST6562,Monitor,Electronics,North,3,13053.18,0.14,33677.19,8370.87,Cash
ORD07814,2024-03-11,CUST6110,Mouse,Accessories,South,5,786.26,0.14,3380.92,595.7,UPI
ORD07815,2024-04-28,CUST8143,Smartwatch,Electronics,East,3,7471.61,0.07,20845.79,2060.29,UPI
ORD07816,2025-09-22,CUST8375,Keyboard,Accessories,East,1,1530.89,0.17,1270.64,89.62,Debit Card
ORD07817,2025-03-12,CUST5723,Keyboard,Accessories,West,2,1428.38,0.22,2228.27,129.56,UPI
ORD07818,2024-05-06,CUST7344,Mouse,Accessories,North,1,854.21,0.01,845.67,57.64,Cash
ORD07819,2024-09-16,CUST1380,Laptop,Electronics,South,4,68578.23,0.1,246881.64,45922.92,Net Banking
ORD07820,2024-08-15,CUST7046,Laptop,Electronics,South,5,67322.34,0.15,286119.95,63232.07,Net Banking
ORD07821,2025-03-20,CUST2138,Smartphone,Electronics,West,5,31061.6,0.15,132011.8,10738.71,UPI
ORD07822,2025-08-20,CUST7446,Smartwatch,Electronics,North,4,7384.26,0.0,29537.05,3852.43,Cash
ORD07823,2024-08-02,CUST1141,Tablet,Electronics,South,1,21238.0,0.05,20176.1,2438.22,Credit Card
ORD07824,2025-01-23,CUST5623,Webcam,Accessories,West,1,3887.53,0.02,3809.78,681.58,Credit Card
ORD07825,2024-08-27,CUST6267,Printer,Office,West,4,8986.92,0.14,30915.02,2675.25,Net Banking
ORD07826,2025-01-14,CUST2524,Mouse,Accessories,North,3,892.13,0.16,2248.17,541.05,Cash
ORD07827,2024-11-27,CUST6893,Smartphone,Electronics,North,3,28580.54,0.04,82311.95,16109.38,Net Banking
ORD07828,2025-07-22,CUST7403,Tablet,Electronics,North,2,19525.21,0.08,35926.38,8658.77,Cash
ORD07829,2025-02-20,CUST3055,Smartwatch,Electronics,South,1,7210.06,0.08,6633.25,699.63,Credit Card
ORD07830,2024-06-13,CUST4375,Tablet,Electronics,West,1,21181.51,0.2,16945.21,2839.05,UPI
ORD07831,2024-07-14,CUST8183,Tablet,Electronics,North,4,24082.3,0.05,91512.73,17978.0,Debit Card
ORD07832,2024-08-26,CUST4374,Mouse,Accessories,East,4,783.39,0.14,2694.86,517.93,UPI
ORD07833,2024-10-05,CUST7239,Smartphone,Electronics,North,3,31517.06,0.2,75640.95,4104.98,Cash
ORD07834,2024-03-10,CUST5321,Monitor,Electronics,South,1,11309.73,0.21,8934.69,2230.61,Net Banking
ORD07835,2024-01-19,CUST9779,Keyboard,Accessories,North,1,1369.25,0.17,1136.48,267.77,Net Banking
ORD07836,2024-08-25,CUST8286,Webcam,Accessories,North,5,3382.45,0.07,15728.4,1163.12,Credit Card
ORD07837,2025-01-07,CUST8338,Smartphone,Electronics,East,2,30961.27,0.21,48918.81,7764.07,Credit Card
ORD07838,2024-08-27,CUST1033,Printer,Office,East,2,10470.84,0.19,16962.76,1915.29,UPI
ORD07839,2024-12-07,CUST8941,Tablet,Electronics,South,3,22516.16,0.18,55389.76,12505.83,UPI
ORD07840,2025-02-19,CUST6424,Monitor,Electronics,North,1,13757.0,0.02,13481.86,2554.87,Debit Card
ORD07841,2024-11-30,CUST2544,Mouse,Accessories,North,5,845.86,0.01,4187.02,396.52,Cash
ORD07842,2024-11-10,CUST8533,Headphones,Electronics,East,1,2823.64,0.17,2343.62,133.05,UPI
ORD07843,2024-03-10,CUST1527,Webcam,Accessories,North,4,3098.83,0.24,9420.44,1020.69,UPI
ORD07844,2024-07-16,CUST4258,Webcam,Accessories,South,3,3039.44,0.19,7385.84,425.63,Credit Card
ORD07845,2024-09-18,CUST7327,Keyboard,Accessories,East,2,1414.95,0.21,2235.62,174.96,Cash
ORD07846,2024-07-12,CUST8360,Headphones,Electronics,West,1,2227.44,0.14,1915.6,339.5,Credit Card
ORD07847,2025-04-17,CUST4155,Smartwatch,Electronics,West,3,7054.32,0.08,19469.93,3874.85,Debit Card
ORD07848,2024-05-11,CUST1895,Headphones,Electronics,West,2,2514.24,0.17,4173.63,599.35,UPI
ORD07849,2025-01-09,CUST6513,Tablet,Electronics,West,1,22495.31,0.18,18446.16,3136.91,UPI
ORD07850,2024-03-10,CUST6080,Tablet,Electronics,East,5,23618.5,0.17,98016.79,7956.71,UPI
ORD07851,2025-11-27,CUST2526,Tablet,Electronics,South,3,25110.78,0.24,57252.57,6490.1,Net Banking
ORD07852,2025-03-20,CUST1603,Tablet,Electronics,West,1,24496.51,0.09,22291.82,4292.89,Cash
ORD07853,2025-01-05,CUST9994,Smartphone,Electronics,West,2,26565.31,0.01,52599.3,6468.57,Credit Card
ORD07854,2025-03-15,CUST2085,Webcam,Accessories,North,2,3330.44,0.23,5128.88,614.25,Credit Card
ORD07855,2024-08-17,CUST3080,Headphones,Electronics,South,5,2316.87,0.04,11120.96,987.53,Credit Card
ORD07856,2024-05-21,CUST1142,Webcam,Accessories,West,3,3160.66,0.17,7870.04,1329.76,Debit Card
ORD07857,2025-09-14,CUST6234,Printer,Office,East,3,10134.17,0.22,23713.97,5025.17,Net Banking
ORD07858,2024-03-23,CUST2908,Headphones,Electronics,East,1,2539.95,0.08,2336.75,336.23,Debit Card
ORD07859,2025-06-02,CUST6476,Smartphone,Electronics,,2,27545.2,0.21,43521.42,3181.76,Cash
ORD07860,2025-03-13,CUST4575,Printer,Office,West,2,10635.69,0.08,19569.67,4259.8,Credit Card
ORD07861,2025-04-10,CUST7735,Webcam,Accessories,East,5,3744.56,0.2,14978.24,962.79,Credit Card
ORD07862,2025-07-26,CUST1753,Printer,Office,North,5,8562.94,0.02,41958.41,6056.51,Credit Card
ORD07863,2024-11-23,CUST8774,Keyboard,Accessories,East,3,1453.09,0.16,3661.79,374.29,UPI
ORD07864,2024-07-31,CUST5359,Printer,Office,South,2,11170.42,0.17,18542.9,4399.56,UPI
ORD07865,2024-07-01,CUST2260,Headphones,Electronics,West,1,2515.24,0.12,2213.41,437.17,Credit Card
ORD07866,2024-12-20,CUST2533,Tablet,Electronics,South,4,20994.34,0.17,69701.22,11380.94,Credit Card
ORD07867,2025-07-18,CUST2594,Tablet,Electronics,East,1,20374.26,0.23,15688.18,2879.58,UPI
ORD07868,2024-08-07,CUST4920,Smartwatch,Electronics,West,5,6461.04,0.18,26490.28,4146.93,Debit Card
ORD07869,2025-08-17,CUST4246,Webcam,Accessories,South,1,3079.76,0.24,2340.61,186.13,Net Banking
ORD07870,2025-11-14,CUST2595,Keyboard,Accessories,South,2,1642.75,0.11,2924.1,560.9,Debit Card
ORD07871,2024-01-28,CUST4240,Headphones,Electronics,West,3,2189.99,0.13,5715.88,849.01,Net Banking
ORD07872,2024-06-25,CUST8219,Headphones,Electronics,North,4,2344.22,0.07,8720.5,1542.32,UPI
ORD07873,2025-01-13,CUST4299,Mouse,Accessories,East,3,690.96,0.25,1554.66,91.79,Credit Card
ORD07874,2025-03-26,CUST8415,Laptop,Electronics,North,4,70487.04,0.01,279128.67,21885.63,Credit Card
ORD07875,2025-05-01,CUST3379,Webcam,Accessories,South,4,3016.25,0.09,10979.14,1843.11,Credit Card
ORD07876,2025-10-28,CUST3935,Headphones,Electronics,South,2,2356.23,0.07,4382.58,621.83,Debit Card
ORD07877,2024-09-05,CUST4509,Monitor,Electronics,North,2,12263.87,0.1,22074.97,2105.39,Credit Card
ORD07878,2024-07-25,CUST8500,Headphones,Electronics,East,5,2432.17,0.23,9363.86,919.08,Net Banking
ORD07879,2024-08-31,CUST1098,Mouse,Accessories,South,5,747.75,0.09,3402.24,599.92,Credit Card
ORD07880,2025-11-09,CUST8158,Printer,Office,West,4,9325.57,0.23,28722.75,1774.88,UPI
ORD07881,2024-08-01,CUST6386,Smartphone,Electronics,South,5,32680.11,0.11,145426.5,19901.86,Credit Card
ORD07882,2024-03-24,CUST7151,Smartphone,Electronics,South,2,34265.8,0.21,54139.97,8371.16,Debit Card
ORD07883,2024-01-27,CUST2597,Monitor,Electronics,East,5,11452.95,0.13,49820.32,5561.37,Debit Card
ORD07884,2024-02-04,CUST6520,Monitor,Electronics,West,4,10340.92,0.08,38054.6,8147.87,UPI
ORD07885,2025-05-16,CUST3892,Smartwatch,Electronics,North,3,6026.79,0.11,16091.52,987.28,Cash
ORD07886,2024-03-09,CUST5067,Smartphone,Electronics,North,1,32332.92,0.11,28776.3,6421.62,Debit Card
ORD07887,2024-07-12,CUST7028,Printer,Office,East,5,10157.11,0.06,47738.41,9292.41,Cash
ORD07888,2024-10-23,CUST4181,Smartphone,Electronics,South,2,32552.33,0.07,60547.34,8431.27,UPI
ORD07889,2025-07-15,CUST3461,Laptop,Electronics,South,3,68851.19,0.05,196225.9,46092.18,Credit Card
ORD07890,2025-07-10,CUST6004,Webcam,Accessories,East,2,3927.88,0.08,7227.3,1376.42,Cash
ORD07891,2024-10-02,CUST4079,Smartphone,Electronics,South,5,33472.42,0.16,140584.16,33207.25,UPI
ORD07892,2025-09-23,CUST4647,Tablet,Electronics,North,4,23902.96,0.1,86050.66,12435.87,Cash
ORD07893,2024-10-18,CUST6939,Smartwatch,Electronics,North,1,6947.9,0.18,5697.28,801.01,Cash
ORD07894,2025-12-12,CUST4973,Mouse,Accessories,South,1,753.95,0.25,565.46,88.3,Credit Card
ORD07895,2025-08-25,CUST6446,Monitor,Electronics,West,3,12025.3,0.09,32829.06,2071.03,Debit Card
ORD07896,2024-11-21,CUST2973,Laptop,Electronics,East,1,65040.4,0.12,57235.55,13261.41,Cash
ORD07897,2024-05-31,CUST5373,Monitor,Electronics,West,4,12396.99,0.04,47604.45,8737.48,Net Banking
ORD07898,2025-11-06,CUST4262,Smartwatch,Electronics,East,2,6340.8,0.1,11413.45,1980.43,Credit Card
ORD07899,2024-05-12,CUST9695,Headphones,Electronics,South,4,2616.71,0.18,8582.82,2019.48,Net Banking
ORD07900,2024-07-30,CUST1699,Laptop,Electronics,West,3,64153.72,0.05,182838.1,45476.85,Credit Card
ORD07901,2024-06-29,CUST9851,Keyboard,Accessories,South,3,1554.09,0.05,4429.16,366.2,Credit Card
ORD07902,2024-12-26,CUST5190,Laptop,Electronics,South,1,59922.29,0.09,54529.29,10894.92,Debit Card
ORD07903,2025-02-27,CUST2650,Smartwatch,Electronics,East,4,6862.23,0.2,21959.13,3644.98,Net Banking
ORD07904,2025-09-01,CUST8852,Mouse,Accessories,East,2,730.45,0.16,1227.15,174.5,Cash
ORD07905,2024-05-03,CUST7777,Laptop,Electronics,East,4,72318.45,0.24,219848.09,53977.66,Credit Card
ORD07906,2024-06-26,CUST8481,Smartwatch,Electronics,South,2,6974.72,0.23,10741.07,2363.6,Net Banking
ORD07907,2024-11-25,CUST8371,Printer,Office,West,2,9174.94,0.04,17615.89,3335.57,Net Banking
ORD07908,2024-08-13,CUST1676,Webcam,Accessories,East,4,3018.27,0.01,11952.35,1512.39,Debit Card
ORD07909,2024-06-11,CUST9413,Smartphone,Electronics,East,5,31581.65,0.1,142117.42,26037.07,Net Banking
ORD07910,2025-05-07,CUST7730,Printer,Office,North,4,9143.93,0.13,31820.89,4974.84,Cash
ORD07911,2025-04-15,CUST7089,Smartwatch,Electronics,South,2,8028.12,0.13,13968.93,1395.13,Net Banking
ORD07912,2024-12-22,CUST5829,Tablet,Electronics,North,3,22222.42,0.03,64667.25,9058.35,Debit Card
ORD07913,2024-12-06,CUST6341,Headphones,Electronics,East,3,2341.73,0.03,6814.44,629.94,Credit Card
ORD07914,2024-06-03,CUST7573,Smartphone,Electronics,North,1,31419.1,0.01,31104.91,4668.35,Net Banking
ORD07915,2024-07-11,CUST4305,Tablet,Electronics,West,3,20516.45,0.21,48623.99,9435.37,Net Banking
ORD07916,2025-08-07,CUST1120,Mouse,Accessories,West,5,876.87,0.24,3332.09,191.03,UPI
ORD07917,2024-09-15,CUST8728,Monitor,Electronics,North,2,11309.65,0.03,21940.72,4455.63,Cash
ORD07918,2024-08-17,CUST4450,Keyboard,Accessories,West,4,1719.71,0.05,6534.9,352.88,Cash
ORD07919,2024-04-09,CUST7311,Smartphone,Electronics,South,4,30946.3,0.02,121309.51,18615.62,Cash
ORD07920,2024-08-13,CUST9985,Printer,Office,North,5,11033.23,0.22,43029.61,7086.78,Net Banking
ORD07921,2024-01-30,CUST8763,Headphones,Electronics,South,3,2179.61,0.24,4969.51,1005.08,Cash
ORD07922,2024-08-09,CUST8257,Tablet,Electronics,West,2,20998.78,0.07,39057.72,7897.7,Cash
ORD07923,2024-01-16,CUST6730,Smartwatch,Electronics,North,3,7498.72,0.08,20696.48,2762.8,UPI
ORD07924,2025-12-18,CUST8439,Smartphone,Electronics,North,1,31395.53,0.09,28569.93,1807.75,Debit Card
ORD07925,2025-04-02,CUST3122,Monitor,Electronics,East,3,10899.28,0.13,28447.11,5367.97,Debit Card
ORD07926,2024-08-03,CUST5232,Smartwatch,Electronics,South,1,6698.03,0.17,5559.36,846.12,Credit Card
ORD07927,2025-09-03,CUST3308,Tablet,Electronics,East,4,20438.73,0.13,71126.77,8294.21,UPI
ORD07928,2025-06-19,CUST4283,Headphones,Electronics,East,2,2585.03,0.24,3929.24,381.04,Net Banking
ORD07929,2025-03-08,CUST7007,Laptop,Electronics,West,1,61969.08,0.02,60729.7,4491.06,Credit Card
ORD07930,2025-09-04,CUST7753,Monitor,Electronics,South,3,11312.6,0.2,27150.23,2960.15,Cash
ORD07931,2025-07-11,CUST9989,Smartwatch,Electronics,South,3,6385.49,0.08,17623.96,2497.28,Credit Card
ORD07932,2024-08-27,CUST2567,Monitor,Electronics,West,4,11672.5,0.09,42487.89,6182.92,Debit Card
ORD07933,2024-04-11,CUST5311,Mouse,Accessories,West,5,726.92,0.18,2980.37,496.37,Credit Card
ORD07934,2025-10-26,CUST5880,Smartwatch,Electronics,South,5,7971.4,0.23,30689.88,3759.32,Credit Card
ORD07935,2024-02-12,CUST1363,Smartphone,Electronics,West,3,26890.52,0.18,66150.67,15477.91,UPI
ORD07936,2025-07-20,CUST5326,Laptop,Electronics,South,5,73059.44,0.19,295890.74,44139.18,Cash
ORD07937,2025-02-21,CUST9170,Laptop,Electronics,West,2,63605.23,0.19,103040.47,13884.19,Net Banking
ORD07938,2024-11-16,CUST1382,Keyboard,Accessories,East,5,1445.04,0.08,6647.18,396.4,Net Banking
ORD07939,2025-10-29,CUST3201,Monitor,Electronics,West,2,11032.75,0.19,17873.06,3034.9,UPI
ORD07940,2025-02-16,CUST6156,Printer,Office,North,3,10407.27,0.2,24977.45,4260.5,UPI
ORD07941,2024-02-03,CUST6432,Laptop,Electronics,West,3,68617.8,0.13,179092.45,29847.18,Net Banking
ORD07942,2025-03-20,CUST5107,Laptop,Electronics,North,3,64367.63,0.13,167999.52,38223.15,Credit Card
ORD07943,2024-06-28,CUST8392,Mouse,Accessories,South,4,693.37,0.19,2246.52,455.1,Cash
ORD07944,2025-10-27,CUST3202,Webcam,Accessories,East,5,3939.44,0.2,15757.74,3521.56,Net Banking
ORD07945,2025-12-17,CUST1518,Mouse,Accessories,West,1,915.28,0.08,842.06,52.11,Credit Card
ORD07946,2024-09-24,CUST6097,Mouse,Accessories,South,1,783.45,0.2,626.76,71.22,Credit Card
ORD07947,2025-06-17,CUST1235,Webcam,Accessories,North,3,3619.34,0.2,8686.43,988.01,Debit Card
ORD07948,2024-11-07,CUST6157,Monitor,Electronics,East,5,11821.08,0.06,55559.05,10078.91,UPI
ORD07949,2024-01-06,CUST7063,Smartwatch,Electronics,South,2,6625.95,0.18,10866.55,1518.31,Net Banking
ORD07950,2025-07-01,CUST5393,Headphones,Electronics,South,1,2182.99,0.05,2073.84,426.16,Net Banking
ORD07951,2025-09-29,CUST2267,Printer,Office,South,3,9868.2,0.02,29012.52,3681.29,Cash
ORD07952,2025-04-02,CUST3170,Laptop,Electronics,South,1,71208.5,0.14,61239.31,5776.18,Net Banking
ORD07953,2025-11-29,CUST9073,Keyboard,Accessories,West,1,1282.66,0.23,987.65,106.85,Credit Card
ORD07954,2025-07-24,CUST8018,Printer,Office,South,1,10246.32,0.01,10143.86,877.38,Credit Card
ORD07955,2025-04-24,CUST4179,Smartwatch,Electronics,South,3,7799.62,0.21,18485.1,1655.87,Cash
ORD07956,2024-03-08,CUST6345,Webcam,Accessories,West,3,3203.43,0.13,8360.94,780.64,Credit Card
ORD07957,2024-04-29,CUST2197,Printer,Office,North,4,9049.77,0.22,28235.27,1502.65,Credit Card
ORD07958,2024-11-28,CUST4932,Laptop,Electronics,East,4,70309.39,0.21,222177.69,42928.64,Net Banking
ORD07959,2024-12-11,CUST7481,Printer,Office,East,4,9265.26,0.22,28907.61,3755.69,UPI
ORD07960,2024-09-01,CUST2628,Headphones,Electronics,West,1,2268.99,0.19,1837.88,100.23,Net Banking
ORD07961,2025-08-02,CUST8798,Webcam,Accessories,West,5,3371.89,0.21,13318.96,1651.57,Debit Card
ORD07962,2025-10-27,CUST3901,Printer,Office,North,3,9677.51,0.04,27871.22,6440.3,Cash
ORD07963,2024-10-23,CUST3988,Laptop,Electronics,East,4,72294.97,0.08,266045.49,40505.12,Credit Card
ORD07964,2025-12-15,CUST9735,Laptop,Electronics,West,5,67309.65,0.06,316355.34,78250.62,Net Banking
ORD07965,2025-10-06,CUST9615,Printer,Office,South,4,9717.88,0.19,31485.95,4974.52,Net Banking
ORD07966,2025-09-19,CUST4417,Monitor,Electronics,West,4,12123.8,0.04,46555.38,11292.46,Credit Card
ORD07967,2025-08-27,CUST9146,Keyboard,Accessories,East,5,1704.28,0.05,8095.35,731.5,Cash
ORD07968,2025-09-05,CUST1993,Tablet,Electronics,North,4,19447.22,0.22,60675.32,6552.14,Net Banking
ORD07969,2024-12-25,CUST4003,Mouse,Accessories,North,1,729.85,0.18,598.48,113.71,UPI
ORD07970,2024-12-13,CUST5426,Webcam,Accessories,South,1,3985.66,0.22,3108.81,769.01,Credit Card
ORD07971,2025-03-12,CUST4515,Tablet,Electronics,South,1,25018.34,0.03,24267.79,5219.02,Cash
ORD07972,2025-04-16,CUST2572,Smartwatch,Electronics,East,2,6322.05,0.1,11379.69,1829.18,Debit Card
ORD07973,2024-10-01,CUST6653,Smartwatch,Electronics,South,4,6254.73,0.07,23267.59,1559.64,Credit Card
ORD07974,2025-09-21,CUST2932,Laptop,Electronics,East,2,63461.16,0.0,126922.32,15595.68,Debit Card
ORD07975,2024-03-05,CUST1911,Smartwatch,Electronics,East,3,6054.41,0.07,16891.8,1136.57,Credit Card
ORD07976,2024-03-09,CUST5411,Monitor,Electronics,West,5,12557.65,0.09,57137.32,6414.02,Net Banking
ORD07977,2025-12-27,CUST6846,Keyboard,Accessories,South,3,1309.87,0.02,3851.03,391.87,Cash
ORD07978,2024-11-04,CUST7815,Smartwatch,Electronics,West,2,6071.86,0.14,10443.6,1333.76,UPI
ORD07979,2024-05-26,CUST8850,Headphones,Electronics,West,1,2488.89,0.1,2240.0,487.1,Debit Card
ORD07980,2025-07-31,CUST7303,Keyboard,Accessories,East,4,1706.0,0.01,6755.78,540.97,Debit Card
ORD07981,2025-05-22,CUST8013,Monitor,Electronics,East,4,11736.47,0.18,38495.61,4281.2,Credit Card
ORD07982,2024-06-24,CUST1155,Tablet,Electronics,East,1,21052.78,0.18,17263.28,1764.71,Debit Card
ORD07983,2025-07-31,CUST7887,Keyboard,Accessories,East,4,1724.08,0.21,5448.09,595.09,Credit Card
ORD07984,2024-07-19,CUST6456,Keyboard,Accessories,West,5,1514.39,0.12,6663.3,813.75,Credit Card
ORD07985,2024-01-18,CUST3729,Tablet,Electronics,North,5,21176.59,0.24,80471.05,7955.56,Debit Card
ORD07986,2024-12-01,CUST8553,Monitor,Electronics,North,5,11589.1,0.23,44618.03,10642.13,Debit Card
ORD07987,2024-05-06,CUST7898,Smartwatch,Electronics,North,3,6359.41,0.14,16407.29,2198.91,Net Banking
ORD07988,2025-12-13,CUST2697,Laptop,Electronics,East,1,65238.35,0.11,58062.13,4228.24,Net Banking
ORD07989,2025-05-06,CUST6541,Webcam,Accessories,South,5,3435.8,0.0,17178.99,2465.73,Net Banking
ORD07990,2024-02-20,CUST3315,Tablet,Electronics,North,2,20487.25,0.18,33599.09,2919.3,Cash
ORD07991,2025-09-30,CUST6012,Tablet,Electronics,West,5,19759.56,0.14,84966.13,7921.06,UPI
ORD07992,2024-05-30,CUST2114,Tablet,Electronics,West,3,20754.18,0.23,47942.15,5130.21,Net Banking
ORD07993,2024-06-09,CUST2319,Tablet,Electronics,East,2,22057.31,0.15,37497.43,2810.51,Net Banking
ORD07994,2024-07-06,CUST1356,Webcam,Accessories,West,1,3036.25,0.25,2277.19,442.28,Credit Card
ORD07995,2024-08-17,CUST8165,Webcam,Accessories,West,1,3136.43,0.21,2477.78,516.34,UPI
ORD07996,2025-09-01,CUST9509,Smartwatch,Electronics,North,5,7940.08,0.24,30172.3,3887.91,Debit Card
ORD07997,2024-06-29,CUST3899,Printer,Office,North,2,10128.57,0.08,18636.56,3499.92,Cash
ORD07998,2025-12-17,CUST2019,Printer,Office,West,2,8690.35,0.04,16685.47,2132.25,Debit Card
ORD07999,2025-04-14,CUST7445,Smartphone,Electronics,North,5,31737.79,0.2,126951.16,10513.52,Credit Card
ORD08000,2025-03-02,CUST8400,Tablet,Electronics,West,5,19107.9,0.2,76431.6,9892.82,Cash
ORD08001,2024-03-22,CUST2073,Tablet,Electronics,West,4,23576.57,0.05,89590.97,14459.76,Net Banking
ORD08002,2025-02-07,CUST9552,Keyboard,Accessories,North,4,1612.48,0.19,5224.45,304.06,UPI
ORD08003,2025-04-22,CUST4007,Printer,Office,East,5,10453.24,0.15,44426.26,8036.57,UPI
ORD08004,2024-02-02,CUST4573,Smartwatch,Electronics,North,3,7487.63,0.03,21789.0,4325.59,Net Banking
ORD08005,2025-08-15,CUST4557,Laptop,Electronics,East,4,56965.33,0.13,198239.36,44007.96,Debit Card
ORD08006,2025-04-04,CUST1869,Smartphone,Electronics,South,5,32041.02,0.23,123357.95,8703.41,Debit Card
ORD08007,2025-05-28,CUST7281,Smartphone,Electronics,West,2,26730.19,0.13,46510.54,2326.4,Net Banking
ORD08008,2025-02-21,CUST1876,Smartwatch,Electronics,South,4,6662.96,0.2,21321.48,1378.5,Net Banking
ORD08009,2024-11-27,CUST4764,Laptop,Electronics,West,3,73633.53,0.01,218691.59,51353.89,UPI
ORD08010,2025-08-24,CUST2819,Keyboard,Accessories,North,1,1501.29,0.18,1231.06,250.04,Debit Card
ORD08011,2025-09-29,CUST1001,Webcam,Accessories,South,2,3990.8,0.24,6066.01,1316.85,Cash
ORD08012,2025-02-19,CUST5915,Mouse,Accessories,South,3,701.34,0.12,1851.54,284.03,Cash
ORD08013,2025-06-16,CUST8676,Printer,Office,West,3,9932.67,0.08,27414.17,4258.63,Credit Card
ORD08014,2024-01-05,CUST3189,Tablet,Electronics,West,3,19111.86,0.16,48161.88,5283.41,Credit Card
ORD08015,2024-10-10,CUST7171,Smartwatch,Electronics,East,2,7273.44,0.23,11201.1,2448.01,Credit Card
ORD08016,2024-10-30,CUST3304,Printer,Office,East,3,8736.12,0.04,25160.03,5433.41,Debit Card
ORD08017,2024-07-15,CUST4002,Tablet,Electronics,North,1,19857.43,0.1,17871.68,2295.34,Cash
ORD08018,2024-09-10,CUST4057,Mouse,Accessories,South,4,742.12,0.04,2849.74,330.15,Debit Card
ORD08019,2025-08-17,CUST8927,Mouse,Accessories,South,2,859.7,0.12,1513.07,299.1,Net Banking
ORD08020,2024-06-16,CUST6092,Webcam,Accessories,East,3,3147.16,0.14,8119.67,448.48,UPI
ORD08021,2024-01-06,CUST4156,Monitor,Electronics,North,5,13247.88,0.24,50341.93,11175.39,Credit Card
ORD08022,2024-05-21,CUST4314,Mouse,Accessories,South,4,711.66,0.1,2561.97,356.75,Net Banking
ORD08023,2025-01-09,CUST6325,Printer,Office,West,2,8605.73,0.14,14801.86,2046.64,Net Banking
ORD08024,2024-05-04,CUST5880,Headphones,Electronics,West,5,2421.28,0.22,9443.01,1735.77,UPI
ORD08025,2024-11-18,CUST2294,Headphones,Electronics,West,5,2859.58,0.08,13154.07,2356.55,Cash
ORD08026,2025-01-29,CUST1478,Tablet,Electronics,South,3,19428.26,0.17,48376.36,4992.19,Cash
ORD08027,2024-06-15,CUST8725,Tablet,Electronics,North,2,19371.34,0.19,31381.57,7489.39,Net Banking
ORD08028,2025-11-11,CUST6296,Monitor,Electronics,East,3,12904.2,0.08,35615.59,8806.52,UPI
ORD08029,2024-01-24,CUST5877,Headphones,Electronics,East,1,2359.12,0.04,2264.76,351.49,Cash
ORD08030,2025-11-13,CUST4811,Tablet,Electronics,East,5,23434.06,0.13,101938.16,16542.13,Credit Card
ORD08031,2024-04-18,CUST5570,Mouse,Accessories,West,1,728.0,0.09,662.48,106.57,Debit Card
ORD08032,2024-07-28,CUST4458,Tablet,Electronics,South,3,21736.48,0.07,60644.77,8924.33,UPI
ORD08033,2025-08-29,CUST8421,Smartphone,Electronics,South,4,27887.61,0.24,84778.33,20265.19,Net Banking
ORD08034,2024-07-20,CUST4461,Monitor,Electronics,East,5,11825.5,0.13,51440.93,5090.11,Debit Card
ORD08035,2025-02-13,CUST2405,Smartwatch,Electronics,East,4,7565.1,0.21,23905.73,1711.45,Cash
ORD08036,2024-01-02,CUST6653,Laptop,Electronics,South,2,70109.19,0.05,133207.47,31424.9,Cash
ORD08037,2024-04-20,CUST1533,Keyboard,Accessories,East,5,1507.1,0.23,5802.33,537.34,UPI
ORD08038,2025-08-08,CUST5831,Laptop,Electronics,South,1,73353.25,0.2,58682.6,11726.61,Debit Card
ORD08039,2024-03-16,CUST5442,Laptop,Electronics,West,4,60393.79,0.2,193260.13,17543.12,Cash
ORD08040,2024-07-30,CUST4302,Webcam,Accessories,East,2,3227.33,0.1,5809.19,1406.04,UPI
ORD08041,2025-09-21,CUST4403,Smartwatch,Electronics,East,5,7238.99,0.12,31851.57,6632.27,Debit Card
ORD08042,2024-08-20,CUST6117,Tablet,Electronics,South,2,22800.56,0.15,38760.95,9060.13,Net Banking
ORD08043,2024-07-05,CUST9120,Webcam,Accessories,North,1,3023.87,0.2,2419.09,581.06,Net Banking
ORD08044,2024-10-01,CUST9361,Laptop,Electronics,East,5,67101.67,0.21,265051.58,17727.94,Cash
ORD08045,2024-11-05,CUST4508,Smartphone,Electronics,North,2,28869.93,0.02,56585.05,7733.92,UPI
ORD08046,2025-10-24,CUST8512,Keyboard,Accessories,North,3,1611.35,0.23,3722.22,668.58,Credit Card
ORD08047,2024-07-29,CUST9067,Laptop,Electronics,East,5,71008.06,0.23,273381.03,57544.31,Cash
ORD08048,2024-12-16,CUST8347,Headphones,Electronics,East,5,2539.12,0.15,10791.24,1060.72,Credit Card
ORD08049,2024-11-17,CUST7651,Smartwatch,Electronics,North,5,5953.58,0.05,28279.51,6586.89,Debit Card
ORD08050,2024-07-25,CUST5395,Smartwatch,Electronics,North,5,7286.37,0.2,29145.47,2745.37,UPI
ORD08051,2024-03-30,CUST8702,Smartwatch,Electronics,East,3,7522.65,0.14,19408.44,4332.65,Cash
ORD08052,2025-10-19,CUST4785,Monitor,Electronics,South,1,11096.34,0.2,8877.07,1354.13,Net Banking
ORD08053,2024-03-05,CUST8390,Monitor,Electronics,East,3,11872.73,0.2,28494.54,4362.07,Debit Card
ORD08054,2025-02-19,CUST9954,Mouse,Accessories,West,3,911.77,0.02,2680.62,334.54,Debit Card
ORD08055,2025-08-20,CUST1899,Printer,Office,West,2,9394.35,0.15,15970.39,1129.12,Debit Card
ORD08056,2024-10-18,CUST3690,Keyboard,Accessories,South,4,1375.42,0.12,4841.47,578.16,Credit Card
ORD08057,2025-04-21,CUST3525,Webcam,Accessories,North,4,3196.4,0.24,9717.05,1315.18,Credit Card
ORD08058,2025-03-16,CUST6156,Tablet,Electronics,North,2,22388.09,0.07,41641.84,6071.56,Debit Card
ORD08059,2025-01-04,CUST1017,Laptop,Electronics,North,3,73770.85,0.05,210246.92,41590.85,Cash
ORD08060,2025-11-03,CUST4844,Printer,Office,West,2,10326.07,0.22,16108.67,1939.71,Credit Card
ORD08061,2025-10-15,CUST6672,Tablet,Electronics,East,5,20701.93,0.04,99369.28,13049.03,UPI
ORD08062,2025-03-07,CUST3907,Webcam,Accessories,South,2,3645.5,0.17,6051.53,1399.23,Net Banking
ORD08063,2024-08-26,CUST6771,Printer,Office,East,2,10374.53,0.08,19089.13,3827.63,Cash
ORD08064,2024-10-19,CUST2749,Tablet,Electronics,North,5,22639.71,0.14,97350.74,5312.54,UPI
ORD08065,2024-08-24,CUST2541,Smartphone,Electronics,East,4,26934.84,0.15,91578.44,19452.89,Credit Card
ORD08066,2025-10-06,CUST2468,Monitor,Electronics,South,5,12484.44,0.1,56179.98,13932.01,Net Banking
ORD08067,2025-12-01,CUST6118,Webcam,Accessories,West,1,3426.67,0.24,2604.27,619.7,Debit Card
ORD08068,2025-12-26,CUST8535,Keyboard,Accessories,East,2,1283.37,0.03,2489.73,540.75,Net Banking
ORD08069,2024-11-20,CUST5572,Headphones,Electronics,East,2,2529.82,0.1,4553.68,800.7,Debit Card
ORD08070,2025-02-25,CUST5062,Smartphone,Electronics,South,4,34403.4,0.11,122476.11,12938.18,UPI
ORD08071,2025-03-05,CUST9772,Monitor,Electronics,South,3,11459.06,,28876.84,5223.42,UPI
ORD08072,2024-12-19,CUST6002,Smartwatch,Electronics,North,5,7977.67,0.1,35899.53,6789.27,Cash
ORD08073,2025-10-16,CUST8101,Monitor,Electronics,South,3,10546.34,0.02,31006.24,3296.32,UPI
ORD08074,2025-05-10,CUST3960,Printer,Office,West,1,10697.35,0.24,8129.99,821.66,Credit Card
ORD08075,2024-10-19,CUST5026,Mouse,Accessories,North,5,707.44,0.1,3183.48,411.89,Credit Card
ORD08076,2025-09-15,CUST2688,Smartphone,Electronics,East,1,27962.14,0.09,25445.55,4535.15,Net Banking
ORD08077,2024-09-13,CUST3415,Smartwatch,Electronics,North,1,7148.77,0.11,6362.4,691.04,Debit Card
ORD08078,2025-02-16,CUST4551,Printer,Office,East,1,10278.34,0.05,9764.42,1573.37,Net Banking
ORD08079,2025-01-15,CUST5197,Webcam,Accessories,South,5,3788.97,0.03,18376.51,4223.8,Cash
ORD08080,2024-07-18,CUST5366,Keyboard,Accessories,North,5,1551.89,0.04,7449.07,812.1,Cash
ORD08081,2024-08-12,CUST3354,Monitor,Electronics,West,4,12337.01,0.04,47374.13,11521.14,Credit Card
ORD08082,2025-11-01,CUST7530,Webcam,Accessories,North,2,3932.97,0.05,7472.64,1081.06,Cash
ORD08083,2024-10-20,CUST1956,Smartwatch,Electronics,West,3,6899.54,0.1,18628.75,1307.4,Credit Card
ORD08084,2025-06-03,CUST9450,Printer,Office,North,3,9175.8,0.16,23123.01,1410.69,Debit Card
ORD08085,2025-08-29,CUST5020,Mouse,Accessories,South,1,718.83,0.16,603.82,71.09,Net Banking
ORD08086,2025-11-07,CUST4618,Monitor,Electronics,East,5,11639.98,0.0,58199.9,5921.94,Cash
ORD08087,2025-03-18,CUST5615,Keyboard,Accessories,North,5,1595.74,0.23,6143.59,1343.87,Debit Card
ORD08088,2025-12-19,CUST2455,Mouse,Accessories,East,1,690.21,0.21,545.27,107.71,Cash
ORD08089,2024-06-30,CUST5554,Tablet,Electronics,East,2,19551.75,0.24,29718.66,6743.44,UPI
ORD08090,2025-05-14,CUST8553,Printer,Office,East,3,8818.34,0.09,24074.07,4040.85,Cash
ORD08091,2025-03-17,CUST4473,Webcam,Accessories,North,4,3589.51,0.17,11917.18,1633.74,Debit Card
ORD08092,2025-08-30,CUST3993,Monitor,Electronics,East,2,11074.31,0.04,21262.68,2213.73,Cash
ORD08093,2024-10-08,CUST4093,Monitor,Electronics,North,5,10798.53,0.2,43194.14,7197.08,UPI
ORD08094,2024-04-22,CUST9426,Smartwatch,Electronics,West,1,7194.82,0.04,6907.03,1199.09,Cash
ORD08095,2024-09-23,CUST2821,Keyboard,Accessories,East,3,1617.59,0.08,4464.55,574.09,Debit Card
ORD08096,2025-06-18,CUST5485,Headphones,Electronics,West,1,2374.12,0.12,2089.22,495.81,Credit Card
ORD08097,2025-04-09,CUST6512,Tablet,Electronics,East,5,22516.15,0.15,95693.64,17032.6,Debit Card
ORD08098,2025-01-20,CUST3511,Mouse,Accessories,North,1,703.55,0.14,605.05,131.6,Credit Card
ORD08099,2025-05-22,CUST3588,Smartphone,Electronics,North,3,33916.72,0.03,98697.65,17181.1,Credit Card
ORD08100,2024-04-22,CUST6949,Smartphone,Electronics,West,1,28532.07,0.11,25393.54,2877.27,Net Banking
ORD08101,2024-11-12,CUST3076,Monitor,Electronics,West,3,13791.02,0.23,31857.26,6286.2,Debit Card
ORD08102,2024-05-11,CUST1533,Smartwatch,Electronics,South,1,8005.03,0.22,6243.93,599.73,Net Banking
ORD08103,2025-06-07,CUST4760,Laptop,Electronics,South,1,70437.06,0.15,59871.5,10137.55,Credit Card
ORD08104,2024-04-12,CUST3695,Monitor,Electronics,South,3,10272.24,0.14,26502.38,3457.85,Cash
ORD08105,2025-11-12,CUST7225,Smartphone,Electronics,East,1,30391.27,0.03,29479.54,2357.68,Credit Card
ORD08106,2024-07-03,CUST8151,Smartphone,Electronics,West,2,26281.53,0.05,49934.9,6623.77,Debit Card
ORD08107,2024-03-06,CUST8901,Tablet,Electronics,South,4,24607.91,0.06,92525.75,10368.08,Debit Card
ORD08108,2024-05-14,CUST6195,Webcam,Accessories,West,2,3804.12,0.12,6695.25,485.03,Debit Card
ORD08109,2024-05-04,CUST2676,Laptop,Electronics,South,4,74210.64,0.18,243410.89,52276.3,Debit Card
ORD08110,2024-02-26,CUST3535,Monitor,Electronics,West,2,12390.18,0.12,21806.71,3264.83,Cash
ORD08111,2024-10-28,CUST7572,Tablet,Electronics,West,4,22146.34,0.03,85927.8,10248.72,Net Banking
ORD08112,2025-11-24,CUST2470,Smartwatch,Electronics,South,1,7039.85,0.11,6265.46,946.04,UPI
ORD08113,2025-10-21,CUST5672,Tablet,Electronics,East,3,21250.56,0.04,61201.61,12296.42,Net Banking
ORD08114,2024-01-14,CUST4798,Monitor,Electronics,South,3,11887.28,0.19,28886.1,1550.0,Credit Card
ORD08115,2025-09-17,CUST2897,Printer,Office,West,5,10406.24,0.04,49949.94,7959.54,Debit Card
ORD08116,2025-04-10,CUST6350,Headphones,Electronics,North,4,2824.71,0.12,9942.98,1449.99,Debit Card
ORD08117,2025-03-17,CUST2492,Monitor,Electronics,East,5,12345.18,0.17,51232.51,11712.47,UPI
ORD08118,2024-01-27,CUST7491,Keyboard,Accessories,East,5,1660.7,0.06,7805.3,1258.17,Net Banking
ORD08119,2025-01-18,CUST8512,Smartphone,Electronics,North,4,33265.02,0.02,130398.88,10101.29,Credit Card
ORD08120,2024-11-15,CUST4105,Laptop,Electronics,South,3,65367.24,0.14,168647.47,21542.46,Debit Card
ORD08121,2024-08-06,CUST8160,Laptop,Electronics,West,4,62025.66,0.01,245621.61,42790.69,UPI
ORD08122,2024-06-18,CUST5468,Webcam,Accessories,South,1,3646.55,0.15,3099.57,183.45,UPI
ORD08123,2025-02-16,CUST7554,Headphones,Electronics,West,5,2459.41,0.19,9960.6,2260.36,Credit Card
ORD08124,2025-08-14,CUST2236,Keyboard,Accessories,North,5,1311.65,0.08,6033.58,383.47,UPI
ORD08125,2025-02-22,CUST4348,Smartphone,Electronics,West,4,28900.28,0.12,101728.99,5708.85,UPI
ORD08126,2024-04-25,CUST8733,Laptop,Electronics,West,5,74634.41,0.23,287342.47,14482.96,Net Banking
ORD08127,2025-08-28,CUST5316,Keyboard,Accessories,South,3,1296.83,0.12,3423.63,639.36,Debit Card
ORD08128,2024-03-09,CUST5649,Tablet,Electronics,West,5,23298.0,0.25,87367.51,12334.9,Net Banking
ORD08129,2024-10-13,CUST3808,Webcam,Accessories,South,4,3858.25,0.04,14815.67,1045.45,UPI
ORD08130,2025-11-13,CUST1109,Monitor,Electronics,South,3,12535.41,0.18,30837.12,6822.46,Cash
ORD08131,2025-08-29,CUST9135,Monitor,Electronics,East,3,12251.09,0.16,30872.76,2795.34,Credit Card
ORD08132,2025-04-05,CUST6841,Printer,Office,North,5,10622.66,0.22,41428.39,4775.24,UPI
ORD08133,2024-05-28,CUST1948,Smartphone,Electronics,South,4,29364.08,0.02,115107.21,9846.77,UPI
ORD08134,2024-07-11,CUST1452,Keyboard,Accessories,North,5,1316.11,0.07,6119.92,1440.33,Net Banking
ORD08135,2024-08-20,CUST8922,Mouse,Accessories,East,1,910.97,0.03,883.64,178.15,Credit Card
ORD08136,2025-12-17,CUST9298,Laptop,Electronics,South,1,63679.87,0.23,49033.5,9551.27,Debit Card
ORD08137,2024-06-10,CUST1004,Smartwatch,Electronics,North,3,7347.32,0.11,19617.34,1153.48,Credit Card
ORD08138,2025-07-01,CUST6263,Smartwatch,Electronics,East,5,7065.75,0.23,27203.14,4203.98,UPI
ORD08139,2025-04-02,CUST1136,Monitor,Electronics,East,1,10396.82,0.07,9669.05,1596.27,Net Banking
ORD08140,2025-07-06,CUST9984,Mouse,Accessories,West,2,908.66,0.03,1762.8,223.0,Cash
ORD08141,2024-06-10,CUST4512,Smartwatch,Electronics,West,1,7614.33,0.07,7081.33,809.76,UPI
ORD08142,2024-06-01,CUST8232,Headphones,Electronics,North,5,2236.82,0.15,9506.5,2095.12,Credit Card
ORD08143,2025-03-16,CUST9606,Headphones,Electronics,South,5,2861.24,0.21,11301.88,617.12,Credit Card
ORD08144,2024-11-16,CUST8968,Smartphone,Electronics,West,1,32132.11,0.1,28918.9,5062.86,Cash
ORD08145,2024-03-16,CUST7523,Mouse,Accessories,South,5,793.36,0.23,3054.43,393.56,Credit Card
ORD08146,2025-01-14,CUST9388,Headphones,Electronics,West,5,2583.53,0.06,12142.58,2224.4,Credit Card
ORD08147,2025-11-30,CUST8971,Headphones,Electronics,West,2,2205.05,0.17,3660.39,327.91,Net Banking
ORD08148,2025-03-13,CUST9787,Monitor,Electronics,North,3,12217.48,0.18,30055.0,2937.33,Credit Card
ORD08149,2025-12-01,CUST5796,Smartwatch,Electronics,West,5,6104.69,0.07,28386.8,4751.12,Debit Card
ORD08150,2024-05-05,CUST1722,Smartphone,Electronics,East,4,30403.7,0.01,120398.64,29616.59,Cash
ORD08151,2025-12-06,CUST8227,Keyboard,Accessories,West,3,1523.71,0.09,4159.74,1018.87,UPI
ORD08152,2024-07-18,CUST9285,Tablet,Electronics,West,3,24471.3,0.01,72679.75,7253.16,Cash
ORD08153,2024-08-12,CUST3894,Laptop,Electronics,North,4,69388.62,0.23,213716.95,15060.68,UPI
ORD08154,2025-08-03,CUST5108,Laptop,Electronics,North,1,60116.27,0.24,45688.37,7678.78,Net Banking
ORD08155,2024-07-10,CUST5835,Webcam,Accessories,East,2,3907.85,0.18,6408.87,858.77,Credit Card
ORD08156,2025-06-05,CUST3601,Tablet,Electronics,North,5,22483.4,0.18,92181.95,18651.85,UPI
ORD08157,2024-09-02,CUST9100,Tablet,Electronics,West,1,22702.1,0.06,21339.98,3320.43,UPI
ORD08158,2025-02-15,CUST2208,Laptop,Electronics,East,4,58545.14,0.02,229496.94,34910.47,Net Banking
ORD08159,2025-06-07,CUST3082,Laptop,Electronics,West,2,71976.59,0.2,115162.54,20647.72,Cash
ORD08160,2025-07-09,CUST7692,Keyboard,Accessories,West,2,1693.93,0.14,2913.57,219.34,Cash
ORD08161,2025-09-12,CUST1249,Mouse,Accessories,East,2,866.0,0.17,1437.56,266.57,Cash
ORD08162,2024-12-14,CUST9129,Mouse,Accessories,North,4,905.78,0.19,2934.73,433.47,Credit Card
ORD08163,2024-03-30,CUST1246,Keyboard,Accessories,North,1,1411.03,0.1,1269.93,271.8,Net Banking
ORD08164,2025-04-06,CUST6782,Smartwatch,Electronics,West,5,7758.35,0.04,37240.08,2895.09,UPI
ORD08165,2024-10-18,CUST8606,Tablet,Electronics,North,2,21926.69,0.2,35082.71,3864.34,Cash
ORD08166,2024-10-17,CUST4505,Printer,Office,South,2,8991.75,0.11,16005.32,3842.06,Cash
ORD08167,2025-01-03,CUST8787,Tablet,Electronics,East,1,23114.08,0.21,18260.13,2932.84,Cash
ORD08168,2024-09-20,CUST4741,Webcam,Accessories,East,2,3693.33,0.11,6574.12,1550.57,Debit Card
ORD08169,2024-09-28,CUST4307,Laptop,Electronics,West,2,60845.03,0.05,115605.55,21711.53,Credit Card
ORD08170,2024-03-09,CUST7777,Tablet,Electronics,West,4,18881.46,0.04,72504.79,17059.38,Cash
ORD08171,2024-05-23,CUST4882,Laptop,Electronics,East,3,59147.02,0.19,143727.26,16322.42,Debit Card
ORD08172,2024-02-25,CUST6018,Tablet,Electronics,West,1,21338.53,0.14,18351.14,1249.84,Net Banking
ORD08173,2025-07-06,CUST5159,Webcam,Accessories,East,1,3150.94,0.1,2835.85,596.8,UPI
ORD08174,2024-03-17,CUST6125,Smartwatch,Electronics,East,1,6357.46,0.12,5594.57,1179.86,Cash
ORD08175,2025-06-03,CUST9031,Printer,Office,South,4,9674.17,0.14,33279.15,5782.76,Credit Card
ORD08176,2024-11-05,CUST3846,Headphones,Electronics,East,4,2846.34,0.06,10702.24,1775.65,Cash
ORD08177,2024-03-30,CUST2227,Keyboard,Accessories,South,5,1618.91,0.09,7366.04,1716.15,Credit Card
ORD08178,2025-01-10,CUST2531,Keyboard,Accessories,West,4,1418.89,0.07,5278.26,450.23,Debit Card
ORD08179,2024-07-12,CUST7742,Printer,Office,North,1,11354.81,0.1,10219.33,1771.09,Credit Card
ORD08180,2025-08-05,CUST5252,Tablet,Electronics,North,5,22961.27,0.13,99881.52,5988.31,Net Banking
ORD08181,2024-12-02,CUST1386,Headphones,Electronics,South,3,2466.59,0.04,7103.77,555.32,Credit Card
ORD08182,2025-05-20,CUST4680,Webcam,Accessories,West,2,3466.72,0.1,6240.09,857.73,UPI
ORD08183,2024-04-17,CUST6329,Mouse,Accessories,East,2,778.58,0.1,1401.44,300.25,Debit Card
ORD08184,2025-08-29,CUST8275,Tablet,Electronics,East,5,20237.75,0.07,94105.53,18503.64,Credit Card
ORD08185,2025-05-25,CUST4797,Smartwatch,Electronics,East,3,6761.93,0.25,15214.34,3724.67,Cash
ORD08186,2024-11-16,CUST7291,Laptop,Electronics,East,2,65543.98,0.02,128466.2,7575.62,Net Banking
ORD08187,2025-04-20,CUST3767,Smartphone,Electronics,East,5,30252.25,0.16,127059.43,16043.85,UPI
ORD08188,2024-10-12,CUST6177,Tablet,Electronics,West,4,23727.46,0.04,91113.46,7449.27,Credit Card
ORD08189,2024-12-16,CUST3104,Smartphone,Electronics,South,1,28729.18,0.21,22696.05,1302.58,Credit Card
ORD08190,2024-09-01,CUST9262,Tablet,Electronics,West,3,23430.87,0.23,54125.3,5568.38,UPI
ORD08191,2025-08-09,CUST9688,Printer,Office,South,2,10234.28,0.1,18421.7,1821.8,UPI
ORD08192,2024-12-27,CUST8201,Smartphone,Electronics,South,1,34156.61,0.21,26983.72,3615.97,Credit Card
ORD08193,2024-12-01,CUST2507,Tablet,Electronics,West,5,21242.88,0.06,99841.54,7789.26,Cash
ORD08194,2025-10-10,CUST6472,Keyboard,Accessories,North,2,1680.55,0.04,3226.65,476.62,Cash
ORD08195,2024-08-09,CUST3752,Smartphone,Electronics,West,1,32885.78,0.08,30254.92,7080.25,Cash
ORD08196,2025-12-16,CUST2903,Tablet,Electronics,North,4,22908.58,0.09,83387.25,16647.25,Credit Card
ORD08197,2025-03-13,CUST4992,Mouse,Accessories,South,3,837.08,0.1,2260.13,493.69,Debit Card
ORD08198,2025-07-26,CUST9620,Laptop,Electronics,West,5,56900.67,0.09,258898.07,54613.44,Credit Card
ORD08199,2025-03-23,CUST5237,Mouse,Accessories,South,2,908.05,0.1,1634.5,209.09,Debit Card
ORD08200,2024-09-18,CUST3301,Headphones,Electronics,North,4,2205.2,0.18,7233.06,1387.25,Cash
ORD08201,2024-10-27,CUST5871,Tablet,Electronics,South,3,22417.34,0.06,63216.9,12697.19,Credit Card
ORD08202,2025-07-30,CUST6775,Monitor,Electronics,West,3,11388.25,0.0,34164.76,3113.42,Cash
ORD08203,2025-07-02,CUST4834,Smartwatch,Electronics,North,4,6852.69,0.12,24121.47,5356.23,Credit Card
ORD08204,2024-08-21,CUST4684,Mouse,Accessories,North,2,826.44,0.11,1471.07,208.23,Cash
ORD08205,2024-07-19,CUST5446,Smartphone,Electronics,South,3,33679.66,0.02,99018.21,5274.89,UPI
ORD08206,2025-02-04,CUST5486,Printer,Office,South,5,9872.7,0.03,47882.6,8555.51,Credit Card
ORD08207,2025-09-05,CUST3435,Smartwatch,Electronics,North,1,8024.23,0.13,6981.08,1293.96,Debit Card
ORD08208,2024-04-19,CUST2481,Monitor,Electronics,South,5,12334.12,0.06,57970.38,9295.69,Cash
ORD08209,2025-07-15,CUST3801,Webcam,Accessories,East,3,3143.58,0.22,7355.98,680.3,Net Banking
ORD08210,2025-05-22,CUST8906,Tablet,Electronics,North,1,19954.06,0.04,19155.9,2805.49,Debit Card
ORD08211,2025-11-02,CUST3860,Printer,Office,North,4,10648.33,0.01,42167.4,5482.84,Net Banking
ORD08212,2024-07-29,CUST8454,Tablet,Electronics,East,1,19032.63,0.11,16939.04,4149.0,Cash
ORD08213,2025-05-13,CUST3485,Headphones,Electronics,West,1,2485.26,0.25,1863.94,400.63,Credit Card
ORD08214,2025-10-18,CUST6677,Monitor,Electronics,West,1,10733.59,0.16,9016.21,1824.7,Credit Card
ORD08215,2024-07-07,CUST8172,Tablet,Electronics,West,3,21559.24,0.09,58856.73,5074.32,Credit Card
ORD08216,2024-07-03,CUST4222,Smartphone,Electronics,West,2,32249.26,0.0,64498.51,7495.24,Net Banking
ORD08217,2024-11-08,CUST5409,Headphones,Electronics,East,3,2469.11,0.12,6518.45,820.95,Cash
ORD08218,2025-03-29,CUST1859,Keyboard,Accessories,East,2,1348.55,0.05,2562.25,380.56,UPI
ORD08219,2024-09-05,CUST5254,Webcam,Accessories,South,4,3239.52,0.16,10884.79,610.04,Credit Card
ORD08220,2025-11-03,CUST2000,Monitor,Electronics,East,4,11523.14,0.15,39178.68,6605.6,Cash
ORD08221,2025-10-20,CUST3202,Laptop,Electronics,East,4,56606.44,0.07,210575.97,25600.0,UPI
ORD08222,2025-11-05,CUST9585,Printer,Office,West,4,10253.01,0.02,40191.81,6524.55,UPI
ORD08223,2025-11-19,CUST4143,Mouse,Accessories,West,4,825.81,0.19,2675.62,138.59,Cash
ORD08224,2024-08-17,CUST1648,Tablet,Electronics,South,5,19110.2,0.15,81218.36,9282.17,Credit Card
ORD08225,2025-11-06,CUST8818,Printer,Office,East,3,9706.93,0.21,23005.43,4686.97,Credit Card
ORD08226,2024-08-11,CUST1857,Printer,Office,North,2,9742.0,0.06,18314.96,2751.21,Debit Card
ORD08227,2024-02-23,CUST2585,Laptop,Electronics,West,4,61759.48,0.16,207511.86,43116.29,Cash
ORD08228,2024-02-05,CUST7244,Laptop,Electronics,West,5,66125.92,0.03,320710.74,60868.36,UPI
ORD08229,2025-07-18,CUST7721,Headphones,Electronics,East,5,2384.47,0.07,11087.78,2450.22,Net Banking
ORD08230,2025-11-30,CUST2682,Monitor,Electronics,East,5,11699.07,0.16,49136.11,2529.96,Net Banking
ORD08231,2025-04-26,CUST2265,Smartphone,Electronics,South,3,32677.71,0.21,77446.18,7920.04,Credit Card
ORD08232,2025-08-08,CUST6763,Webcam,Accessories,South,4,3145.21,0.08,11574.39,1849.13,Debit Card
ORD08233,2024-10-26,CUST6424,Laptop,Electronics,East,5,67322.74,0.2,269290.95,64146.08,Net Banking
ORD08234,2024-10-15,CUST7838,Laptop,Electronics,East,5,65109.09,0.17,270202.73,50246.37,Credit Card
ORD08235,2025-03-03,CUST8693,Mouse,Accessories,North,4,753.22,0.09,2741.71,387.45,Debit Card
ORD08236,2024-11-06,CUST2739,Keyboard,Accessories,South,3,1602.39,0.22,3749.59,285.08,Net Banking
ORD08237,2025-04-02,CUST1148,Laptop,Electronics,North,5,65998.17,0.13,287092.05,42674.24,UPI
ORD08238,2025-07-09,CUST3686,Keyboard,Accessories,North,2,1489.81,0.16,2502.89,345.94,Net Banking
ORD08239,2024-02-20,CUST1931,Headphones,Electronics,East,1,2625.75,0.12,2310.66,475.28,Net Banking
ORD08240,2025-05-23,CUST3023,Smartphone,Electronics,East,1,32720.61,0.11,29121.35,3863.52,Net Banking
ORD08241,2024-04-08,CUST2342,Printer,Office,East,1,11418.01,0.21,9020.23,1026.21,Net Banking
ORD08242,2024-12-07,CUST1297,Laptop,Electronics,North,3,67522.33,0.07,188387.31,12799.78,Credit Card
ORD08243,2025-07-16,CUST7064,Tablet,Electronics,North,5,24471.3,0.01,121132.95,7183.21,Cash
ORD08244,2025-10-08,CUST7214,Keyboard,Accessories,South,1,1275.49,0.22,994.88,137.12,UPI
ORD08245,2025-12-25,CUST5692,Mouse,Accessories,South,1,807.26,0.21,637.73,76.13,Cash
ORD08246,2025-01-19,CUST7793,Webcam,Accessories,West,4,3200.38,0.09,11649.38,1876.31,Credit Card
ORD08247,2025-10-14,CUST9468,Mouse,Accessories,South,5,702.61,0.05,3337.38,642.06,Net Banking
ORD08248,2025-04-01,CUST6071,Laptop,Electronics,West,5,65623.43,0.17,272337.25,15795.93,Debit Card
ORD08249,2024-10-30,CUST7220,Monitor,Electronics,South,4,12888.58,0.02,50523.22,7540.26,Debit Card
ORD08250,2025-09-17,CUST7961,Printer,Office,West,5,9736.82,0.11,43328.84,9636.09,Cash
ORD08251,2025-11-17,CUST1228,Smartphone,Electronics,South,2,31530.97,0.02,61800.7,8715.96,Debit Card
ORD08252,2025-07-12,CUST9158,Tablet,Electronics,South,3,21932.15,0.15,55926.98,8626.65,Cash
ORD08253,2024-09-22,CUST2734,Monitor,Electronics,North,4,11773.51,0.01,46623.1,6870.3,UPI
ORD08254,2024-01-26,CUST7139,Mouse,Accessories,East,1,749.66,0.16,629.72,80.58,Debit Card
ORD08255,2024-02-19,CUST8415,Keyboard,Accessories,South,5,1447.17,0.17,6005.74,432.56,Net Banking
ORD08256,2025-10-02,CUST2384,Keyboard,Accessories,North,2,1432.41,0.12,2521.04,189.76,Credit Card
ORD08257,2024-12-30,CUST8709,Monitor,Electronics,North,2,12526.27,0.04,24050.45,2063.96,UPI
ORD08258,2024-05-24,CUST6917,Keyboard,Accessories,East,3,1327.21,0.03,3862.18,805.31,Debit Card
ORD08259,2024-05-24,CUST8111,Mouse,Accessories,South,2,702.23,0.08,1292.11,135.76,Debit Card
ORD08260,2024-06-15,CUST3121,Monitor,Electronics,West,5,12576.05,0.12,55334.61,13259.54,Cash
ORD08261,2024-02-12,CUST1582,Mouse,Accessories,West,5,811.11,0.16,3406.67,722.33,UPI
ORD08262,2025-07-06,CUST4396,Tablet,Electronics,East,2,21539.32,0.0,43078.64,8051.75,Credit Card
ORD08263,2024-01-15,CUST8529,Printer,Office,East,5,8957.33,0.18,36725.05,7127.55,Credit Card
ORD08264,2024-05-08,CUST8917,Webcam,Accessories,East,5,3406.58,0.18,13966.97,831.4,Cash
ORD08265,2024-02-27,CUST3775,Tablet,Electronics,South,1,23912.23,0.11,21281.88,3483.37,Cash
ORD08266,2024-02-23,CUST8784,Tablet,Electronics,South,4,24571.5,0.09,89440.26,21305.69,Cash
ORD08267,2024-08-11,CUST3477,Keyboard,Accessories,South,5,1591.16,0.21,6285.08,363.42,Debit Card
ORD08268,2025-12-15,CUST7690,Laptop,Electronics,North,5,56418.29,0.2,225673.15,24418.58,UPI
ORD08269,2024-05-12,CUST7172,Smartwatch,Electronics,West,3,7357.86,0.25,16555.19,998.32,Credit Card
ORD08270,2025-07-27,CUST2379,Keyboard,Accessories,North,4,1383.44,0.09,5035.73,825.6,Net Banking
ORD08271,2024-08-30,CUST8798,Laptop,Electronics,North,4,61397.4,0.23,189103.99,13850.0,Credit Card
ORD08272,2024-07-28,CUST4105,Mouse,Accessories,South,4,727.01,0.02,2849.88,415.65,UPI
ORD08273,2024-08-29,CUST7023,Smartwatch,Electronics,East,2,7579.09,0.1,13642.36,2646.48,Cash
ORD08274,2025-01-17,CUST5033,Keyboard,Accessories,East,1,1566.87,0.12,1378.85,114.29,Debit Card
ORD08275,2024-07-28,CUST5957,Smartwatch,Electronics,North,1,7234.85,0.11,6439.02,1294.71,Credit Card
ORD08276,2024-08-02,CUST8508,Smartwatch,Electronics,East,3,7352.74,0.16,18528.91,1149.55,Net Banking
ORD08277,2024-08-31,CUST8880,Headphones,Electronics,North,4,2302.58,0.04,8841.9,706.69,Debit Card
ORD08278,2024-03-11,CUST9641,Printer,Office,East,4,9833.93,0.22,30681.87,3252.96,Credit Card
ORD08279,2024-03-30,CUST4061,Headphones,Electronics,South,5,2599.94,0.14,11179.74,2339.02,UPI
ORD08280,2025-03-24,CUST9816,Laptop,Electronics,North,2,67663.58,0.23,104201.92,22927.27,Credit Card
ORD08281,2024-06-04,CUST8776,Smartphone,Electronics,West,2,32626.67,0.0,65253.33,6138.77,Net Banking
ORD08282,2025-01-12,CUST8173,Monitor,Electronics,North,3,11233.57,0.16,28308.61,1957.73,Debit Card
ORD08283,2024-03-24,CUST5431,Webcam,Accessories,East,1,3783.85,0.1,3405.47,747.81,Credit Card
ORD08284,2025-02-28,CUST8844,Smartphone,Electronics,South,4,29461.66,0.13,102526.58,18441.81,Net Banking
ORD08285,2025-10-24,CUST1392,Monitor,Electronics,South,3,12612.62,0.19,30648.67,2500.05,Credit Card
ORD08286,2025-11-02,CUST3015,Laptop,Electronics,West,2,64136.53,,120576.67,19478.36,Credit Card
ORD08287,2025-04-30,CUST6694,Laptop,Electronics,South,2,73747.9,0.05,140121.01,31453.56,Cash
ORD08288,2024-03-22,CUST8406,Mouse,Accessories,South,2,723.03,0.18,1185.77,75.77,Net Banking
ORD08289,2024-07-04,CUST4321,Webcam,Accessories,North,4,3683.76,0.13,12819.47,855.63,Credit Card
ORD08290,2024-03-29,CUST8864,Printer,Office,South,4,10229.61,0.06,38463.31,4027.94,Debit Card
ORD08291,2024-06-08,CUST1246,Smartwatch,Electronics,East,4,6312.74,0.12,22220.83,4009.8,UPI
ORD08292,2025-01-04,CUST3599,Headphones,Electronics,West,5,2174.5,0.11,9676.55,828.33,Cash
ORD08293,2025-07-15,CUST5060,Headphones,Electronics,West,1,2724.36,0.17,2261.22,482.26,Cash
ORD08294,2024-06-27,CUST7207,Laptop,Electronics,North,2,58320.3,0.0,116640.6,23338.16,Cash
ORD08295,2024-07-23,CUST3782,Headphones,Electronics,East,2,2264.88,0.15,3850.3,624.52,UPI
ORD08296,2025-06-14,CUST2834,Laptop,Electronics,South,5,74329.47,0.15,315900.24,23128.17,Net Banking
ORD08297,2025-05-29,CUST6244,Smartwatch,Electronics,North,2,7456.25,0.19,12079.12,2991.32,Debit Card
ORD08298,2024-04-25,CUST4107,Laptop,Electronics,East,2,60134.49,0.22,93809.81,13884.48,UPI
ORD08299,2024-12-12,CUST5203,Mouse,Accessories,South,4,821.83,0.11,2925.71,410.81,Debit Card
ORD08300,2025-02-04,CUST3233,Printer,Office,North,4,10102.34,0.09,36772.5,9160.54,Debit Card
ORD08301,2024-10-25,CUST9210,Tablet,Electronics,West,1,24273.52,0.03,23545.32,5245.28,Cash
ORD08302,2025-10-30,CUST3959,Keyboard,Accessories,South,2,1603.19,0.08,2949.88,416.74,Credit Card
ORD08303,2025-05-24,CUST4817,Printer,Office,West,3,10995.16,0.02,32325.78,4323.92,Debit Card
ORD08304,2024-04-17,CUST3141,Printer,Office,South,2,9134.52,0.2,14615.23,1011.11,Debit Card
ORD08305,2024-02-21,CUST4814,Smartphone,Electronics,South,2,31261.97,0.2,50019.16,11769.63,Debit Card
ORD08306,2024-12-18,CUST9319,Webcam,Accessories,West,1,3017.25,0.1,2715.53,594.04,Debit Card
ORD08307,2025-06-23,CUST9181,Webcam,Accessories,South,3,3047.39,0.06,8593.63,962.49,Cash
ORD08308,2024-07-30,CUST8983,Monitor,Electronics,East,2,12768.7,0.03,24771.27,4970.71,Debit Card
ORD08309,2024-04-18,CUST7525,Keyboard,Accessories,South,3,1285.99,0.21,3047.79,617.32,Credit Card
ORD08310,2025-01-04,CUST6890,Smartwatch,Electronics,North,4,7167.51,0.22,22362.62,2137.47,Net Banking
ORD08311,2025-06-12,CUST2883,Tablet,Electronics,East,4,24246.67,0.07,90197.63,15579.93,Net Banking
ORD08312,2024-08-27,CUST8409,Tablet,Electronics,South,3,21207.62,0.16,53443.19,5398.07,Debit Card
ORD08313,2025-12-24,CUST9170,Webcam,Accessories,North,2,3022.08,0.06,5681.52,1181.63,Cash
ORD08314,2025-02-05,CUST4698,Printer,Office,North,3,10641.54,0.06,30009.15,2423.6,Credit Card
ORD08315,2024-06-28,CUST5065,Mouse,Accessories,East,3,903.12,0.01,2682.28,492.95,Credit Card
ORD08316,2024-09-28,CUST3558,Monitor,Electronics,East,4,12781.82,0.14,43969.45,5065.38,Debit Card
ORD08317,2024-03-25,CUST1760,Laptop,Electronics,East,3,66529.72,0.04,191605.6,10966.82,Cash
ORD08318,2025-05-09,CUST9893,Monitor,Electronics,West,5,11028.1,0.0,55140.52,4121.25,Net Banking
ORD08319,2024-10-27,CUST7647,Smartphone,Electronics,West,5,25638.38,0.03,124346.15,22504.14,UPI
ORD08320,2025-02-24,CUST3303,Monitor,Electronics,East,4,12700.82,0.08,46739.02,4579.62,Debit Card
ORD08321,2024-07-28,CUST4726,Printer,Office,South,2,9193.08,0.17,15260.51,2689.01,Debit Card
ORD08322,2024-11-03,CUST5952,Smartwatch,Electronics,West,2,7752.14,0.05,14729.07,1958.44,Debit Card
ORD08323,2024-03-02,CUST9335,Printer,Office,East,4,9899.09,0.22,30885.17,5823.17,Cash
ORD08324,2024-01-05,CUST3739,Webcam,Accessories,East,2,3532.17,0.07,6569.83,976.21,UPI
ORD08325,2025-05-10,CUST9396,Smartwatch,Electronics,North,1,7533.27,0.08,6930.61,774.21,Cash
ORD08326,2024-04-16,CUST6921,Headphones,Electronics,West,5,2709.57,0.05,12870.47,1018.88,Debit Card
ORD08327,2025-06-06,CUST3174,Smartwatch,Electronics,East,1,7299.57,0.06,6861.59,811.18,UPI
ORD08328,2025-12-27,CUST8100,Monitor,Electronics,North,1,13578.35,0.02,13306.79,2355.02,Credit Card
ORD08329,2025-04-18,CUST8016,Monitor,Electronics,South,1,13736.27,0.07,12774.74,2530.61,Credit Card
ORD08330,2025-12-31,CUST8957,Monitor,Electronics,North,4,13608.79,0.21,43003.77,3529.23,UPI
ORD08331,2025-01-21,CUST3224,Headphones,Electronics,West,1,2743.13,0.17,2276.8,416.32,Debit Card
ORD08332,2024-06-27,CUST8918,Webcam,Accessories,West,3,3715.91,0.22,8695.22,746.54,Cash
ORD08333,2025-05-04,CUST9918,Laptop,Electronics,South,2,68184.85,0.03,132278.62,12482.32,Debit Card
ORD08334,2024-03-06,CUST4276,Keyboard,Accessories,North,4,1321.69,0.11,4705.21,735.25,UPI
ORD08335,2025-11-27,CUST9391,Webcam,Accessories,North,3,3260.06,0.06,9193.37,991.42,Debit Card
ORD08336,2025-06-12,CUST8336,Monitor,Electronics,East,3,10220.48,0.18,25142.37,4583.93,Debit Card
ORD08337,2025-01-21,CUST1433,Webcam,Accessories,North,5,3119.28,0.24,11853.27,2858.48,Credit Card
ORD08338,2025-01-21,CUST2287,Smartphone,Electronics,West,5,29453.07,0.2,117812.26,9398.88,Net Banking
ORD08339,2025-07-05,CUST2884,Tablet,Electronics,West,3,19667.14,0.01,58411.41,9585.44,Cash
ORD08340,2024-12-01,CUST5213,Tablet,Electronics,South,5,24650.98,0.08,113394.5,26609.14,Debit Card
ORD08341,2025-08-10,CUST5181,Keyboard,Accessories,West,2,1637.56,0.01,3242.38,276.59,Credit Card
ORD08342,2024-02-20,CUST5417,Keyboard,Accessories,North,2,1307.23,0.01,2588.31,319.32,Net Banking
ORD08343,2025-10-02,CUST7401,Laptop,Electronics,West,5,60103.82,0.02,294508.71,22006.68,Credit Card
ORD08344,2024-11-02,CUST7160,Smartphone,Electronics,East,1,32871.65,0.07,30570.63,5454.03,Debit Card
ORD08345,2024-09-16,CUST2756,Printer,Office,East,3,10909.14,0.08,30109.22,5534.94,Cash
ORD08346,2025-12-21,CUST5789,Webcam,Accessories,West,2,3967.72,0.1,7141.9,1305.8,Net Banking
ORD08347,2024-07-29,CUST6483,Smartwatch,Electronics,South,5,8044.85,0.1,36201.83,5735.29,Debit Card
ORD08348,2025-10-05,CUST7762,Smartwatch,Electronics,East,5,8000.17,0.19,32400.68,6455.91,UPI
ORD08349,2025-03-06,CUST8268,Printer,Office,West,2,9730.41,0.04,18682.39,1068.17,Debit Card
ORD08350,2025-08-18,CUST1768,Tablet,Electronics,West,2,20352.17,0.04,39076.16,9437.0,Credit Card
ORD08351,2024-02-18,CUST3895,Printer,Office,North,1,10775.23,0.16,9051.19,854.61,Debit Card
ORD08352,2025-03-16,CUST1394,Webcam,Accessories,South,5,3289.24,0.14,14143.72,1051.05,UPI
ORD08353,2024-09-02,CUST9981,Smartphone,Electronics,East,5,32757.6,0.04,157236.5,37458.01,UPI
ORD08354,2025-07-04,CUST1896,Monitor,Electronics,North,4,12122.24,0.21,38306.27,8277.5,Debit Card
ORD08355,2025-03-27,CUST7476,Headphones,Electronics,East,1,2720.45,0.08,2502.81,508.01,UPI
ORD08356,2024-05-24,CUST9557,Monitor,Electronics,West,2,11193.17,0.09,20371.56,1445.35,Credit Card
ORD08357,2025-10-16,CUST5912,Headphones,Electronics,East,2,2506.02,0.11,4460.72,943.47,UPI
ORD08358,2024-09-03,CUST6801,Smartwatch,Electronics,South,3,7134.45,0.08,19691.08,3383.02,UPI
ORD08359,2024-12-26,CUST9795,Keyboard,Accessories,South,2,1699.4,0.14,2922.97,574.02,Cash
ORD08360,2025-10-29,CUST8088,Webcam,Accessories,South,5,3254.93,0.1,14647.17,3597.55,Credit Card
ORD08361,2024-01-16,CUST8436,Monitor,Electronics,North,2,13572.08,0.06,25515.51,2268.03,UPI
ORD08362,2025-01-24,CUST8005,Printer,Office,East,5,10914.58,0.23,42021.12,6340.0,Debit Card
ORD08363,2024-12-13,CUST7371,Smartphone,Electronics,South,5,32078.05,0.08,147559.01,29610.72,UPI
ORD08364,2024-10-07,CUST4213,Smartphone,Electronics,North,1,32581.83,0.17,27042.92,3697.61,Net Banking
ORD08365,2025-07-04,CUST5791,Tablet,Electronics,North,2,22695.81,0.09,41306.37,2516.82,Net Banking
ORD08366,2024-05-24,CUST4286,Smartphone,Electronics,North,1,27696.72,0.11,24650.08,1781.9,Credit Card
ORD08367,2024-02-15,CUST6165,Smartphone,Electronics,East,5,27205.45,0.06,127865.64,21790.66,Net Banking
ORD08368,2025-04-07,CUST5110,Keyboard,Accessories,South,2,1664.85,0.19,2697.06,288.59,Net Banking
ORD08369,2025-01-04,CUST9327,Printer,Office,East,2,10675.42,0.18,17507.69,1358.04,UPI
ORD08370,2024-11-02,CUST2657,Smartwatch,Electronics,North,1,6397.73,0.01,6333.75,747.25,Credit Card
ORD08371,2025-02-05,CUST3743,Smartphone,Electronics,East,1,31035.84,0.02,30415.12,2743.33,Cash
ORD08372,2025-05-08,CUST6386,Smartwatch,Electronics,South,5,6889.85,0.23,26525.91,1453.3,UPI
ORD08373,2025-06-15,CUST4990,Keyboard,Accessories,West,5,1346.39,0.22,5250.94,421.98,Cash
ORD08374,2024-12-08,CUST4482,Smartphone,Electronics,North,2,30286.71,0.13,52698.88,11942.39,Debit Card
ORD08375,2024-05-12,CUST2822,Webcam,Accessories,East,2,3270.6,0.12,5756.25,301.67,Net Banking
ORD08376,2025-05-26,CUST4943,Tablet,Electronics,South,4,19335.21,0.2,61872.68,12669.67,UPI
ORD08377,2024-11-13,CUST2345,Monitor,Electronics,South,4,11881.05,0.03,46098.47,9251.61,Credit Card
ORD08378,2024-09-24,CUST1875,Webcam,Accessories,South,3,3594.61,0.16,9058.43,1475.14,Net Banking
ORD08379,2025-08-15,CUST3415,Mouse,Accessories,South,5,691.26,0.12,3041.53,278.88,Debit Card
ORD08380,2025-10-31,CUST9967,Laptop,Electronics,North,3,63090.81,0.19,153310.66,34588.7,Net Banking
ORD08381,2024-08-11,CUST4904,Smartphone,Electronics,North,3,27818.96,0.01,82622.3,11981.48,Net Banking
ORD08382,2024-01-02,CUST5504,Smartwatch,Electronics,West,1,6014.37,0.15,5112.21,432.7,Cash
ORD08383,2025-09-28,CUST1407,Laptop,Electronics,East,1,57700.42,0.14,49622.36,6738.94,Debit Card
ORD08384,2024-08-28,CUST4806,Headphones,Electronics,South,4,2229.28,0.21,7044.51,626.84,Credit Card
ORD08385,2024-04-26,CUST8794,Smartphone,Electronics,South,3,27145.87,0.17,67593.21,8462.78,Net Banking
ORD08386,2025-07-02,CUST7909,Mouse,Accessories,North,4,872.81,0.22,2723.17,406.67,Net Banking
ORD08387,2025-03-12,CUST1307,Keyboard,Accessories,West,5,1472.77,0.22,5743.81,700.63,Credit Card
ORD08388,2024-11-06,CUST5158,Tablet,Electronics,East,2,19670.77,0.1,35407.38,6423.21,Credit Card
ORD08389,2024-08-03,CUST9268,Mouse,Accessories,East,1,704.07,0.03,682.95,161.98,UPI
ORD08390,2025-07-14,CUST5046,Smartwatch,Electronics,North,5,6575.67,0.16,27617.83,3303.92,UPI
ORD08391,2024-08-04,CUST8967,Keyboard,Accessories,North,5,1634.11,0.22,6373.02,772.08,Net Banking
ORD08392,2025-07-24,CUST1364,Monitor,Electronics,North,1,11512.06,0.02,11281.81,2229.97,UPI
ORD08393,2025-07-25,CUST2959,Keyboard,Accessories,West,1,1346.95,0.14,1158.38,180.84,Net Banking
ORD08394,2024-12-10,CUST5135,Smartphone,Electronics,North,3,29137.05,0.03,84788.8,11511.6,Credit Card
ORD08395,2024-03-18,CUST9857,Laptop,Electronics,West,4,66078.58,0.01,261671.16,55673.58,UPI
ORD08396,2024-04-28,CUST4588,Laptop,Electronics,North,5,55826.89,0.17,231681.6,52871.41,Debit Card
ORD08397,2025-03-05,CUST9916,Smartwatch,Electronics,North,3,7268.05,0.17,18097.44,3042.49,Debit Card
ORD08398,2024-11-14,CUST4527,Keyboard,Accessories,West,3,1452.8,0.15,3704.63,322.38,Credit Card
ORD08399,2025-09-30,CUST9405,Mouse,Accessories,East,5,682.33,0.21,2695.22,386.11,Net Banking
ORD08400,2024-07-25,CUST3006,Smartwatch,Electronics,North,5,7365.17,0.02,36089.32,5444.95,Debit Card
ORD08401,2025-11-02,CUST9280,Tablet,Electronics,North,2,23401.76,0.03,45399.41,6194.36,UPI
ORD08402,2024-11-17,CUST2606,Smartwatch,Electronics,West,4,7270.56,0.22,22684.16,2324.82,Cash
ORD08403,2025-08-19,CUST6965,Smartwatch,Electronics,East,5,6668.05,0.13,29006.03,4190.34,Net Banking
ORD08404,2024-01-04,CUST5479,Monitor,Electronics,East,1,12106.58,0.07,11259.12,1568.5,UPI
ORD08405,2025-10-30,CUST2192,Webcam,Accessories,West,2,3381.52,0.18,5545.69,509.64,Net Banking
ORD08406,2024-06-25,CUST5530,Smartphone,Electronics,South,4,31805.6,0.22,99233.46,22891.78,UPI
ORD08407,2024-12-14,CUST8877,Monitor,Electronics,South,1,12300.89,0.17,10209.74,2318.31,Credit Card
ORD08408,2024-11-05,CUST3655,Laptop,Electronics,East,1,56845.08,0.2,45476.07,9182.68,Credit Card
ORD08409,2024-03-20,CUST1318,Laptop,Electronics,North,4,67790.32,0.07,252180.01,32831.14,Credit Card
ORD08410,2024-02-13,CUST4165,Headphones,Electronics,East,2,2640.43,0.07,4911.2,609.32,Credit Card
ORD08411,2025-04-27,CUST8537,Headphones,Electronics,North,1,2403.03,0.22,1874.36,362.3,UPI
ORD08412,2025-03-28,CUST6172,Mouse,Accessories,North,3,890.19,0.15,2269.98,389.58,Debit Card
ORD08413,2025-12-30,CUST5960,Laptop,Electronics,North,4,71688.78,0.06,269549.81,45855.72,UPI
ORD08414,2024-07-17,CUST2546,Webcam,Accessories,East,4,3158.92,0.13,10993.06,822.53,UPI
ORD08415,2025-11-22,CUST8689,Monitor,Electronics,North,5,13455.36,0.17,55839.74,9696.95,Cash
ORD08416,2024-07-26,CUST5828,Tablet,Electronics,East,2,21609.76,0.05,41058.54,9458.76,Cash
ORD08417,2024-07-12,CUST1987,Webcam,Accessories,North,3,3734.94,0.16,9412.04,632.14,UPI
ORD08418,2024-01-12,CUST9615,Headphones,Electronics,North,3,2735.57,0.01,8124.65,957.36,Credit Card
ORD08419,2025-12-17,CUST8414,Keyboard,Accessories,East,5,1502.3,0.08,6910.58,1049.05,Cash
ORD08420,2025-01-23,CUST7289,Webcam,Accessories,East,1,3394.06,0.17,2817.07,527.36,Cash
ORD08421,2024-05-05,CUST6201,Webcam,Accessories,West,1,3936.22,0.04,3778.77,256.68,UPI
ORD08422,2024-12-13,CUST6934,Webcam,Accessories,North,3,3217.4,0.06,9073.06,2037.46,Net Banking
ORD08423,2024-03-12,CUST1374,Webcam,Accessories,West,2,3244.82,0.22,5061.92,294.14,Cash
ORD08424,2025-03-15,CUST9238,Webcam,Accessories,North,1,3354.7,0.17,2784.4,616.85,Credit Card
ORD08425,2024-10-28,CUST1499,Headphones,Electronics,West,4,2769.6,0.12,9748.99,541.36,UPI
ORD08426,2025-08-06,CUST7650,Laptop,Electronics,West,5,73556.37,0.05,349392.76,28197.62,Net Banking
ORD08427,2024-12-14,CUST8758,Smartwatch,Electronics,South,2,6412.14,0.09,11670.1,2451.48,Debit Card
ORD08428,2024-04-30,CUST6243,Webcam,Accessories,East,1,3882.06,0.14,3338.57,741.27,Credit Card
ORD08429,2024-10-26,CUST3392,Webcam,Accessories,South,3,3246.11,0.04,9348.81,2304.04,Credit Card
ORD08430,2025-07-08,CUST5524,Smartphone,Electronics,West,5,34235.77,0.12,150637.39,11018.07,UPI
ORD08431,2024-07-26,CUST6550,Laptop,Electronics,South,1,66899.45,0.1,60209.51,9349.95,Debit Card
ORD08432,2025-04-18,CUST6151,Smartwatch,Electronics,South,3,5964.88,0.12,15747.29,1030.36,Credit Card
ORD08433,2024-08-01,CUST3033,Tablet,Electronics,East,1,18925.26,0.03,18357.5,1492.13,Credit Card
ORD08434,2024-11-30,CUST5882,Tablet,Electronics,West,5,19673.4,0.03,95415.98,8100.7,UPI
ORD08435,2024-03-17,CUST4863,Keyboard,Accessories,North,4,1359.41,0.24,4132.6,259.02,Credit Card
ORD08436,2024-05-29,CUST3990,Printer,Office,North,4,10802.86,0.24,32840.69,7507.25,Net Banking
ORD08437,2024-09-08,CUST9437,Monitor,Electronics,West,3,11001.96,0.11,29375.23,2211.11,Debit Card
ORD08438,2025-07-25,CUST4412,Smartphone,Electronics,East,4,34222.27,0.2,109511.28,19259.55,Cash
ORD08439,2024-07-31,CUST1303,Laptop,Electronics,South,5,67654.19,0.16,284147.58,49768.28,Cash
ORD08440,2025-07-28,CUST3024,Laptop,Electronics,East,3,68754.09,0.03,200074.41,17952.48,Debit Card
ORD08441,2025-05-12,CUST1449,Printer,Office,North,1,9153.45,0.07,8512.71,2125.47,Net Banking
ORD08442,2025-12-05,CUST1533,Keyboard,Accessories,East,2,1676.72,0.08,3085.16,368.6,UPI
ORD08443,2024-01-29,CUST3471,Mouse,Accessories,South,1,840.28,0.15,714.23,165.0,UPI
ORD08444,2025-05-27,CUST7181,Headphones,Electronics,East,5,2773.3,0.14,11925.21,2857.96,Cash
ORD08445,2024-03-13,CUST3578,Keyboard,Accessories,North,3,1705.42,0.23,3939.51,944.69,Credit Card
ORD08446,2024-07-24,CUST9082,Smartwatch,Electronics,North,1,6213.85,0.2,4971.08,997.04,Debit Card
ORD08447,2025-10-29,CUST3652,Keyboard,Accessories,West,3,1318.46,0.21,3124.76,314.85,Net Banking
ORD08448,2025-10-19,CUST5977,Printer,Office,West,4,10910.22,0.22,34039.9,2523.41,UPI
ORD08449,2024-02-21,CUST4758,Printer,Office,West,2,11098.38,0.2,17757.41,2911.81,Debit Card
ORD08450,2024-11-17,CUST4897,Monitor,Electronics,North,5,12301.54,0.08,56587.09,6904.07,Credit Card
ORD08451,2025-09-18,CUST1952,Smartphone,Electronics,South,1,28794.0,0.05,27354.3,5914.21,Cash
ORD08452,2024-08-13,CUST7358,Webcam,Accessories,North,2,3660.26,0.14,6295.65,1252.82,Credit Card
ORD08453,2025-08-22,CUST4575,Tablet,Electronics,North,5,20717.38,0.17,85977.14,9052.85,Net Banking
ORD08454,2024-03-02,CUST1913,Printer,Office,East,5,9215.16,0.1,41468.21,2214.53,Cash
ORD08455,2024-01-19,CUST4037,Monitor,Electronics,West,4,11957.32,0.21,37785.14,3682.66,Credit Card
ORD08456,2025-12-10,CUST5055,Headphones,Electronics,East,3,2287.12,0.24,5214.62,852.19,Net Banking
ORD08457,2024-11-06,CUST4279,Tablet,Electronics,South,3,21892.44,0.14,56482.51,3716.52,Net Banking
ORD08458,2025-08-13,CUST6085,Mouse,Accessories,South,2,909.59,0.11,1619.06,294.11,Net Banking
ORD08459,2025-03-16,CUST8960,Laptop,Electronics,East,4,71625.79,0.21,226337.49,41722.89,Debit Card
ORD08460,2025-06-06,CUST4493,Headphones,Electronics,North,5,2831.22,0.01,14014.55,1175.52,Net Banking
ORD08461,2025-10-17,CUST3022,Mouse,Accessories,East,4,873.52,0.03,3389.25,573.68,UPI
ORD08462,2024-03-25,CUST6760,Tablet,Electronics,East,4,21041.36,0.21,66490.69,11396.12,Net Banking
ORD08463,2025-06-22,CUST6287,Headphones,Electronics,North,2,2734.03,0.18,4483.82,652.82,Credit Card
ORD08464,2024-01-03,CUST1950,Monitor,Electronics,West,3,13522.5,0.1,36510.74,8786.28,UPI
ORD08465,2024-08-30,CUST5064,Mouse,Accessories,West,4,907.29,0.22,2830.74,202.77,Cash
ORD08466,2025-02-08,CUST9779,Laptop,Electronics,West,4,68572.36,0.09,249603.38,32779.2,UPI
ORD08467,2024-02-12,CUST9874,Webcam,Accessories,East,4,3196.93,0.16,10741.7,2433.9,Credit Card
ORD08468,2025-12-10,CUST2327,Monitor,Electronics,East,1,10343.02,0.16,8688.14,1105.68,Cash
ORD08469,2025-08-23,CUST9485,Smartwatch,Electronics,North,4,6259.12,0.05,23784.66,3209.21,Credit Card
ORD08470,2024-08-20,CUST5349,Laptop,Electronics,West,4,74078.16,0.07,275570.77,50609.89,Credit Card
ORD08471,2025-05-22,CUST1912,Smartphone,Electronics,North,5,29658.87,0.23,114186.65,20909.03,Debit Card
ORD08472,2024-12-15,CUST9172,Keyboard,Accessories,South,1,1659.74,0.05,1576.76,86.06,Debit Card
ORD08473,2025-03-15,CUST8873,Smartphone,Electronics,South,4,29685.4,0.04,113991.93,16088.76,Credit Card
ORD08474,2025-07-04,CUST9861,Printer,Office,East,4,10482.45,0.12,36898.23,4306.11,Net Banking
ORD08475,2024-06-11,CUST2722,Webcam,Accessories,South,2,3000.35,0.02,5880.68,1032.29,Debit Card
ORD08476,2024-10-25,CUST8299,Smartwatch,Electronics,North,2,6474.72,0.22,10100.56,1627.61,Credit Card
ORD08477,2024-01-21,CUST5254,Smartwatch,Electronics,North,1,6866.17,0.03,6660.18,1199.98,UPI
ORD08478,2024-01-10,CUST6416,Keyboard,Accessories,South,5,1558.78,0.15,6624.83,1197.46,Credit Card
ORD08479,2024-02-14,CUST9577,Mouse,Accessories,North,1,721.17,0.08,663.47,66.99,Credit Card
ORD08480,2025-08-27,CUST6639,Keyboard,Accessories,North,1,1619.05,0.2,1295.24,128.61,Cash
ORD08481,2024-01-03,CUST6738,Printer,Office,East,2,9593.21,0.15,16308.46,2023.17,Debit Card
ORD08482,2024-02-12,CUST6159,Smartphone,Electronics,North,2,32856.92,0.1,59142.45,5819.13,Cash
ORD08483,2024-06-28,CUST7760,Smartwatch,Electronics,East,5,6155.74,0.25,23084.01,4306.59,Net Banking
ORD08484,2024-10-23,CUST7461,Smartphone,Electronics,North,4,31617.81,0.02,123941.81,21141.15,Credit Card
ORD08485,2025-01-11,CUST2350,Laptop,Electronics,East,5,60969.9,0.14,262170.58,24454.59,Debit Card
ORD08486,2024-04-16,CUST8766,Webcam,Accessories,South,4,3810.15,0.25,11430.46,2592.67,Debit Card
ORD08487,2025-12-17,CUST1173,Headphones,Electronics,East,3,2426.63,0.17,6042.3,858.81,Debit Card
ORD08488,2025-03-05,CUST9550,Printer,Office,North,2,10496.05,0.18,17213.52,1298.08,Credit Card
ORD08489,2025-09-27,CUST1942,Headphones,Electronics,West,3,2825.73,0.01,8392.41,777.08,Credit Card
ORD08490,2024-04-22,CUST5529,Printer,Office,West,3,8561.88,0.01,25428.78,4016.99,UPI
ORD08491,2025-01-11,CUST1428,Tablet,Electronics,East,2,18773.37,0.01,37171.27,4374.49,Cash
ORD08492,2024-02-16,CUST2944,Webcam,Accessories,East,3,3783.79,0.25,8513.53,1875.06,Cash
ORD08493,2025-10-29,CUST3355,Laptop,Electronics,East,1,67854.66,0.24,51569.55,7681.13,Credit Card
ORD08494,2024-10-10,CUST5373,Webcam,Accessories,South,4,3282.63,0.08,12080.07,2815.37,Net Banking
ORD08495,2024-11-26,CUST4228,Mouse,Accessories,North,5,798.66,0.07,3713.75,261.32,Debit Card
ORD08496,2024-08-23,CUST8895,Printer,Office,East,2,8625.81,0.04,16561.55,3042.67,Credit Card
ORD08497,2025-10-12,CUST5263,Headphones,Electronics,West,1,2269.33,0.08,2087.79,474.26,Credit Card
ORD08498,2024-10-11,CUST6555,Printer,Office,South,5,9773.49,0.09,44469.38,4828.76,Credit Card
ORD08499,2025-03-15,CUST7513,Mouse,Accessories,West,5,880.17,0.19,3564.69,274.97,Debit Card
ORD08500,2024-09-05,CUST5043,Printer,Office,East,5,9939.0,0.22,38762.11,5478.21,Debit Card
ORD08501,2025-12-16,CUST8679,Webcam,Accessories,East,3,3590.68,0.19,8725.35,2113.86,Credit Card
ORD08502,2025-12-12,CUST7522,Monitor,Electronics,North,3,13345.51,0.16,33630.69,5942.29,UPI
ORD08503,2024-02-26,CUST1568,Printer,Office,South,3,9426.46,0.19,22906.29,4095.54,Cash
ORD08504,2025-03-12,CUST9029,Tablet,Electronics,East,3,23324.62,0.18,57378.55,10574.88,UPI
ORD08505,2024-03-14,CUST7242,Tablet,Electronics,North,1,24387.0,0.12,21460.56,1243.69,UPI
ORD08506,2024-04-28,CUST3210,Smartwatch,Electronics,East,3,6375.49,0.08,17596.36,2448.18,Credit Card
ORD08507,2025-07-24,CUST9025,Tablet,Electronics,West,2,21052.76,0.07,39158.13,2565.42,Debit Card
ORD08508,2024-10-17,CUST6394,Printer,Office,North,5,11439.43,0.17,47473.64,5372.68,Cash
ORD08509,2024-11-28,CUST8124,Printer,Office,South,1,11449.66,0.24,8701.74,1864.95,UPI
ORD08510,2024-02-27,CUST1343,Monitor,Electronics,West,3,11003.63,0.15,28059.25,5085.85,Net Banking
ORD08511,2025-05-14,CUST3583,Tablet,Electronics,West,5,19138.54,0.23,73683.39,18355.6,Debit Card
ORD08512,2025-12-31,CUST7751,Smartphone,Electronics,South,1,27938.29,0.0,27938.29,2358.85,Debit Card
ORD08513,2024-09-14,CUST4192,Printer,Office,South,5,9693.2,0.2,38772.78,5017.62,Cash
ORD08514,2025-04-26,CUST1153,Laptop,Electronics,West,1,63849.61,0.21,50441.19,10689.9,Cash
ORD08515,2025-04-13,CUST8249,Laptop,Electronics,East,4,67316.72,0.16,226184.19,21066.42,Cash
ORD08516,2024-11-21,CUST8444,Headphones,Electronics,South,1,2799.63,0.23,2155.71,174.06,Credit Card
ORD08517,2024-03-03,CUST5221,Monitor,Electronics,South,3,11389.25,0.15,29042.59,3935.93,Debit Card
ORD08518,2024-06-28,CUST6403,Mouse,Accessories,North,5,884.0,0.06,4154.78,526.6,Credit Card
ORD08519,2024-08-18,CUST8803,Smartphone,Electronics,South,5,26341.31,0.05,125121.22,30784.97,Credit Card
ORD08520,2024-06-12,CUST2870,Printer,Office,North,5,8625.62,0.14,37090.18,5239.0,Credit Card
ORD08521,2024-12-25,CUST8958,Webcam,Accessories,South,2,3504.25,0.23,5396.54,1199.05,Debit Card
ORD08522,2024-07-28,CUST4252,Keyboard,Accessories,East,2,1301.85,0.02,2551.62,580.73,Net Banking
ORD08523,2025-03-21,CUST6940,Keyboard,Accessories,East,3,1451.62,0.15,3701.63,301.96,UPI
ORD08524,2025-07-08,CUST4547,Mouse,Accessories,South,4,895.23,0.19,2900.53,559.98,Debit Card
ORD08525,2025-02-26,CUST4907,Smartwatch,Electronics,North,2,6457.11,0.03,12526.8,1321.85,Debit Card
ORD08526,2024-05-12,CUST8006,Webcam,Accessories,East,1,3716.27,0.03,3604.79,248.54,Cash
ORD08527,2025-12-30,CUST8804,Keyboard,Accessories,East,3,1411.06,0.09,3852.21,866.52,UPI
ORD08528,2024-07-21,CUST2475,Mouse,Accessories,West,4,690.78,0.07,2569.7,278.78,Cash
ORD08529,2025-11-20,CUST5001,Keyboard,Accessories,West,1,1525.51,0.05,1449.24,172.56,Net Banking
ORD08530,2025-04-11,CUST4934,Monitor,Electronics,East,5,13205.47,0.05,62725.99,7200.81,Credit Card
ORD08531,2025-07-17,CUST5990,Headphones,Electronics,West,2,2432.1,0.03,4718.28,424.92,Cash
ORD08532,2025-03-28,CUST5785,Smartwatch,Electronics,North,1,7246.32,0.15,6159.37,843.22,Net Banking
ORD08533,2025-08-05,CUST4863,Monitor,Electronics,South,4,13440.08,0.17,44621.08,6053.23,UPI
ORD08534,2024-01-03,CUST3520,Webcam,Accessories,East,3,3804.18,0.18,9358.28,1232.96,Credit Card
ORD08535,2024-03-29,CUST5100,Mouse,Accessories,East,1,726.53,0.13,632.08,147.44,Net Banking
ORD08536,2024-02-20,CUST8733,Smartphone,Electronics,West,3,32100.46,0.24,73189.04,8632.67,Cash
ORD08537,2025-03-28,CUST1777,Webcam,Accessories,East,5,3501.99,0.22,13657.75,765.87,Net Banking
ORD08538,2025-11-02,CUST9412,Webcam,Accessories,East,4,3758.27,0.24,11425.13,978.99,Net Banking
ORD08539,2025-04-24,CUST2541,Tablet,Electronics,East,4,21963.8,0.1,79069.69,15363.19,Credit Card
ORD08540,2024-05-12,CUST6647,Smartphone,Electronics,East,2,26651.62,0.22,41576.53,6992.0,Debit Card
ORD08541,2024-09-03,CUST8739,Laptop,Electronics,South,4,66363.23,0.19,215016.88,51678.65,Net Banking
ORD08542,2025-11-13,CUST7055,Tablet,Electronics,West,1,21948.08,0.08,20192.24,3814.05,Credit Card
ORD08543,2025-12-23,CUST7643,Mouse,Accessories,West,1,804.3,0.03,780.17,69.32,Credit Card
ORD08544,2025-01-30,CUST7850,Laptop,Electronics,East,1,72388.6,0.17,60082.54,4453.85,UPI
ORD08545,2024-06-07,CUST4520,Keyboard,Accessories,East,5,1677.68,0.03,8136.73,1254.29,UPI
ORD08546,2025-04-09,CUST7388,Keyboard,Accessories,East,4,1479.09,0.07,5502.22,1007.2,Debit Card
ORD08547,2024-05-29,CUST9453,Webcam,Accessories,South,4,3453.52,0.13,12018.24,999.04,Cash
ORD08548,2025-07-24,CUST5638,Tablet,Electronics,North,1,22100.23,0.17,18343.19,3124.55,Net Banking
ORD08549,2024-11-03,CUST4422,Printer,Office,North,2,10058.77,0.23,15490.5,3454.47,Net Banking
ORD08550,2025-07-12,CUST3081,Smartphone,Electronics,East,2,34053.48,0.15,57890.92,11318.47,Credit Card
ORD08551,2025-05-12,CUST1487,Laptop,Electronics,South,4,67913.31,0.17,225472.19,41224.93,Credit Card
ORD08552,2024-10-31,CUST4420,Smartphone,Electronics,South,4,27997.11,0.08,103029.38,21416.33,Credit Card
ORD08553,2024-11-07,CUST8613,Tablet,Electronics,West,3,22208.14,0.17,55298.28,3916.03,UPI
ORD08554,2025-06-26,CUST7613,Webcam,Accessories,North,4,3633.58,0.11,12935.56,1174.11,Credit Card
ORD08555,2024-09-03,CUST7437,Monitor,Electronics,North,1,12503.18,0.21,9877.51,569.14,Debit Card
ORD08556,2025-11-29,CUST5983,Keyboard,Accessories,South,5,1538.36,0.1,6922.64,546.86,Credit Card
ORD08557,2024-08-22,CUST2782,Laptop,Electronics,East,4,58715.86,0.12,206679.81,48081.26,Cash
ORD08558,2024-11-27,CUST8555,Laptop,Electronics,West,4,55905.07,0.11,199022.04,18793.45,Credit Card
ORD08559,2024-06-19,CUST1276,Mouse,Accessories,South,1,761.08,0.2,608.87,111.07,Net Banking
ORD08560,2025-04-19,CUST9689,Laptop,Electronics,West,3,63586.68,0.24,144977.63,27301.24,Net Banking
ORD08561,2025-08-15,CUST6362,Tablet,Electronics,North,4,19107.91,0.08,70317.1,12591.34,Credit Card
ORD08562,2024-12-30,CUST9038,Laptop,Electronics,South,2,71141.86,0.12,125209.68,20131.74,Net Banking
ORD08563,2024-01-05,CUST4928,Laptop,Electronics,West,2,61959.51,0.18,101613.6,14960.17,Credit Card
ORD08564,2025-05-30,CUST5454,Smartphone,Electronics,East,2,33722.69,0.22,52607.4,7048.56,Credit Card
ORD08565,2025-05-01,CUST3839,Webcam,Accessories,West,5,3137.13,0.12,13803.37,3221.43,UPI
ORD08566,2025-10-16,CUST1277,Headphones,Electronics,West,5,2167.7,0.03,10513.35,545.67,UPI
ORD08567,2025-03-08,CUST5266,Laptop,Electronics,East,4,64655.16,0.09,235344.8,14284.94,Net Banking
ORD08568,2024-11-07,CUST2519,Printer,Office,North,4,9067.39,0.14,31191.81,4632.06,Net Banking
ORD08569,2025-05-15,CUST7832,Webcam,Accessories,South,4,3959.27,0.1,14253.37,1654.84,Debit Card
ORD08570,2025-10-09,CUST5471,Smartwatch,Electronics,South,5,5971.64,0.05,28365.28,3734.18,Debit Card
ORD08571,2024-09-11,CUST6137,Mouse,Accessories,East,4,779.03,0.01,3084.95,769.91,Credit Card
ORD08572,2025-12-24,CUST7443,Smartphone,Electronics,South,1,33840.73,0.17,28087.81,5758.76,Debit Card
ORD08573,2024-10-06,CUST5204,Mouse,Accessories,East,3,772.26,0.25,1737.59,391.79,Cash
ORD08574,2024-11-06,CUST2465,Monitor,Electronics,East,2,10535.19,0.23,16224.2,2007.18,UPI
ORD08575,2025-11-24,CUST2079,Laptop,Electronics,South,2,61156.45,0.17,101519.71,9940.01,Net Banking
ORD08576,2024-07-27,CUST3494,Keyboard,Accessories,West,1,1499.1,0.21,1184.29,241.12,Debit Card
ORD08577,2024-11-20,CUST7635,Printer,Office,North,4,9055.46,0.06,34048.51,7201.78,Cash
ORD08578,2025-12-18,CUST9323,Smartphone,Electronics,South,5,29699.06,0.16,124736.03,19955.23,Debit Card
ORD08579,2025-05-05,CUST1249,Mouse,Accessories,South,4,880.72,0.02,3452.43,791.26,Net Banking
ORD08580,2024-06-07,CUST2065,Laptop,Electronics,North,4,72266.05,0.18,237032.65,57709.17,Debit Card
ORD08581,2025-06-15,CUST1996,Keyboard,Accessories,South,2,1297.17,0.24,1971.69,284.33,UPI
ORD08582,2025-04-05,CUST1230,Keyboard,Accessories,East,2,1347.41,0.22,2101.95,198.7,Debit Card
ORD08583,2024-02-23,CUST1403,Monitor,Electronics,West,5,11191.04,0.13,48681.04,7468.77,Cash
ORD08584,2025-01-27,CUST5076,Webcam,Accessories,South,2,3599.61,0.2,5759.37,1427.79,Debit Card
ORD08585,2024-08-31,CUST4963,Printer,Office,East,4,9582.98,0.24,29132.27,3163.34,Net Banking
ORD08586,2025-11-04,CUST4452,Headphones,Electronics,North,1,2758.03,0.05,2620.13,454.64,Debit Card
ORD08587,2025-12-16,CUST9046,Printer,Office,South,5,10650.02,0.2,42600.06,8042.75,Cash
ORD08588,2024-12-01,CUST8956,Monitor,Electronics,South,1,10561.64,0.07,9822.33,911.37,Debit Card
ORD08589,2024-07-11,CUST5222,Tablet,Electronics,North,4,22822.08,0.22,71204.89,11940.48,Credit Card
ORD08590,2024-05-23,CUST6764,Webcam,Accessories,North,5,3093.66,0.02,15158.95,1711.47,Net Banking
ORD08591,2024-07-30,CUST9431,Smartphone,Electronics,West,1,27795.32,0.04,26683.51,5892.84,Credit Card
ORD08592,2024-10-17,CUST8717,Webcam,Accessories,East,5,3161.76,0.18,12963.23,2501.27,Credit Card
ORD08593,2025-09-08,CUST7713,Monitor,Electronics,North,4,10823.02,0.04,41560.41,8946.01,Net Banking
ORD08594,2025-05-13,CUST9879,Monitor,Electronics,East,5,12419.02,0.04,59611.31,5361.23,Net Banking
ORD08595,2024-05-10,CUST9554,Smartphone,Electronics,North,4,30572.44,0.14,105169.21,5985.7,Cash
ORD08596,2024-10-03,CUST5269,Smartphone,Electronics,East,5,27084.25,0.21,106982.8,23547.46,Cash
ORD08597,2025-01-25,CUST5950,Smartphone,Electronics,North,5,34411.56,0.07,160013.73,20377.88,Cash
ORD08598,2024-11-29,CUST3304,Webcam,Accessories,East,2,3417.93,0.21,5400.33,464.13,Credit Card
ORD08599,2024-10-04,CUST3147,Laptop,Electronics,East,4,57142.85,0.2,182857.13,12503.6,Debit Card
ORD08600,2024-05-21,CUST3534,Mouse,Accessories,South,3,708.94,0.14,1829.06,280.39,UPI
ORD08601,2024-03-07,CUST3592,Smartwatch,Electronics,East,5,7176.18,0.16,30139.94,2411.97,Debit Card
ORD08602,2025-01-23,CUST4437,Smartphone,Electronics,South,1,34311.62,0.01,33968.51,5548.36,UPI
ORD08603,2025-12-09,CUST6271,Mouse,Accessories,South,2,817.27,0.09,1487.43,290.73,UPI
ORD08604,2024-02-28,CUST3629,Smartwatch,Electronics,North,2,7942.99,0.07,14773.96,2319.68,UPI
ORD08605,2025-01-27,CUST7797,Webcam,Accessories,South,5,3441.34,0.04,16518.43,3811.46,UPI
ORD08606,2025-05-23,CUST9287,Mouse,Accessories,East,3,784.6,0.1,2118.43,171.83,Net Banking
ORD08607,2024-06-24,CUST9530,Smartphone,Electronics,West,2,30000.07,0.09,54600.12,8123.99,Cash
ORD08608,2024-04-11,CUST2107,Headphones,Electronics,West,4,2648.07,0.18,8685.67,717.77,Net Banking
ORD08609,2024-02-06,CUST8640,Monitor,Electronics,North,5,11523.42,0.15,48974.52,11028.1,Credit Card
ORD08610,2024-11-19,CUST5220,Mouse,Accessories,East,5,887.33,0.23,3416.23,807.76,Net Banking
ORD08611,2025-08-19,CUST3387,Keyboard,Accessories,South,3,1288.18,0.04,3709.95,482.29,Cash
ORD08612,2025-03-09,CUST1650,Keyboard,Accessories,South,4,1472.89,0.01,5832.66,648.3,Debit Card
ORD08613,2025-05-10,CUST6628,Mouse,Accessories,West,4,802.64,0.13,2793.18,295.7,Cash
ORD08614,2025-06-19,CUST7815,Smartphone,Electronics,South,3,30963.29,0.0,92889.87,20616.49,Debit Card
ORD08615,2025-12-11,CUST2436,Printer,Office,South,1,9328.22,0.2,7462.57,1391.68,Credit Card
ORD08616,2024-05-05,CUST4357,Smartphone,Electronics,East,4,29347.32,0.13,102128.67,23093.19,UPI
ORD08617,2024-10-31,CUST4157,Webcam,Accessories,West,1,3483.76,0.12,3065.71,225.34,Net Banking
ORD08618,2024-09-12,CUST5234,Smartphone,Electronics,East,1,31682.19,0.09,28830.79,4186.39,UPI
ORD08619,2025-01-26,CUST1703,Webcam,Accessories,North,5,3787.22,0.09,17231.86,3191.96,Credit Card
ORD08620,2025-08-09,CUST7053,Printer,Office,North,5,10713.48,0.11,47674.99,10937.51,Credit Card
ORD08621,2025-05-11,CUST2211,Headphones,Electronics,East,2,2381.19,0.0,4762.37,601.98,Debit Card
ORD08622,2025-09-13,CUST5998,Webcam,Accessories,East,5,4024.42,0.02,19719.67,2220.79,Debit Card
ORD08623,2025-04-01,CUST9131,Tablet,Electronics,West,4,24301.19,0.13,84568.14,19669.97,Credit Card
ORD08624,2024-01-06,CUST8459,Keyboard,Accessories,West,4,1392.01,0.04,5345.32,318.08,Cash
ORD08625,2025-07-05,CUST2061,Monitor,Electronics,South,1,10902.38,0.19,8830.93,1288.6,UPI
ORD08626,2025-12-17,CUST2059,Keyboard,Accessories,South,4,1416.31,0.07,5268.67,746.7,Net Banking
ORD08627,2024-12-30,CUST9306,Webcam,Accessories,North,5,3449.96,0.02,16904.81,1339.05,Credit Card
ORD08628,2025-10-18,CUST9705,Tablet,Electronics,North,5,24315.28,0.06,114281.8,14741.21,Net Banking
ORD08629,2024-11-02,CUST9502,Laptop,Electronics,North,5,70428.06,0.09,320447.69,62333.47,Credit Card
ORD08630,2024-01-02,CUST1844,Headphones,Electronics,West,3,2763.43,0.01,8207.4,1012.58,Debit Card
ORD08631,2024-06-06,CUST4259,Headphones,Electronics,West,4,2328.97,0.04,8943.24,1001.04,Debit Card
ORD08632,2024-08-15,CUST5120,Laptop,Electronics,East,2,66822.49,0.08,122953.39,25375.01,Credit Card
ORD08633,2024-07-17,CUST9973,Monitor,Electronics,North,4,11219.7,0.08,41288.48,10228.94,Net Banking
ORD08634,2025-02-03,CUST8407,Printer,Office,West,4,8827.07,0.2,28246.62,5815.15,UPI
ORD08635,2024-03-23,CUST6512,Smartwatch,Electronics,East,3,7386.82,0.21,17506.75,3838.68,Credit Card
ORD08636,2025-03-14,CUST1674,Tablet,Electronics,East,4,19643.78,0.05,74646.38,17758.38,Credit Card
ORD08637,2025-03-16,CUST5331,Webcam,Accessories,West,1,3676.08,0.03,3565.8,750.08,Cash
ORD08638,2025-04-06,CUST2485,Smartwatch,Electronics,North,5,7310.73,0.16,30705.05,7555.62,Credit Card
ORD08639,2024-02-14,CUST3116,Monitor,Electronics,East,5,13116.89,0.2,52467.58,10465.02,Debit Card
ORD08640,2025-03-11,CUST6370,Printer,Office,East,3,8918.66,0.24,20334.55,3707.08,Cash
ORD08641,2025-12-11,CUST7830,Headphones,Electronics,North,5,2712.61,0.0,13563.05,2558.94,Cash
ORD08642,2024-06-23,CUST1734,Webcam,Accessories,North,1,4024.24,0.1,3621.82,833.08,Debit Card
ORD08643,2025-06-28,CUST8497,Webcam,Accessories,North,3,3868.59,0.18,9516.74,1775.84,Debit Card
ORD08644,2025-01-18,CUST4567,Printer,Office,North,2,10755.44,0.21,16993.59,3436.8,Debit Card
ORD08645,2025-02-11,CUST2020,Keyboard,Accessories,South,5,1572.97,0.02,7707.57,718.36,Net Banking
ORD08646,2025-06-30,CUST7492,Tablet,Electronics,West,4,21483.76,0.17,71326.08,16585.45,Cash
ORD08647,2024-07-10,CUST7159,Printer,Office,West,1,10691.5,0.07,9943.1,1386.49,UPI
ORD08648,2024-03-25,CUST1208,Smartphone,Electronics,South,1,32017.6,0.02,31377.25,2579.63,UPI
ORD08649,2025-09-04,CUST8210,Smartphone,Electronics,South,5,31183.48,0.12,137207.33,28807.7,Net Banking
ORD08650,2025-04-08,CUST7827,Printer,Office,West,2,10888.84,0.04,20906.56,2535.52,UPI
ORD08651,2024-11-11,CUST2928,Headphones,Electronics,North,4,2461.57,0.18,8073.96,701.01,Cash
ORD08652,2025-12-21,CUST5934,Printer,Office,South,2,8863.76,0.19,14359.29,1453.88,Debit Card
ORD08653,2024-01-29,CUST2723,Mouse,Accessories,North,2,814.18,0.21,1286.4,73.31,Cash
ORD08654,2024-09-30,CUST8474,Monitor,Electronics,South,5,11154.16,0.09,50751.41,3457.42,Net Banking
ORD08655,2024-07-04,CUST9727,Smartphone,Electronics,East,4,28959.9,0.0,115839.59,19521.86,Net Banking
ORD08656,2024-02-17,CUST9573,Smartwatch,Electronics,North,5,5986.57,0.06,28136.89,6281.38,Credit Card
ORD08657,2024-09-23,CUST7906,Printer,Office,South,5,9648.37,0.12,42452.84,5930.92,Net Banking
ORD08658,2025-01-21,CUST4062,Smartphone,Electronics,South,1,32779.21,0.17,27206.74,4766.94,Net Banking
ORD08659,2025-11-12,CUST7125,Monitor,Electronics,North,5,12153.8,0.1,54692.1,11591.81,Cash
ORD08660,2024-05-25,CUST6877,Monitor,Electronics,East,3,10235.28,0.13,26714.09,3241.86,Cash
ORD08661,2024-01-16,CUST6250,Smartwatch,Electronics,West,4,6936.67,0.13,24139.62,4365.96,Net Banking
ORD08662,2024-10-23,CUST6486,Webcam,Accessories,South,1,3281.02,0.04,3149.78,378.25,Cash
ORD08663,2025-03-24,CUST6993,Mouse,Accessories,North,4,794.61,0.16,2669.9,476.69,Cash
ORD08664,2025-07-08,CUST5038,Printer,Office,South,1,9714.08,0.11,8645.53,808.54,Net Banking
ORD08665,2025-03-02,CUST9466,Laptop,Electronics,West,3,73423.59,0.2,176216.63,43273.15,Debit Card
ORD08666,2024-12-12,CUST5521,Printer,Office,East,5,8623.53,0.17,35787.66,2334.63,Net Banking
ORD08667,2024-10-13,CUST4399,Webcam,Accessories,North,1,3692.77,0.03,3581.98,541.05,UPI
ORD08668,2025-05-07,CUST7870,Tablet,Electronics,West,1,24316.78,0.12,21398.76,2295.22,Cash
ORD08669,2024-10-10,CUST8059,Keyboard,Accessories,South,1,1706.66,0.18,1399.46,238.14,Credit Card
ORD08670,2025-07-16,CUST4872,Headphones,Electronics,West,3,2258.23,0.02,6639.19,900.68,Net Banking
ORD08671,2025-06-22,CUST9581,Webcam,Accessories,West,4,3532.87,0.2,11305.18,1258.64,Debit Card
ORD08672,2025-06-04,CUST9462,Monitor,Electronics,West,3,10356.92,0.06,29206.52,2920.87,Debit Card
ORD08673,2025-01-11,CUST4021,Laptop,Electronics,South,1,64984.08,0.13,56536.15,4890.36,Cash
ORD08674,2025-01-14,CUST1456,Headphones,Electronics,North,1,2219.09,0.24,1686.51,348.39,Net Banking
ORD08675,2025-02-25,CUST9537,Smartphone,Electronics,West,5,33041.07,0.14,142076.6,13417.71,Net Banking
ORD08676,2024-08-06,CUST4327,Printer,Office,East,3,8841.61,0.11,23607.1,4832.5,UPI
ORD08677,2024-02-26,CUST6918,Headphones,Electronics,South,3,2509.97,0.0,7529.9,1106.95,Net Banking
ORD08678,2025-11-17,CUST4456,Smartphone,Electronics,East,2,30189.86,0.03,58568.34,3774.47,UPI
ORD08679,2024-04-23,CUST6266,Keyboard,Accessories,North,4,1712.24,0.14,5890.11,489.4,Debit Card
ORD08680,2025-12-30,CUST4873,Smartphone,Electronics,South,2,31394.83,0.12,55254.89,12630.22,Net Banking
ORD08681,2024-09-02,CUST6201,Laptop,Electronics,West,2,60862.89,0.09,110770.45,18893.36,Cash
ORD08682,2025-04-19,CUST4757,Monitor,Electronics,South,4,11066.88,0.23,34085.98,2960.93,UPI
ORD08683,2024-03-08,CUST3314,Webcam,Accessories,East,5,3109.66,0.08,14304.44,2728.61,UPI
ORD08684,2024-02-27,CUST4562,Smartwatch,Electronics,West,5,7538.68,0.13,32793.26,7039.15,Cash
ORD08685,2024-10-30,CUST5945,Webcam,Accessories,East,4,3700.29,0.14,12729.01,1478.23,Credit Card
ORD08686,2024-11-10,CUST8615,Webcam,Accessories,East,4,3615.37,0.13,12581.49,2029.63,Cash
ORD08687,2024-03-16,CUST7400,Smartphone,Electronics,North,3,25867.56,0.12,68290.37,7422.48,UPI
ORD08688,2024-10-29,CUST3056,Printer,Office,East,3,10788.49,0.08,29776.22,1965.6,Cash
ORD08689,2025-09-14,CUST5416,Headphones,Electronics,South,3,2606.42,0.23,6020.82,782.12,UPI
ORD08690,2025-09-15,CUST2366,Smartwatch,Electronics,North,3,7974.17,0.11,21291.02,4264.3,Credit Card
ORD08691,2025-12-18,CUST8424,Smartwatch,Electronics,North,1,7183.12,0.13,6249.32,885.75,Net Banking
ORD08692,2025-08-06,CUST4961,Headphones,Electronics,West,1,2352.96,0.16,1976.49,259.03,Debit Card
ORD08693,2025-04-20,CUST3239,Headphones,Electronics,North,5,2411.14,0.02,11814.59,1455.57,Credit Card
ORD08694,2024-01-02,CUST6243,Monitor,Electronics,South,1,10833.03,0.2,8666.42,1228.75,Net Banking
ORD08695,2025-12-01,CUST1084,Laptop,Electronics,East,1,69346.83,0.13,60331.74,6856.45,Cash
ORD08696,2024-02-09,CUST6031,Keyboard,Accessories,North,3,1593.47,0.16,4015.56,692.43,UPI
ORD08697,2025-11-13,CUST8837,Laptop,Electronics,North,3,59162.68,0.19,143765.3,9015.98,Credit Card
ORD08698,2024-02-17,CUST2558,Headphones,Electronics,South,4,2243.87,0.22,7000.87,1480.53,Cash
ORD08699,2025-12-12,CUST6239,Printer,Office,South,3,8731.01,0.1,23573.74,1995.13,Net Banking
ORD08700,2024-02-26,CUST6175,Mouse,Accessories,West,4,898.87,0.2,2876.4,508.23,Debit Card
ORD08701,2025-05-26,CUST7544,Mouse,Accessories,West,4,735.94,0.06,2767.12,387.33,Credit Card
ORD08702,2025-12-08,CUST5609,Keyboard,Accessories,West,1,1429.87,0.17,1186.8,242.94,Debit Card
ORD08703,2024-01-12,CUST5457,Headphones,Electronics,East,3,2335.38,0.03,6795.95,1462.68,Cash
ORD08704,2025-04-02,CUST4799,Mouse,Accessories,East,1,779.27,0.01,771.48,70.08,Net Banking
ORD08705,2024-11-19,CUST1032,Keyboard,Accessories,West,3,1596.32,0.02,4693.19,870.28,Credit Card
ORD08706,2025-11-21,CUST2784,Smartwatch,Electronics,East,1,7778.25,0.08,7155.99,629.59,Net Banking
ORD08707,2025-08-08,CUST9462,Keyboard,Accessories,South,1,1357.17,0.01,1343.6,100.5,UPI
ORD08708,2025-06-24,CUST7817,Smartwatch,Electronics,North,1,7391.47,0.16,6208.83,1465.65,Net Banking
ORD08709,2024-04-01,CUST9635,Monitor,Electronics,North,5,11469.22,0.08,52758.43,4372.5,Net Banking
ORD08710,2024-12-04,CUST9339,Mouse,Accessories,South,1,915.33,0.18,750.57,71.77,Net Banking
ORD08711,2025-01-05,CUST3518,Keyboard,Accessories,East,2,1409.51,0.01,2790.84,212.28,Credit Card
ORD08712,2025-09-10,CUST9734,Keyboard,Accessories,West,2,1278.24,0.05,2428.65,349.87,Credit Card
ORD08713,2024-09-12,CUST3025,Keyboard,Accessories,North,2,1507.04,0.1,2712.67,634.55,Credit Card
ORD08714,2025-05-15,CUST9543,Printer,Office,West,4,8952.19,0.1,32227.9,3313.39,Debit Card
ORD08715,2024-04-07,CUST1368,Keyboard,Accessories,North,1,1295.02,,1256.17,198.94,Cash
ORD08716,2024-02-15,CUST7168,Printer,Office,South,2,10594.81,0.25,15892.21,2102.41,Cash
ORD08717,2024-01-20,CUST8679,Webcam,Accessories,East,4,3743.87,0.07,13927.2,1632.29,Net Banking
ORD08718,2024-02-28,CUST5427,Monitor,Electronics,North,2,11858.52,0.18,19447.97,3197.84,Debit Card
ORD08719,2024-08-27,CUST1779,Webcam,Accessories,East,3,3685.73,0.06,10393.76,1681.49,Cash
ORD08720,2025-01-10,CUST8666,Tablet,Electronics,South,5,22252.38,0.22,86784.28,10576.69,Credit Card
ORD08721,2024-02-05,CUST3485,Webcam,Accessories,South,1,3636.29,0.1,3272.66,720.35,UPI
ORD08722,2025-05-27,CUST7287,Headphones,Electronics,East,5,2572.53,0.23,9904.23,600.54,UPI
ORD08723,2025-01-21,CUST3749,Smartwatch,Electronics,North,5,7348.23,0.09,33434.44,2241.7,Cash
ORD08724,2024-07-01,CUST5169,Headphones,Electronics,North,3,2274.72,0.0,6824.17,1693.46,Debit Card
ORD08725,2024-11-11,CUST7025,Laptop,Electronics,North,3,60489.78,0.13,157878.32,31502.5,Cash
ORD08726,2025-01-21,CUST8258,Webcam,Accessories,West,3,3436.96,0.13,8970.47,1890.85,Credit Card
ORD08727,2024-03-25,CUST3702,Mouse,Accessories,West,4,787.07,0.03,3053.83,520.8,Debit Card
ORD08728,2025-03-22,CUST2015,Smartphone,Electronics,East,2,32469.71,0.06,61043.05,8178.06,UPI
ORD08729,2025-08-16,CUST5622,Webcam,Accessories,East,1,3360.76,0.2,2688.61,472.78,Net Banking
ORD08730,2025-11-01,CUST9144,Monitor,Electronics,North,3,10785.02,0.01,32031.51,2194.7,Credit Card
ORD08731,2024-08-15,CUST8788,Webcam,Accessories,South,1,3239.04,0.12,2850.35,574.5,Debit Card
ORD08732,2024-02-18,CUST7257,Printer,Office,West,1,9144.2,0.13,7955.45,1258.14,Net Banking
ORD08733,2024-10-28,CUST6206,Laptop,Electronics,South,1,69517.37,0.17,57699.42,13925.55,Credit Card
ORD08734,2025-12-24,CUST3273,Keyboard,Accessories,North,3,1486.65,0.01,4415.36,783.7,UPI
ORD08735,2025-10-12,CUST7267,Laptop,Electronics,East,3,69068.3,0.15,176124.16,14149.55,Debit Card
ORD08736,2025-09-07,CUST2642,Laptop,Electronics,North,2,63366.28,0.0,126732.57,18440.86,Cash
ORD08737,2024-03-05,CUST3392,Smartwatch,Electronics,South,3,7818.44,0.07,21813.46,1342.93,Debit Card
ORD08738,2025-04-13,CUST5389,Smartphone,Electronics,South,3,34351.68,0.12,90688.44,18054.79,Debit Card
ORD08739,2025-10-18,CUST3511,Laptop,Electronics,West,1,68311.93,0.23,52600.19,7909.3,Credit Card
ORD08740,2025-01-06,CUST2576,Smartwatch,Electronics,West,2,7764.01,0.03,15062.17,1866.67,Cash
ORD08741,2025-06-23,CUST8307,Keyboard,Accessories,West,5,1503.57,0.04,7217.14,1758.89,UPI
ORD08742,2025-08-16,CUST6567,Headphones,Electronics,West,3,2825.97,0.17,7036.65,1675.57,Net Banking
ORD08743,2025-04-21,CUST4738,Keyboard,Accessories,South,3,1649.21,0.09,4502.35,1083.12,UPI
ORD08744,2024-11-25,CUST1503,Mouse,Accessories,West,5,918.03,0.16,3855.71,363.19,Cash
ORD08745,2024-01-09,CUST1325,Laptop,Electronics,North,1,67400.33,0.25,50550.25,9893.39,Net Banking
ORD08746,2024-06-10,CUST5887,Laptop,Electronics,North,2,70444.53,0.25,105666.8,25262.44,Debit Card
ORD08747,2025-02-07,CUST1551,Headphones,Electronics,South,1,2532.15,0.09,2304.26,378.3,Net Banking
ORD08748,2025-10-04,CUST4928,Monitor,Electronics,South,4,11132.83,0.13,38742.26,3596.52,Debit Card
ORD08749,2025-10-02,CUST9484,Laptop,Electronics,South,3,62167.73,0.23,143607.45,30669.16,Cash
ORD08750,2024-11-01,CUST2603,Smartphone,Electronics,South,4,33546.05,0.02,131500.51,29716.97,UPI
ORD08751,2025-10-09,CUST3792,Tablet,Electronics,East,3,19069.26,0.11,50914.91,9706.78,Credit Card
ORD08752,2024-04-06,CUST9484,Laptop,Electronics,North,4,66783.86,0.09,243093.24,26426.81,Net Banking
ORD08753,2025-05-04,CUST1113,Tablet,Electronics,East,5,21158.39,0.07,98386.53,8671.67,Credit Card
ORD08754,2025-06-04,CUST6674,Keyboard,Accessories,South,3,1449.01,0.25,3260.28,570.07,Credit Card
ORD08755,2024-10-04,CUST4156,Webcam,Accessories,South,3,3903.8,0.18,9603.35,1407.47,Net Banking
ORD08756,2025-05-16,CUST3819,Monitor,Electronics,West,4,13273.76,0.1,47785.54,8780.91,Credit Card
ORD08757,2025-05-10,CUST7342,Smartwatch,Electronics,East,2,7207.57,0.21,11387.96,823.8,Credit Card
ORD08758,2025-05-01,CUST1633,Printer,Office,East,4,9318.76,0.12,32802.02,2531.75,Credit Card
ORD08759,2024-11-18,CUST5636,Monitor,Electronics,East,3,11911.64,0.22,27873.24,3416.64,UPI
ORD08760,2024-07-27,CUST8778,Printer,Office,West,3,9724.88,0.07,27132.42,2760.78,Debit Card
ORD08761,2024-01-09,CUST8775,Keyboard,Accessories,South,2,1434.13,0.06,2696.16,468.78,UPI
ORD08762,2024-10-29,CUST3803,Monitor,Electronics,North,1,10570.03,0.06,9935.83,1227.16,UPI
ORD08763,2024-10-18,CUST8306,Smartwatch,Electronics,North,2,7090.54,0.13,12337.54,2304.58,Debit Card
ORD08764,2025-10-20,CUST6556,Printer,Office,East,1,9405.49,0.07,8747.11,1782.31,Debit Card
ORD08765,2024-12-19,CUST6648,Headphones,Electronics,West,3,2620.61,0.04,7547.35,659.89,Credit Card
ORD08766,2024-01-02,CUST6771,Smartphone,Electronics,West,5,28372.84,0.25,106398.13,24893.41,UPI
ORD08767,2025-04-19,CUST4563,Monitor,Electronics,East,5,11752.19,0.23,45245.93,9385.45,Net Banking
ORD08768,2025-11-03,CUST2588,Keyboard,Accessories,East,4,1298.56,0.16,4363.17,765.11,Net Banking
ORD08769,2025-05-22,CUST6729,Laptop,Electronics,South,2,74604.49,0.22,116383.01,26975.93,Credit Card
ORD08770,2024-03-04,CUST9265,Smartwatch,Electronics,East,2,7015.98,0.23,10804.61,1114.75,UPI
ORD08771,2025-02-13,CUST3484,Printer,Office,South,5,8572.71,0.17,35576.76,4779.48,Credit Card
ORD08772,2025-09-22,CUST8684,Printer,Office,West,1,10123.69,0.13,8807.61,591.5,UPI
ORD08773,2024-04-20,CUST2888,Smartphone,Electronics,North,2,33333.19,0.22,51999.77,7344.26,Credit Card
ORD08774,2025-02-21,CUST5771,Printer,Office,South,1,10817.66,0.14,9303.18,1407.39,Debit Card
ORD08775,2025-12-03,CUST2389,Tablet,Electronics,East,1,23325.98,0.03,22626.2,3919.16,Net Banking
ORD08776,2024-07-26,CUST5217,Mouse,Accessories,South,1,713.47,0.09,649.26,40.78,Credit Card
ORD08777,2025-12-26,CUST5746,Tablet,Electronics,West,1,23041.06,0.11,20506.55,1158.48,UPI
ORD08778,2024-04-01,CUST9639,Printer,Office,West,4,10798.9,0.23,33260.6,4456.19,Net Banking
ORD08779,2024-03-18,CUST6464,Smartwatch,Electronics,South,4,7152.08,0.16,24030.99,2110.56,Credit Card
ORD08780,2025-06-01,CUST7690,Monitor,Electronics,South,5,13413.9,0.22,52314.2,10554.79,Cash
ORD08781,2024-02-15,CUST5898,Keyboard,Accessories,South,4,1399.65,0.19,4534.85,833.27,Net Banking
ORD08782,2025-09-16,CUST7178,Laptop,Electronics,South,2,59971.82,0.08,110348.15,12708.29,Cash
ORD08783,2025-06-11,CUST7944,Monitor,Electronics,West,4,13330.45,0.18,43723.88,2586.56,UPI
ORD08784,2024-09-07,CUST8595,Headphones,Electronics,West,2,2594.05,0.05,4928.69,426.28,Debit Card
ORD08785,2025-03-29,CUST6863,Monitor,Electronics,South,2,10205.21,0.1,18369.38,3459.61,Debit Card
ORD08786,2025-03-31,CUST1293,Monitor,Electronics,North,1,11471.27,0.2,9177.02,2276.2,UPI
ORD08787,2024-09-06,CUST5268,Keyboard,Accessories,West,5,1661.04,0.15,7059.4,813.89,Cash
ORD08788,2025-07-13,CUST8197,Smartphone,Electronics,West,1,25745.88,0.21,20339.24,4279.36,Debit Card
ORD08789,2025-09-16,CUST5058,Printer,Office,North,1,8509.74,0.06,7999.16,1787.17,Debit Card
ORD08790,2024-06-24,CUST6282,Smartphone,Electronics,North,4,28031.33,0.19,90821.52,5416.25,Cash
ORD08791,2025-09-01,CUST8195,Headphones,Electronics,East,4,2810.5,0.05,10679.9,2491.03,Credit Card
ORD08792,2025-12-07,CUST6544,Webcam,Accessories,North,2,3921.55,0.14,6745.07,966.17,Debit Card
ORD08793,2025-02-15,CUST9495,Laptop,Electronics,East,4,65365.86,0.11,232702.45,56511.43,Debit Card
ORD08794,2025-02-17,CUST3951,Tablet,Electronics,North,4,22351.36,0.14,76888.69,12126.2,Credit Card
ORD08795,2024-10-11,CUST5761,Laptop,Electronics,South,3,61724.16,0.03,179617.29,17428.03,Cash
ORD08796,2025-10-22,CUST8018,Printer,Office,South,2,9231.21,0.09,16800.8,4115.08,Cash
ORD08797,2025-04-19,CUST6756,Laptop,Electronics,North,2,71146.83,0.17,118103.73,11652.23,Credit Card
ORD08798,2024-11-01,CUST3930,Mouse,Accessories,North,3,705.51,0.14,1820.22,412.27,Debit Card
ORD08799,2025-05-29,CUST3716,Tablet,Electronics,East,2,21916.54,0.14,37696.45,3190.09,Credit Card
ORD08800,2025-03-24,CUST7966,Headphones,Electronics,East,5,2600.8,0.13,11313.47,2092.47,UPI
ORD08801,2024-08-10,CUST6825,Printer,Office,East,5,8811.04,0.24,33481.96,4428.27,Credit Card
ORD08802,2024-10-07,CUST4375,Smartwatch,Electronics,West,3,7041.17,0.23,16265.11,3975.25,Net Banking
ORD08803,2025-07-30,CUST9143,Headphones,Electronics,South,4,2558.14,0.09,9311.63,809.69,Cash
ORD08804,2024-07-25,CUST2610,Mouse,Accessories,North,5,858.2,0.09,3904.81,514.49,Debit Card
ORD08805,2025-12-28,CUST1122,Tablet,Electronics,East,3,20249.92,0.14,52244.79,9297.24,Debit Card
ORD08806,2025-01-13,CUST7564,Keyboard,Accessories,North,5,1407.0,0.02,6894.29,1692.71,UPI
ORD08807,2025-04-26,CUST6378,Mouse,Accessories,North,1,816.69,0.08,751.35,83.23,Debit Card
ORD08808,2025-09-14,CUST8604,Headphones,Electronics,West,3,2862.34,0.06,8071.81,1044.28,UPI
ORD08809,2024-09-30,CUST9359,Printer,Office,North,2,9152.48,0.06,17206.66,2449.51,UPI
ORD08810,2024-10-07,CUST9720,Webcam,Accessories,West,5,4010.2,0.16,16842.84,1693.38,Cash
ORD08811,2024-12-21,CUST9573,Printer,Office,West,2,10643.03,0.1,19157.45,4089.56,UPI
ORD08812,2025-01-19,CUST3789,Tablet,Electronics,West,3,24152.14,0.04,69558.17,4757.72,Cash
ORD08813,2024-05-16,CUST6483,Webcam,Accessories,South,5,3069.12,0.22,11969.58,2285.69,UPI
ORD08814,2024-06-17,CUST8982,Smartphone,Electronics,West,2,28203.78,0.22,43997.9,6898.25,Credit Card
ORD08815,2024-10-04,CUST4977,Tablet,Electronics,South,4,19081.06,0.22,59532.91,5857.17,Cash
ORD08816,2024-08-17,CUST8228,Tablet,Electronics,West,4,21152.21,0.1,76147.96,11313.0,Net Banking
ORD08817,2025-05-08,CUST1244,Mouse,Accessories,West,1,915.51,0.01,906.35,195.76,Credit Card
ORD08818,2024-07-12,CUST2948,Printer,Office,West,3,8815.82,0.03,25654.03,3568.18,UPI
ORD08819,2025-05-03,CUST2352,Headphones,Electronics,West,2,2546.78,0.07,4737.01,352.34,Net Banking
ORD08820,2025-11-15,CUST2729,Keyboard,Accessories,East,1,1277.73,0.05,1213.85,70.6,Cash
ORD08821,2024-10-02,CUST9003,Laptop,Electronics,North,3,69147.31,0.22,161804.72,33260.46,Net Banking
ORD08822,2024-08-02,CUST5264,Monitor,Electronics,West,4,10909.89,0.25,32729.68,3799.48,Net Banking
ORD08823,2025-10-13,CUST6351,Keyboard,Accessories,East,2,1333.31,0.2,2133.3,503.99,UPI
ORD08824,2024-07-20,CUST2117,Laptop,Electronics,North,5,61821.85,0.18,253469.57,43959.09,Credit Card
ORD08825,2025-07-29,CUST9170,Smartphone,Electronics,North,4,32439.4,0.15,110293.96,15138.59,Net Banking
ORD08826,2025-11-02,CUST1458,Headphones,Electronics,North,5,2204.96,0.19,8930.09,1454.65,Credit Card
ORD08827,2024-03-02,CUST1518,Printer,Office,South,5,9189.52,0.24,34920.16,4938.64,Net Banking
ORD08828,2024-05-12,CUST5231,Smartwatch,Electronics,West,2,5967.78,0.15,10145.22,2345.19,Cash
ORD08829,2024-04-29,CUST1762,Tablet,Electronics,South,2,25091.54,0.04,48175.75,6821.9,UPI
ORD08830,2024-06-05,CUST9385,Keyboard,Accessories,North,5,1541.47,0.04,7399.03,523.95,Net Banking
ORD08831,2024-10-15,CUST4689,Laptop,Electronics,East,1,69288.04,0.15,58894.84,9977.82,UPI
ORD08832,2024-12-21,CUST8317,Smartwatch,Electronics,East,5,7317.9,0.08,33662.36,5877.32,Credit Card
ORD08833,2024-01-13,CUST2249,Keyboard,Accessories,South,5,1339.96,0.23,5158.86,1047.59,Net Banking
ORD08834,2025-04-03,CUST5016,Headphones,Electronics,West,2,2571.2,0.15,4371.05,1034.44,Cash
ORD08835,2025-02-15,CUST6379,Printer,Office,North,3,8894.25,0.17,22146.67,3069.89,Debit Card
ORD08836,2025-05-16,CUST3648,Webcam,Accessories,West,4,3396.3,0.0,13585.19,1635.87,Credit Card
ORD08837,2025-05-21,CUST9120,Keyboard,Accessories,South,2,1531.03,0.12,2694.62,399.22,UPI
ORD08838,2024-09-30,CUST3116,Keyboard,Accessories,East,1,1526.5,0.11,1358.58,312.53,Credit Card
ORD08839,2024-08-18,CUST9139,Printer,Office,East,4,8857.22,0.18,29051.68,7146.61,Cash
ORD08840,2025-07-31,CUST4380,Smartphone,Electronics,South,2,25809.92,0.1,46457.86,11347.19,UPI
ORD08841,2024-08-15,CUST2874,Mouse,Accessories,North,2,871.58,0.24,1324.8,127.1,UPI
ORD08842,2025-03-05,CUST6502,Keyboard,Accessories,South,3,1601.67,0.17,3988.15,595.75,UPI
ORD08843,2024-05-24,CUST3532,Printer,Office,South,1,8745.46,0.16,7346.18,748.54,Debit Card
ORD08844,2024-06-09,CUST8350,Mouse,Accessories,South,1,710.58,0.23,547.15,67.63,Debit Card
ORD08845,2024-10-15,CUST6678,Printer,Office,North,2,11177.75,0.25,16766.63,944.58,UPI
ORD08846,2024-12-17,CUST6080,Printer,Office,North,3,10807.39,0.05,30801.05,2529.39,Debit Card
ORD08847,2024-03-24,CUST4000,Smartphone,Electronics,East,2,34465.44,0.2,55144.71,7136.56,UPI
ORD08848,2025-06-17,CUST4704,Printer,Office,West,5,9261.96,0.04,44457.42,5465.64,Cash
ORD08849,2024-05-04,CUST9770,Headphones,Electronics,North,5,2490.85,0.11,11084.29,1172.35,UPI
ORD08850,2024-06-29,CUST6633,Keyboard,Accessories,North,3,1381.41,0.03,4019.89,386.16,Debit Card
ORD08851,2025-05-07,CUST5490,Laptop,Electronics,North,2,67394.6,0.16,113222.93,22620.94,Cash
ORD08852,2025-03-05,CUST3029,Laptop,Electronics,South,3,57500.58,0.12,151801.53,16532.69,Cash
ORD08853,2024-02-13,CUST8133,Laptop,Electronics,West,2,57731.24,0.16,96988.49,18554.74,Debit Card
ORD08854,2025-01-04,CUST9332,Printer,Office,East,2,8715.66,0.17,14468.0,1790.05,UPI
ORD08855,2025-02-22,CUST2191,Smartwatch,Electronics,East,5,7406.53,0.15,31477.76,6622.79,Debit Card
ORD08856,2024-12-28,CUST4400,Mouse,Accessories,South,4,798.58,0.07,2970.71,247.9,Credit Card
ORD08857,2024-10-04,CUST4587,Mouse,Accessories,East,1,828.26,0.21,654.32,53.34,Debit Card
ORD08858,2025-03-20,CUST1675,Printer,Office,South,1,11137.9,0.14,9578.6,1780.99,Cash
ORD08859,2024-08-04,CUST3079,Headphones,Electronics,South,3,2680.25,0.12,7075.85,1648.55,UPI
ORD08860,2024-03-25,CUST7328,Headphones,Electronics,North,1,2471.29,0.25,1853.47,145.68,Net Banking
ORD08861,2025-05-03,CUST7033,Tablet,Electronics,North,5,25196.75,0.07,117164.89,7585.36,UPI
ORD08862,2024-12-02,CUST7638,Printer,Office,North,4,9868.77,0.13,34343.31,8136.87,Cash
ORD08863,2024-03-19,CUST1941,Monitor,Electronics,West,2,10604.82,0.17,17604.01,1293.29,UPI
ORD08864,2025-06-02,CUST1422,Smartphone,Electronics,West,2,34433.89,0.03,66801.75,6685.08,Cash
ORD08865,2025-03-31,CUST2334,Laptop,Electronics,East,5,55695.0,0.09,253412.27,59779.66,Net Banking
ORD08866,2025-12-07,CUST2948,Smartphone,Electronics,West,1,30448.95,0.2,24359.16,5129.64,Debit Card
ORD08867,2024-10-15,CUST4290,Laptop,Electronics,North,2,61277.36,0.06,115201.44,13657.31,Credit Card
ORD08868,2025-04-28,CUST7496,Webcam,Accessories,West,1,3503.73,0.12,3083.28,742.78,UPI
ORD08869,2024-12-21,CUST9432,Webcam,Accessories,East,5,3561.65,0.16,14958.92,2447.43,Net Banking
ORD08870,2024-03-21,CUST9875,Printer,Office,North,2,9220.29,0.17,15305.68,986.45,UPI
ORD08871,2024-05-01,CUST7675,Webcam,Accessories,West,3,3559.7,0.18,8756.87,1669.18,Credit Card
ORD08872,2025-07-23,CUST4167,Smartwatch,Electronics,North,4,7537.73,0.22,23517.71,3702.99,Credit Card
ORD08873,2025-09-24,CUST7996,Tablet,Electronics,East,1,20458.96,0.1,18413.07,3029.27,Credit Card
ORD08874,2025-05-16,CUST9548,Headphones,Electronics,East,1,2412.57,0.18,1978.31,492.24,Net Banking
ORD08875,2024-02-17,CUST3074,Smartwatch,Electronics,North,1,6513.31,0.18,5340.91,429.96,Credit Card
ORD08876,2025-09-28,CUST9485,Smartphone,Electronics,South,1,32885.04,0.08,30254.23,5486.88,Credit Card
ORD08877,2025-10-26,CUST1985,Smartphone,Electronics,East,5,32024.84,0.24,121694.39,17249.96,Credit Card
ORD08878,2025-02-12,CUST5171,Webcam,Accessories,West,5,3889.76,0.22,15170.05,1583.43,Credit Card
ORD08879,2024-01-13,CUST8946,Headphones,Electronics,East,5,2252.54,0.07,10474.3,1976.59,Net Banking
ORD08880,2024-08-11,CUST6023,Tablet,Electronics,North,5,19185.63,0.17,79620.35,14621.68,UPI
ORD08881,2024-08-14,CUST5068,Laptop,Electronics,North,2,57577.98,0.18,94427.88,20896.8,Net Banking
ORD08882,2024-12-29,CUST6499,Smartwatch,Electronics,East,5,6288.14,0.11,27982.22,6317.65,Net Banking
ORD08883,2024-07-09,CUST3089,Tablet,Electronics,North,2,22218.35,0.22,34660.62,5627.63,Credit Card
ORD08884,2025-12-02,CUST1414,Keyboard,Accessories,South,3,1711.91,0.17,4262.66,490.69,Debit Card
ORD08885,2025-04-12,CUST8818,Mouse,Accessories,East,5,765.74,0.16,3216.09,501.44,UPI
ORD08886,2024-01-28,CUST1635,Webcam,Accessories,South,3,3981.43,0.06,11227.64,1368.1,UPI
ORD08887,2025-03-14,CUST4375,Laptop,Electronics,East,5,55994.92,0.1,251977.12,26576.33,Debit Card
ORD08888,2024-08-10,CUST3451,Keyboard,Accessories,South,3,1692.09,0.11,4517.89,724.29,UPI
ORD08889,2025-12-15,CUST1636,Laptop,Electronics,West,4,58782.48,0.18,192806.52,35011.13,Credit Card
ORD08890,2024-02-11,CUST7533,Laptop,Electronics,North,3,73043.26,0.15,186260.32,31313.02,Credit Card
ORD08891,2024-07-07,CUST5919,Webcam,Accessories,North,2,3034.04,0.02,5946.72,1432.47,Credit Card
ORD08892,2025-08-14,CUST2489,Laptop,Electronics,East,1,73740.28,0.08,67841.06,7444.01,Credit Card
ORD08893,2024-02-07,CUST3811,Tablet,Electronics,East,3,20025.27,0.12,52866.71,6580.23,Cash
ORD08894,2024-12-02,CUST4473,Tablet,Electronics,South,1,20697.91,0.18,16972.29,3114.9,Credit Card
ORD08895,2024-04-18,CUST8914,Keyboard,Accessories,North,4,1495.92,0.19,4846.79,824.3,Cash
ORD08896,2025-09-17,CUST3345,Smartphone,Electronics,North,4,28926.49,0.12,101821.24,5129.01,UPI
ORD08897,2024-12-29,CUST3619,Headphones,Electronics,South,2,2625.65,0.03,5093.75,572.83,UPI
ORD08898,2024-05-12,CUST5151,Smartwatch,Electronics,West,2,7997.1,0.07,14874.6,1498.65,Cash
ORD08899,2024-12-05,CUST1258,Smartwatch,Electronics,West,3,7223.5,0.06,20370.26,4440.37,UPI
ORD08900,2025-11-18,CUST8633,Monitor,Electronics,West,5,12797.35,0.2,51189.39,11428.02,Net Banking
ORD08901,2025-05-24,CUST8119,Webcam,Accessories,East,4,3067.41,0.04,11778.84,1257.73,Debit Card
ORD08902,2024-06-11,CUST7186,Printer,Office,South,1,10383.44,0.12,9137.42,643.4,Net Banking
ORD08903,2024-10-30,CUST9603,Printer,Office,South,5,9861.55,0.17,40925.43,3725.87,Cash
ORD08904,2024-02-23,CUST9105,Keyboard,Accessories,West,4,1673.6,0.24,5087.75,434.05,Debit Card
ORD08905,2024-06-02,CUST9531,Laptop,Electronics,South,3,62820.12,0.25,141345.26,13779.34,Cash
ORD08906,2025-01-08,CUST6140,Laptop,Electronics,South,4,68499.36,0.24,208238.04,20184.3,Credit Card
ORD08907,2025-03-02,CUST4052,Webcam,Accessories,West,2,3214.56,0.18,5271.88,769.52,Debit Card
ORD08908,2024-02-11,CUST6001,Mouse,Accessories,East,1,742.25,0.19,601.22,68.5,Cash
ORD08909,2025-12-28,CUST1939,Smartphone,Electronics,South,1,28885.1,0.19,23396.93,3789.47,Credit Card
ORD08910,2025-08-29,CUST5276,Monitor,Electronics,North,2,11294.63,0.22,17619.62,2093.69,UPI
ORD08911,2025-10-19,CUST6877,Tablet,Electronics,East,5,20375.6,0.24,77427.28,16487.01,Cash
ORD08912,2025-09-06,CUST8972,Laptop,Electronics,South,2,56218.54,0.11,100069.0,24032.42,Debit Card
ORD08913,2025-09-28,CUST6815,Monitor,Electronics,South,1,13212.29,0.1,11891.06,1555.16,UPI
ORD08914,2024-12-07,CUST3699,Smartwatch,Electronics,North,3,6085.03,0.12,16064.49,962.16,Cash
ORD08915,2025-10-22,CUST6626,Mouse,Accessories,South,5,892.97,0.16,3750.46,367.23,Cash
ORD08916,2024-06-10,CUST5098,Tablet,Electronics,North,4,19528.07,0.19,63270.95,4452.48,UPI
ORD08917,2024-08-04,CUST4725,Webcam,Accessories,North,3,3043.52,0.22,7121.85,847.16,Credit Card
ORD08918,2024-02-09,CUST9866,Monitor,Electronics,South,5,12226.82,0.11,54409.34,9740.51,Debit Card
ORD08919,2025-09-22,CUST4425,Keyboard,Accessories,East,1,1501.1,0.09,1366.0,210.07,Credit Card
ORD08920,2025-09-14,CUST9349,Tablet,Electronics,East,1,21942.15,0.25,16456.61,1622.21,Debit Card
ORD08921,2025-12-10,CUST7726,Webcam,Accessories,South,3,3578.23,0.06,10090.61,2052.95,UPI
ORD08922,2025-09-20,CUST9081,Printer,Office,South,5,9361.17,0.06,43997.5,3356.84,Credit Card
ORD08923,2025-05-07,CUST9656,Webcam,Accessories,West,4,3671.1,,12041.2,1151.61,Net Banking
ORD08924,2024-01-25,CUST7968,Webcam,Accessories,West,4,3502.52,0.04,13449.69,2491.01,Net Banking
ORD08925,2024-10-11,CUST2439,Tablet,Electronics,West,2,20909.31,0.1,37636.75,3366.49,Cash
ORD08926,2024-03-07,CUST6744,Mouse,Accessories,East,3,878.36,0.07,2450.62,455.21,Credit Card
ORD08927,2025-11-27,CUST4036,Tablet,Electronics,West,5,23502.96,0.04,112814.2,27683.28,Cash
ORD08928,2024-10-29,CUST9931,Headphones,Electronics,South,3,2420.21,0.14,6244.14,1350.42,Credit Card
ORD08929,2025-04-22,CUST9513,Smartphone,Electronics,South,4,33128.56,0.09,120587.96,9888.47,Debit Card
ORD08930,2024-08-03,CUST3980,Mouse,Accessories,North,5,900.86,0.12,3963.79,610.82,Debit Card
ORD08931,2024-04-14,CUST7797,Keyboard,Accessories,East,1,1516.59,0.05,1440.76,193.73,UPI
ORD08932,2025-10-18,CUST3367,Mouse,Accessories,West,1,731.59,0.19,592.59,147.16,Net Banking
ORD08933,2025-03-08,CUST4702,Smartwatch,Electronics,North,5,7873.16,0.08,36216.55,8796.28,Net Banking
ORD08934,2025-09-12,CUST5884,Keyboard,Accessories,East,3,1360.27,0.09,3713.53,280.08,UPI
ORD08935,2024-02-19,CUST5744,Printer,Office,North,3,8645.27,0.06,24379.66,5649.89,UPI
ORD08936,2024-07-30,CUST5497,Tablet,Electronics,East,1,20861.41,0.11,18566.66,1646.56,UPI
ORD08937,2025-08-24,CUST2143,Webcam,Accessories,East,1,3738.31,0.12,3289.72,374.67,UPI
ORD08938,2025-01-23,CUST7212,Tablet,Electronics,North,4,24793.61,0.13,86281.76,10412.62,Credit Card
ORD08939,2024-09-25,CUST7205,Smartwatch,Electronics,West,5,7288.3,0.24,27695.54,2973.52,UPI
ORD08940,2024-07-09,CUST3168,Monitor,Electronics,South,3,13626.62,0.23,31477.49,6945.47,Cash
ORD08941,2024-10-21,CUST7659,Smartwatch,Electronics,West,4,6143.98,0.15,20889.53,2422.9,UPI
ORD08942,2025-03-04,CUST6837,Headphones,Electronics,East,3,2170.57,0.01,6446.58,1375.36,Credit Card
ORD08943,2024-01-17,CUST3672,Webcam,Accessories,South,1,3609.4,0.15,3067.99,763.55,Net Banking
ORD08944,2024-08-19,CUST9090,Webcam,Accessories,South,5,3989.42,0.02,19548.17,4264.48,Net Banking
ORD08945,2025-03-18,CUST2185,Laptop,Electronics,West,2,65053.07,0.18,106687.03,12720.14,Net Banking
ORD08946,2024-12-20,CUST6891,Monitor,Electronics,West,5,10385.45,0.1,46734.55,8984.74,Credit Card
ORD08947,2025-08-14,CUST7122,Laptop,Electronics,West,2,59563.76,0.21,94110.75,14755.12,UPI
ORD08948,2025-07-24,CUST8659,Printer,Office,North,4,9234.38,0.24,28072.51,5819.53,Debit Card
ORD08949,2024-12-17,CUST4378,Smartphone,Electronics,South,2,28540.71,0.1,51373.29,4141.69,Net Banking
ORD08950,2025-04-25,CUST4969,Smartphone,Electronics,South,2,25892.43,0.12,45570.68,8094.58,Net Banking
ORD08951,2025-01-12,CUST1745,Tablet,Electronics,East,4,24672.29,0.15,83885.79,17174.22,Debit Card
ORD08952,2025-01-26,CUST8145,Smartphone,Electronics,East,5,30140.08,0.05,143165.36,28954.66,UPI
ORD08953,2024-01-30,CUST9607,Webcam,Accessories,East,4,3679.48,0.23,11332.79,2750.68,Net Banking
ORD08954,2024-05-10,CUST1569,Smartwatch,Electronics,West,1,6091.06,0.11,5421.05,334.38,UPI
ORD08955,2025-02-04,CUST5245,Monitor,Electronics,South,1,10394.82,0.04,9979.02,1189.06,Cash
ORD08956,2024-05-02,CUST3066,Tablet,Electronics,West,2,22570.69,0.19,36564.51,5313.22,Debit Card
ORD08957,2024-02-20,CUST8897,Tablet,Electronics,West,4,24556.15,0.05,93313.38,10446.69,Credit Card
ORD08958,2025-08-14,CUST7499,Monitor,Electronics,East,4,12102.54,0.04,46473.74,5203.1,UPI
ORD08959,2024-07-10,CUST7899,Webcam,Accessories,East,4,3896.71,0.14,13404.68,1142.42,Debit Card
ORD08960,2024-03-14,CUST2969,Printer,Office,East,5,10932.97,0.17,45371.84,9645.61,Debit Card
ORD08961,2025-01-13,CUST1787,Printer,Office,North,3,8727.56,0.14,22517.11,5215.27,Debit Card
ORD08962,2025-05-17,CUST3348,Tablet,Electronics,South,3,20032.92,0.16,50482.96,3355.37,Credit Card
ORD08963,2025-04-16,CUST6975,Printer,Office,West,3,10473.13,0.03,30476.81,2468.01,Net Banking
ORD08964,2024-04-20,CUST8470,Webcam,Accessories,North,5,3440.68,0.12,15138.98,1448.66,Cash
ORD08965,2025-12-11,CUST4171,Headphones,Electronics,North,4,2343.02,0.09,8528.61,1294.62,Net Banking
ORD08966,2025-01-02,CUST5912,Headphones,Electronics,North,3,2438.98,0.24,5560.86,1157.96,UPI
ORD08967,2024-06-25,CUST9598,Laptop,Electronics,East,4,63931.39,0.01,253168.32,16276.47,Debit Card
ORD08968,2024-01-20,CUST3142,Mouse,Accessories,North,2,898.53,0.07,1671.27,296.42,Net Banking
ORD08969,2024-07-23,CUST9350,Keyboard,Accessories,South,3,1321.56,0.24,3013.15,240.65,Credit Card
ORD08970,2025-06-24,CUST7499,Smartphone,Electronics,North,2,28017.58,0.25,42026.37,10266.68,Credit Card
ORD08971,2025-06-05,CUST6649,Printer,Office,North,5,10112.69,0.21,39945.14,9177.58,Cash
ORD08972,2024-01-09,CUST5297,Headphones,Electronics,West,1,2648.72,0.02,2595.74,622.76,Net Banking
ORD08973,2025-07-28,CUST6382,Smartwatch,Electronics,South,5,7274.34,0.14,31279.65,2228.14,Credit Card
ORD08974,2024-02-02,CUST4756,Monitor,Electronics,East,5,13589.91,0.1,61154.61,9026.87,Credit Card
ORD08975,2024-05-31,CUST4099,Mouse,Accessories,West,5,870.95,0.2,3483.78,289.33,Cash
ORD08976,2024-03-20,CUST2041,Laptop,Electronics,West,3,66113.0,0.01,196355.61,33394.42,UPI
ORD08977,2025-06-27,CUST4061,Keyboard,Accessories,West,2,1371.61,0.05,2606.05,251.61,Net Banking
ORD08978,2025-05-30,CUST1874,Headphones,Electronics,North,3,2463.16,0.12,6502.73,1327.38,UPI
ORD08979,2025-12-02,CUST8695,Laptop,Electronics,South,1,68770.95,0.04,66020.12,11804.43,Debit Card
ORD08980,2024-05-05,CUST2919,Mouse,Accessories,North,5,881.11,0.17,3656.61,600.86,UPI
ORD08981,2025-05-22,CUST5135,Monitor,Electronics,West,4,13655.05,0.21,43149.96,9279.2,Credit Card
ORD08982,2025-01-09,CUST6592,Smartphone,Electronics,North,1,30949.07,0.18,25378.24,3808.12,Credit Card
ORD08983,2025-06-17,CUST5708,Headphones,Electronics,East,2,2520.19,0.11,4485.94,466.4,UPI
ORD08984,2024-05-30,CUST8261,Monitor,Electronics,South,1,10263.69,0.22,8005.68,1394.12,UPI
ORD08985,2024-08-05,CUST9249,Keyboard,Accessories,West,3,1307.44,0.03,3804.66,918.49,Debit Card
ORD08986,2024-10-08,CUST6828,Printer,Office,West,4,8968.31,0.07,33362.13,5679.3,Debit Card
ORD08987,2024-10-31,CUST7761,Mouse,Accessories,North,3,693.14,0.12,1829.9,321.92,Net Banking
ORD08988,2025-11-14,CUST7493,Keyboard,Accessories,North,5,1455.39,0.02,7131.4,1689.79,Credit Card
ORD08989,2025-10-23,CUST4610,Smartphone,Electronics,West,5,28531.91,0.02,139806.34,21398.06,Net Banking
ORD08990,2025-09-11,CUST3092,Monitor,Electronics,West,1,12494.47,0.1,11245.03,2803.06,Net Banking
ORD08991,2024-07-13,CUST1973,Webcam,Accessories,South,5,3537.45,0.24,13442.3,1101.36,UPI
ORD08992,2025-03-01,CUST3462,Smartphone,Electronics,North,5,30863.74,0.23,118825.39,18704.06,Credit Card
ORD08993,2025-07-17,CUST6425,Tablet,Electronics,East,2,21815.05,0.12,38394.49,3554.57,Net Banking
ORD08994,2025-10-15,CUST3286,Headphones,Electronics,South,2,2333.3,0.04,4479.94,630.17,UPI
ORD08995,2024-03-04,CUST2482,Printer,Office,East,3,11358.48,0.04,32712.41,2751.6,Cash
ORD08996,2024-06-21,CUST3214,Mouse,Accessories,South,3,700.74,0.09,1913.02,180.79,Debit Card
ORD08997,2025-12-04,CUST4834,Smartwatch,Electronics,West,2,7921.67,0.05,15051.18,1387.12,UPI
ORD08998,2025-10-31,CUST5827,Monitor,Electronics,North,1,11320.46,0.02,11094.05,1264.79,UPI
ORD08999,2025-01-31,CUST2686,Webcam,Accessories,South,2,3513.29,0.17,5832.07,448.61,Net Banking
ORD09000,2025-10-27,CUST8533,Smartwatch,Electronics,West,3,6178.57,0.15,15755.35,3338.06,UPI
ORD09001,2024-06-08,CUST7464,Headphones,Electronics,West,4,2178.2,0.07,8102.9,762.77,UPI
ORD09002,2025-03-05,CUST2205,Headphones,Electronics,South,5,2447.16,0.19,9910.99,1321.27,Net Banking
ORD09003,2024-02-20,CUST1967,Mouse,Accessories,South,4,858.01,0.19,2779.94,147.92,UPI
ORD09004,2024-08-02,CUST6202,Webcam,Accessories,North,4,3257.83,0.12,11467.57,813.93,Debit Card
ORD09005,2025-09-11,CUST5759,Headphones,Electronics,West,5,2546.76,0.02,12479.13,2860.89,Credit Card
ORD09006,2025-12-16,CUST3151,Smartwatch,Electronics,West,2,6535.17,0.23,10064.16,2188.27,Net Banking
ORD09007,2025-12-27,CUST8344,Webcam,Accessories,North,1,3383.04,0.17,2807.93,612.65,Cash
ORD09008,2025-06-23,CUST2752,Smartwatch,Electronics,West,4,7853.54,0.06,29529.3,3905.86,Cash
ORD09009,2024-10-01,CUST4437,Smartphone,Electronics,East,1,33202.56,0.15,28222.17,2209.97,Credit Card
ORD09010,2025-11-18,CUST7623,Keyboard,Accessories,West,3,1507.21,0.1,4069.46,291.29,Debit Card
ORD09011,2025-08-06,CUST4307,Webcam,Accessories,East,4,3225.01,0.16,10836.04,1854.27,UPI
ORD09012,2024-12-27,CUST8938,Laptop,Electronics,North,3,59017.09,0.12,155805.11,33597.6,Cash
ORD09013,2025-02-03,CUST3492,Keyboard,Accessories,North,2,1704.34,0.12,2999.64,689.99,UPI
ORD09014,2025-08-05,CUST8496,Keyboard,Accessories,South,4,1366.22,0.18,4481.21,482.83,Debit Card
ORD09015,2025-07-16,CUST8744,Webcam,Accessories,North,3,3823.58,0.15,9750.12,1113.52,Net Banking
ORD09016,2024-03-24,CUST3961,Printer,Office,East,3,9606.91,0.02,28244.32,1982.05,Credit Card
ORD09017,2025-07-19,CUST9258,Headphones,Electronics,North,2,2864.24,0.02,5613.92,1150.19,Debit Card
ORD09018,2025-09-26,CUST1447,Smartphone,Electronics,East,1,28813.4,0.08,26508.33,2787.03,Cash
ORD09019,2024-08-14,CUST7431,Printer,Office,North,1,9554.55,0.11,8503.55,1243.1,Cash
ORD09020,2024-01-17,CUST4779,Printer,Office,West,4,10412.39,0.07,38734.09,9132.7,Credit Card
ORD09021,2024-08-07,CUST6307,Laptop,Electronics,North,2,73999.58,0.16,124319.29,24918.95,Net Banking
ORD09022,2025-08-06,CUST1612,Monitor,Electronics,South,4,13714.35,0.05,52114.55,3155.41,Debit Card
ORD09023,2025-03-27,CUST7548,Webcam,Accessories,East,1,3717.57,0.18,3048.4,157.39,Cash
ORD09024,2025-09-17,CUST7505,Smartwatch,Electronics,North,2,7534.67,0.19,12206.17,2532.56,Cash
ORD09025,2025-04-14,CUST3692,Headphones,Electronics,West,5,2547.55,0.03,12355.63,1983.08,Net Banking
ORD09026,2024-12-16,CUST5674,Printer,Office,South,2,10767.33,0.16,18089.11,3510.5,Cash
ORD09027,2025-10-02,CUST9915,Smartphone,Electronics,West,2,33238.02,0.24,50521.79,4110.61,Cash
ORD09028,2024-04-14,CUST7824,Monitor,Electronics,South,5,11949.94,0.05,56762.23,12737.99,UPI
ORD09029,2024-09-26,CUST7145,Laptop,Electronics,West,3,67337.31,0.23,155549.2,31835.48,Credit Card
ORD09030,2024-03-04,CUST4323,Tablet,Electronics,West,3,22246.29,0.15,56728.04,12943.51,UPI
ORD09031,2024-05-31,CUST6214,Headphones,Electronics,East,3,2546.85,0.15,6494.48,767.77,Cash
ORD09032,2025-03-14,CUST2626,Tablet,Electronics,West,1,24574.32,0.01,24328.57,2557.93,Net Banking
ORD09033,2025-05-03,CUST8223,Keyboard,Accessories,South,2,1435.03,0.19,2324.74,186.78,Credit Card
ORD09034,2024-07-18,CUST6178,Printer,Office,West,5,9124.55,0.12,40148.03,9475.65,Debit Card
ORD09035,2025-08-03,CUST4471,Mouse,Accessories,East,1,789.51,0.18,647.4,55.27,Debit Card
ORD09036,2024-02-01,CUST8257,Headphones,Electronics,West,5,2281.06,0.2,9124.26,673.95,Net Banking
ORD09037,2024-01-01,CUST3101,Smartwatch,Electronics,East,1,6996.64,0.13,6087.08,538.92,Debit Card
ORD09038,2025-12-06,CUST7906,Monitor,Electronics,East,1,13452.63,0.07,12510.95,2555.69,UPI
ORD09039,2025-12-16,CUST6678,Smartphone,Electronics,South,1,31056.9,0.04,29814.63,6794.93,Cash
ORD09040,2025-08-08,CUST3995,Headphones,Electronics,West,5,2766.57,0.04,13279.56,2817.69,Debit Card
ORD09041,2024-05-31,CUST8213,Smartwatch,Electronics,South,4,6299.0,0.22,19652.88,3196.5,UPI
ORD09042,2024-12-26,CUST5312,Webcam,Accessories,East,1,3920.92,0.03,3803.29,946.17,Credit Card
ORD09043,2025-01-04,CUST7777,Tablet,Electronics,South,3,22671.8,0.1,61213.85,3903.66,Net Banking
ORD09044,2025-10-20,CUST2177,Webcam,Accessories,South,2,3008.35,0.08,5535.36,1236.81,Credit Card
ORD09045,2025-07-16,CUST8679,Monitor,Electronics,East,4,12479.23,0.22,38935.19,5277.38,Credit Card
ORD09046,2024-09-14,CUST2328,Laptop,Electronics,East,4,73802.24,0.12,259783.89,36635.88,UPI
ORD09047,2025-06-05,CUST2181,Printer,Office,South,5,8737.5,0.25,32765.63,2474.43,Debit Card
ORD09048,2024-04-12,CUST6728,Headphones,Electronics,West,4,2561.84,0.18,8402.84,476.33,UPI
ORD09049,2025-10-07,CUST7296,Mouse,Accessories,East,5,899.71,0.21,3553.87,402.75,Debit Card
ORD09050,2024-07-08,CUST5888,Tablet,Electronics,East,5,18763.99,0.02,91943.54,7812.51,Cash
ORD09051,2025-07-31,CUST6018,Tablet,Electronics,West,3,22864.03,0.06,64476.55,9456.63,Net Banking
ORD09052,2024-09-20,CUST9226,Headphones,Electronics,North,1,2481.18,0.03,2406.74,191.25,Cash
ORD09053,2024-07-05,CUST7413,Keyboard,Accessories,East,4,1431.15,0.12,5037.63,390.85,Debit Card
ORD09054,2025-10-09,CUST2698,Webcam,Accessories,North,1,3633.91,0.18,2979.81,671.64,Debit Card
ORD09055,2025-08-29,CUST6665,Tablet,Electronics,West,1,19047.83,0.04,18285.92,4283.64,Credit Card
ORD09056,2025-11-29,CUST8054,Smartwatch,Electronics,West,1,7531.43,0.03,7305.49,1774.09,Debit Card
ORD09057,2025-05-19,CUST4590,Smartphone,Electronics,West,5,25540.32,0.15,108546.34,20200.53,Credit Card
ORD09058,2025-01-12,CUST3471,Printer,Office,West,1,9420.81,0.06,8855.56,1808.33,Credit Card
ORD09059,2024-12-10,CUST7945,Tablet,Electronics,South,4,22026.13,0.12,77531.97,16836.61,Net Banking
ORD09060,2024-07-24,CUST3307,Smartwatch,Electronics,South,5,6741.75,0.01,33371.65,6066.45,Debit Card
ORD09061,2024-08-20,CUST6167,Monitor,Electronics,North,4,11306.91,0.17,37538.95,4356.34,Cash
ORD09062,2024-03-03,CUST1107,Monitor,Electronics,West,5,13191.01,0.14,56721.33,4610.16,UPI
ORD09063,2025-01-03,CUST7870,Printer,Office,North,2,11304.5,0.16,18991.56,1850.82,Credit Card
ORD09064,2024-12-05,CUST4616,Keyboard,Accessories,North,2,1668.17,0.07,3102.8,676.67,UPI
ORD09065,2025-07-21,CUST3582,Mouse,Accessories,West,2,805.38,0.07,1498.01,283.45,Credit Card
ORD09066,2025-07-14,CUST3719,Printer,Office,North,2,11152.49,0.2,17843.99,2518.84,Cash
ORD09067,2025-06-22,CUST4510,Laptop,Electronics,North,5,73206.8,0.18,300147.88,16772.57,Credit Card
ORD09068,2024-03-22,CUST9706,Keyboard,Accessories,North,1,1459.16,0.14,1254.88,129.55,Net Banking
ORD09069,2025-07-01,CUST6003,Tablet,Electronics,North,3,20570.74,0.16,51838.27,10148.87,Credit Card
ORD09070,2025-04-12,CUST8479,Printer,Office,South,3,8794.8,0.02,25856.7,3942.56,Debit Card
ORD09071,2025-01-08,CUST2219,Webcam,Accessories,North,2,3478.05,0.21,5495.31,753.44,Net Banking
ORD09072,2024-08-21,CUST6151,Monitor,Electronics,West,1,13606.67,0.19,11021.4,1242.51,Credit Card
ORD09073,2024-06-05,CUST2608,Smartwatch,Electronics,North,4,7127.91,0.15,24234.88,4153.53,Credit Card
ORD09074,2024-03-19,CUST3556,Printer,Office,West,1,10502.69,0.23,8087.07,1967.4,UPI
ORD09075,2024-10-23,CUST2282,Webcam,Accessories,West,4,3093.53,0.04,11879.15,2734.87,Credit Card
ORD09076,2024-08-23,CUST6350,Keyboard,Accessories,South,3,1339.58,0.17,3335.56,187.12,Net Banking
ORD09077,2025-06-23,CUST5388,Laptop,Electronics,South,1,64307.23,0.24,48873.49,7144.85,Credit Card
ORD09078,2024-07-10,CUST7379,Smartwatch,Electronics,North,1,7947.66,0.08,7311.84,847.4,UPI
ORD09079,2025-10-25,CUST8970,Smartphone,Electronics,North,3,28747.06,0.0,86241.19,13119.09,Cash
ORD09080,2025-09-04,CUST1544,Laptop,Electronics,East,1,72360.94,0.18,59335.97,10160.85,UPI
ORD09081,2024-02-16,CUST1644,Tablet,Electronics,North,4,19493.9,0.0,77975.62,7018.24,UPI
ORD09082,2025-06-12,CUST6323,Webcam,Accessories,East,1,3622.87,0.22,2825.84,583.01,Credit Card
ORD09083,2025-02-18,CUST6647,Printer,Office,East,4,10301.84,0.01,40795.28,5915.87,Cash
ORD09084,2024-12-10,CUST1858,Printer,Office,South,2,11079.62,0.16,18613.77,4623.68,Net Banking
ORD09085,2025-06-07,CUST7833,Headphones,Electronics,West,1,2127.49,0.09,1936.01,106.53,Net Banking
ORD09086,2024-10-02,CUST8676,Monitor,Electronics,East,4,10883.75,0.05,41358.27,3637.2,Debit Card
ORD09087,2025-02-06,CUST3232,Tablet,Electronics,North,3,20149.94,0.22,47150.86,8860.87,UPI
ORD09088,2024-09-17,CUST5928,Webcam,Accessories,East,2,3972.46,0.19,6435.39,1216.52,UPI
ORD09089,2024-09-10,CUST7968,Printer,Office,South,1,8961.08,0.09,8154.58,1357.23,Debit Card
ORD09090,2024-01-15,CUST1405,Smartphone,Electronics,East,4,25832.66,0.07,96097.5,23485.46,Credit Card
ORD09091,2025-06-20,CUST3944,Smartwatch,Electronics,East,1,7072.37,0.18,5799.34,771.68,Net Banking
ORD09092,2024-06-11,CUST9366,Tablet,Electronics,East,4,22188.49,0.21,70115.62,9353.94,Net Banking
ORD09093,2024-04-17,CUST7037,Keyboard,Accessories,East,1,1654.82,0.18,1356.95,314.94,Debit Card
ORD09094,2024-03-03,CUST5695,Smartphone,Electronics,East,2,34039.74,0.16,57186.76,9017.69,Debit Card
ORD09095,2024-08-30,CUST8967,Smartwatch,Electronics,East,2,7080.95,0.06,13312.18,1607.39,Debit Card
ORD09096,2024-10-29,CUST9301,Mouse,Accessories,East,1,903.2,0.21,713.53,138.27,Cash
ORD09097,2024-04-25,CUST8745,Monitor,Electronics,South,1,12810.57,0.19,10376.56,1804.84,UPI
ORD09098,2024-11-15,CUST7755,Tablet,Electronics,North,5,20446.09,0.13,88940.49,9897.48,Net Banking
ORD09099,2024-01-22,CUST7982,Webcam,Accessories,South,1,3949.84,0.13,3436.36,376.58,Credit Card
ORD09100,2025-04-08,CUST5323,Laptop,Electronics,East,1,68265.14,0.14,58708.02,7580.53,Cash
ORD09101,2025-04-07,CUST5839,Smartwatch,Electronics,East,2,6819.6,0.21,10774.97,693.09,UPI
ORD09102,2025-05-04,CUST1746,Keyboard,Accessories,West,1,1581.11,0.19,1280.7,305.48,Cash
ORD09103,2025-09-09,CUST4619,Printer,Office,South,3,9703.94,0.21,22998.33,1991.75,UPI
ORD09104,2024-12-01,CUST7634,Laptop,Electronics,East,1,57476.58,0.13,50004.63,4438.65,Debit Card
ORD09105,2025-01-17,CUST7811,Smartphone,Electronics,West,5,31970.81,0.16,134277.4,24090.4,Credit Card
ORD09106,2024-05-09,CUST9850,Monitor,Electronics,South,4,13166.72,0.21,41606.82,8107.06,Debit Card
ORD09107,2024-05-05,CUST3352,Webcam,Accessories,East,2,3740.25,0.06,7031.66,1387.82,Net Banking
ORD09108,2025-01-04,CUST1367,Laptop,Electronics,West,3,59717.74,0.11,159446.36,19933.19,Net Banking
ORD09109,2025-01-05,CUST8859,Keyboard,Accessories,West,4,1705.49,0.16,5730.43,1287.43,Net Banking
ORD09110,2025-02-12,CUST4540,Smartwatch,Electronics,East,3,6003.03,0.23,13867.01,2202.08,Net Banking
ORD09111,2024-09-17,CUST1571,Webcam,Accessories,North,2,3324.32,0.0,6648.64,915.63,Cash
ORD09112,2024-01-28,CUST8392,Mouse,Accessories,East,5,742.42,0.05,3526.51,747.89,Credit Card
ORD09113,2025-03-25,CUST7953,Printer,Office,West,2,8644.38,0.06,16251.43,1604.22,Credit Card
ORD09114,2025-06-10,CUST9966,Monitor,Electronics,North,3,11660.63,0.08,32183.33,7145.89,Net Banking
ORD09115,2024-07-01,CUST5905,Laptop,Electronics,North,3,67400.74,0.07,188048.06,29667.57,UPI
ORD09116,2025-01-10,CUST2650,Monitor,Electronics,South,2,13377.19,0.15,22741.22,5230.75,Debit Card
ORD09117,2024-07-28,CUST4480,Monitor,Electronics,North,1,13762.88,0.22,10735.05,969.62,Net Banking
ORD09118,2025-06-09,CUST9491,Monitor,Electronics,West,2,13109.12,0.16,22023.33,5224.21,UPI
ORD09119,2024-02-01,CUST4621,Smartwatch,Electronics,West,5,6934.23,0.06,32590.88,6113.25,Credit Card
ORD09120,2024-02-13,CUST9169,Monitor,Electronics,South,2,12805.34,0.22,19976.32,3469.2,Debit Card
ORD09121,2025-03-29,CUST7386,Mouse,Accessories,West,4,882.47,0.16,2965.1,398.55,Credit Card
ORD09122,2024-12-13,CUST5765,Smartphone,Electronics,West,1,29687.76,0.05,28203.38,6804.43,Credit Card
ORD09123,2024-04-25,CUST4983,Keyboard,Accessories,West,4,1628.27,0.09,5926.92,822.56,Cash
ORD09124,2025-09-26,CUST4283,Webcam,Accessories,South,2,3481.79,0.2,5570.86,834.01,Debit Card
ORD09125,2025-01-06,CUST7716,Mouse,Accessories,North,1,772.76,0.18,633.66,130.72,Cash
ORD09126,2025-04-10,CUST6626,Webcam,Accessories,South,4,3527.4,0.14,12134.24,1297.98,Net Banking
ORD09127,2025-03-17,CUST2668,Keyboard,Accessories,North,4,1579.13,0.04,6063.88,656.71,Debit Card
ORD09128,2025-09-05,CUST4692,Smartphone,Electronics,West,1,32041.94,0.2,25633.55,5256.4,UPI
ORD09129,2024-01-04,CUST2357,Tablet,Electronics,East,1,21054.46,0.08,19370.1,1466.63,Credit Card
ORD09130,2025-01-05,CUST3943,Webcam,Accessories,South,3,3574.89,0.19,8686.97,1864.16,Credit Card
ORD09131,2025-12-02,CUST6544,Webcam,Accessories,North,1,3930.36,0.16,3301.51,577.88,Cash
ORD09132,2025-03-19,CUST2819,Smartphone,Electronics,North,2,34286.82,0.07,63773.48,10064.52,Cash
ORD09133,2025-12-15,CUST5233,Laptop,Electronics,West,5,59681.34,0.05,283486.35,27164.19,Cash
ORD09134,2024-08-25,CUST9828,Mouse,Accessories,North,3,726.28,0.03,2113.47,438.07,Debit Card
ORD09135,2024-02-28,CUST2203,Laptop,Electronics,West,1,68445.37,0.06,64338.65,13574.85,Credit Card
ORD09136,2024-11-26,CUST5317,Laptop,Electronics,West,5,63336.34,0.04,304014.41,44564.98,UPI
ORD09137,2025-10-18,CUST2393,Laptop,Electronics,West,3,55722.34,0.15,142091.96,18164.15,Debit Card
ORD09138,2025-05-30,CUST5255,Monitor,Electronics,North,2,11448.7,0.15,19462.79,1931.34,Credit Card
ORD09139,2025-01-30,CUST2227,Printer,Office,East,5,10920.23,0.15,46411.0,9321.5,Net Banking
ORD09140,2024-10-29,CUST1527,Webcam,Accessories,South,1,3812.3,0.16,3202.33,569.66,Net Banking
ORD09141,2025-04-25,CUST7745,Laptop,Electronics,North,1,64896.36,0.2,51917.09,4741.39,Cash
ORD09142,2024-08-16,CUST9127,Mouse,Accessories,South,2,793.42,0.23,1221.86,255.24,Cash
ORD09143,2024-05-19,CUST7946,Printer,Office,North,3,10238.52,0.06,28872.63,6537.95,Cash
ORD09144,2024-02-23,CUST5712,Printer,Office,West,5,9158.19,0.15,38922.31,2407.32,Credit Card
ORD09145,2025-03-17,CUST8279,Laptop,Electronics,South,2,65507.85,0.02,128395.39,26254.82,Cash
ORD09146,2025-07-28,CUST1214,Smartwatch,Electronics,West,3,5973.2,0.03,17382.0,3833.78,UPI
ORD09147,2024-05-22,CUST2941,Laptop,Electronics,North,4,64523.41,0.16,216798.66,53831.45,UPI
ORD09148,2025-07-21,CUST5785,Smartwatch,Electronics,North,4,6655.71,0.12,23428.09,2284.71,Net Banking
ORD09149,2025-08-07,CUST6652,Laptop,Electronics,East,3,68409.96,0.19,166236.2,20646.64,Debit Card
ORD09150,2024-04-06,CUST5833,Mouse,Accessories,South,1,833.2,0.11,741.55,180.37,Credit Card
ORD09151,2025-08-14,CUST8213,Smartwatch,Electronics,North,1,6749.76,0.03,6547.26,450.47,Debit Card
ORD09152,2024-09-27,CUST2438,Monitor,Electronics,North,4,10226.18,0.22,31905.69,4937.14,Cash
ORD09153,2024-05-09,CUST9096,Printer,Office,East,1,9256.82,0.02,9071.68,1372.99,Credit Card
ORD09154,2025-06-08,CUST4202,Laptop,Electronics,East,1,67600.28,0.05,64220.27,11001.55,Cash
ORD09155,2025-05-31,CUST2975,Printer,Office,East,3,8717.12,0.07,24320.76,2825.06,Debit Card
ORD09156,2025-02-20,CUST4089,Laptop,Electronics,West,3,57349.03,0.25,129035.31,30346.99,Net Banking
ORD09157,2025-06-27,CUST7555,Webcam,Accessories,East,1,3654.39,0.1,3288.95,342.09,UPI
ORD09158,2024-06-29,CUST5238,Webcam,Accessories,East,3,3768.56,0.13,9835.93,1769.87,UPI
ORD09159,2025-09-09,CUST2563,Headphones,Electronics,South,5,2366.16,0.19,9582.96,1429.64,UPI
ORD09160,2024-08-24,CUST5909,Laptop,Electronics,West,4,64798.62,0.16,217723.38,22498.38,Credit Card
ORD09161,2025-05-26,CUST4447,Headphones,Electronics,West,5,2834.28,0.21,11195.42,982.63,Cash
ORD09162,2025-06-16,CUST6607,Smartphone,Electronics,North,5,34009.89,0.12,149643.53,36110.84,UPI
ORD09163,2025-03-13,CUST2117,Smartphone,Electronics,South,1,28267.52,0.24,21483.32,3485.85,Cash
ORD09164,2024-08-12,CUST8168,Printer,Office,East,1,10929.96,0.2,8743.97,1493.8,UPI
ORD09165,2024-07-21,CUST9646,Smartwatch,Electronics,West,5,7197.28,0.1,32387.77,6690.64,Debit Card
ORD09166,2024-02-10,CUST8993,Laptop,Electronics,North,5,74271.95,0.1,334223.76,22140.76,Net Banking
ORD09167,2025-11-03,CUST8629,Keyboard,Accessories,South,2,1489.93,0.23,2294.49,442.27,Cash
ORD09168,2024-05-15,CUST4639,Laptop,Electronics,East,2,70356.78,0.17,116792.26,9697.03,Credit Card
ORD09169,2025-04-28,CUST6776,Laptop,Electronics,South,4,70228.67,0.16,235968.34,46744.44,UPI
ORD09170,2024-02-02,CUST1077,Keyboard,Accessories,South,5,1498.84,0.19,6070.32,475.1,Debit Card
ORD09171,2024-01-29,CUST9838,Smartphone,Electronics,East,3,32660.67,0.14,84264.53,18243.16,UPI
ORD09172,2024-12-16,CUST2102,Headphones,Electronics,North,2,2320.78,0.04,4455.9,829.7,Net Banking
ORD09173,2024-02-26,CUST8099,Printer,Office,East,1,8866.76,0.08,8157.42,1037.44,UPI
ORD09174,2024-11-23,CUST1247,Smartphone,Electronics,West,5,29326.47,0.14,126103.84,15355.27,Net Banking
ORD09175,2025-03-20,CUST4292,Keyboard,Accessories,East,3,1699.63,0.0,5098.9,406.84,Cash
ORD09176,2025-04-15,CUST2150,Laptop,Electronics,South,3,65014.52,0.11,173588.77,40066.14,Net Banking
ORD09177,2025-01-04,CUST5999,Smartphone,Electronics,North,3,31217.33,0.19,75858.12,5591.19,Debit Card
ORD09178,2025-11-22,CUST9605,Mouse,Accessories,East,1,829.8,0.04,796.61,115.04,Debit Card
ORD09179,2025-01-05,CUST9867,Webcam,Accessories,West,2,3114.2,0.02,6103.83,593.93,Cash
ORD09180,2025-09-29,CUST2409,Laptop,Electronics,North,3,62860.79,0.21,148980.07,37135.59,Credit Card
ORD09181,2025-09-27,CUST8684,Tablet,Electronics,South,2,23365.8,0.15,39721.86,6640.26,Debit Card
ORD09182,2025-01-06,CUST9524,Keyboard,Accessories,East,4,1712.4,0.04,6575.6,525.5,Cash
ORD09183,2025-05-04,CUST3343,Monitor,Electronics,North,1,10804.86,0.2,8643.89,1586.26,Cash
ORD09184,2024-09-09,CUST9632,Smartwatch,Electronics,North,2,6811.93,0.16,11444.04,2841.8,Debit Card
ORD09185,2025-04-30,CUST7922,Monitor,Electronics,South,2,10542.34,0.08,19397.9,3317.21,Cash
ORD09186,2024-09-14,CUST9720,Smartphone,Electronics,North,3,27681.39,0.09,75570.19,10691.35,Cash
ORD09187,2025-03-14,CUST6706,Laptop,Electronics,North,3,62596.81,0.04,180278.8,19588.02,UPI
ORD09188,2025-08-24,CUST8288,Smartwatch,Electronics,West,1,7085.35,0.21,5597.43,383.0,Cash
ORD09189,2024-01-18,CUST2817,Smartwatch,Electronics,North,2,6434.19,0.13,11195.49,1070.84,Debit Card
ORD09190,2024-08-06,CUST8009,Printer,Office,East,5,9182.69,0.14,39485.56,6346.28,Debit Card
ORD09191,2025-05-26,CUST3545,Monitor,Electronics,West,3,13000.19,0.22,30420.44,6107.12,Debit Card
ORD09192,2024-06-26,CUST5248,Laptop,Electronics,West,3,74021.51,0.0,222064.54,50094.69,UPI
ORD09193,2024-07-27,CUST5439,Printer,Office,East,4,9470.84,0.02,37125.69,7749.71,Debit Card
ORD09194,2025-06-10,CUST5211,Headphones,Electronics,West,1,2640.99,0.04,2535.35,190.39,Cash
ORD09195,2024-08-22,CUST4997,Monitor,Electronics,South,2,11129.09,0.01,22035.6,4510.51,Net Banking
ORD09196,2024-05-14,CUST9295,Webcam,Accessories,South,2,3949.35,,6634.91,1103.52,UPI
ORD09197,2024-07-27,CUST3295,Webcam,Accessories,East,2,3681.55,0.16,6185.0,889.54,Net Banking
ORD09198,2024-07-29,CUST6041,Printer,Office,North,3,10908.03,0.05,31087.89,5115.6,Credit Card
ORD09199,2025-10-28,CUST1363,Headphones,Electronics,West,1,2162.02,0.04,2075.53,107.13,Net Banking
ORD09200,2025-07-05,CUST2409,Mouse,Accessories,East,2,823.64,0.04,1581.39,100.49,Cash
ORD09201,2024-09-29,CUST5983,Mouse,Accessories,West,5,806.63,0.24,3065.18,475.62,UPI
ORD09202,2024-06-08,CUST2226,Webcam,Accessories,South,4,3282.65,0.17,10898.39,923.35,Debit Card
ORD09203,2024-05-23,CUST4445,Tablet,Electronics,South,4,20432.04,0.15,69468.93,11053.08,Debit Card
ORD09204,2025-12-03,CUST7119,Keyboard,Accessories,East,2,1536.01,0.08,2826.26,341.53,Net Banking
ORD09205,2025-05-22,CUST1964,Keyboard,Accessories,West,3,1592.92,0.11,4253.09,984.52,Net Banking
ORD09206,2024-11-29,CUST2813,Tablet,Electronics,South,4,18918.94,0.02,74162.25,17794.24,Net Banking
ORD09207,2025-05-16,CUST2284,Printer,Office,West,4,10202.2,0.25,30606.61,7527.91,Cash
ORD09208,2025-03-19,CUST7661,Keyboard,Accessories,South,4,1351.71,0.19,4379.53,1006.36,Debit Card
ORD09209,2024-03-26,CUST6391,Keyboard,Accessories,South,4,1338.16,0.16,4496.23,1111.37,Credit Card
ORD09210,2024-06-28,CUST3807,Monitor,Electronics,South,2,12443.23,0.15,21153.49,4045.17,Cash
ORD09211,2024-03-20,CUST9599,Monitor,Electronics,South,1,11319.13,0.13,9847.65,2384.2,Debit Card
ORD09212,2025-07-14,CUST9205,Tablet,Electronics,North,1,21609.81,0.06,20313.22,3623.04,Debit Card
ORD09213,2024-06-02,CUST1535,Laptop,Electronics,East,3,62269.98,0.06,175601.33,37199.89,Debit Card
ORD09214,2024-06-27,CUST1253,Headphones,Electronics,West,5,2611.25,0.14,11228.38,857.65,Debit Card
ORD09215,2024-10-25,CUST3891,Printer,Office,South,1,9910.36,0.02,9712.15,1811.51,UPI
ORD09216,2024-11-21,CUST8078,Monitor,Electronics,South,5,13668.45,0.02,66975.41,15820.98,Debit Card
ORD09217,2024-01-09,CUST6878,Monitor,Electronics,South,1,11468.58,0.14,9862.98,1558.45,Net Banking
ORD09218,2025-03-03,CUST5584,Mouse,Accessories,East,1,857.67,0.23,660.4,57.7,Debit Card
ORD09219,2024-07-10,CUST4183,Headphones,Electronics,West,3,2317.97,0.23,5354.51,831.97,Credit Card
ORD09220,2024-03-30,CUST8469,Mouse,Accessories,East,4,802.1,0.0,3208.4,614.05,UPI
ORD09221,2024-01-02,CUST1104,Laptop,Electronics,East,3,66025.11,0.03,192133.07,39187.02,Credit Card
ORD09222,2025-02-23,CUST1227,Headphones,Electronics,South,1,2371.83,0.15,2016.06,311.97,Credit Card
ORD09223,2024-01-03,CUST8592,Keyboard,Accessories,West,4,1487.3,0.21,4699.87,439.31,Credit Card
ORD09224,2025-02-08,CUST7631,Mouse,Accessories,South,4,747.03,0.24,2270.96,534.44,Cash
ORD09225,2025-05-06,CUST3029,Webcam,Accessories,East,4,2981.3,0.22,9301.66,1904.27,Debit Card
ORD09226,2025-12-07,CUST1452,Printer,Office,North,5,9146.94,0.17,37959.82,3953.05,Debit Card
ORD09227,2024-09-21,CUST2210,Keyboard,Accessories,North,1,1590.03,0.05,1510.53,320.78,Credit Card
ORD09228,2024-08-30,CUST2954,Headphones,Electronics,East,2,2703.22,0.02,5298.32,633.53,Debit Card
ORD09229,2025-11-07,CUST8490,Webcam,Accessories,South,3,3269.21,0.01,9709.56,1092.19,Cash
ORD09230,2025-12-25,CUST4410,Laptop,Electronics,South,5,63206.84,0.15,268629.06,59800.95,Debit Card
ORD09231,2024-12-25,CUST9274,Webcam,Accessories,West,3,3014.23,0.01,8952.27,2011.1,Debit Card
ORD09232,2024-07-13,CUST1832,Monitor,Electronics,West,2,11053.43,0.18,18127.62,2351.08,Credit Card
ORD09233,2025-05-13,CUST1146,Tablet,Electronics,North,4,23842.85,0.18,78204.54,4049.79,UPI
ORD09234,2025-07-21,CUST3382,Webcam,Accessories,South,2,3611.29,0.02,7078.12,618.01,UPI
ORD09235,2025-09-08,CUST7936,Smartwatch,Electronics,East,3,6382.12,0.23,14742.69,3418.23,Debit Card
ORD09236,2024-07-31,CUST3726,Laptop,Electronics,South,2,60270.12,0.13,104870.01,24093.87,Credit Card
ORD09237,2024-06-02,CUST3270,Keyboard,Accessories,South,1,1642.56,0.23,1264.77,177.91,UPI
ORD09238,2025-12-28,CUST5701,Mouse,Accessories,East,2,730.18,0.23,1124.48,124.62,UPI
ORD09239,2024-02-15,CUST5955,Smartphone,Electronics,North,1,28507.42,0.05,27082.05,2993.91,Net Banking
ORD09240,2024-06-29,CUST9873,,Electronics,East,2,68204.99,0.1,122768.99,28167.99,UPI
ORD09241,2025-07-25,CUST1397,Smartwatch,Electronics,South,1,7128.34,0.03,6914.49,794.8,Cash
ORD09242,2024-08-13,CUST2466,Monitor,Electronics,East,1,11859.13,0.19,9605.9,1463.13,Net Banking
ORD09243,2024-02-01,CUST1440,Mouse,Accessories,West,2,895.94,0.13,1558.93,305.87,Credit Card
ORD09244,2024-12-12,CUST8894,Printer,Office,West,5,9159.13,0.23,35262.66,3240.5,Net Banking
ORD09245,2025-03-21,CUST6086,Smartphone,Electronics,West,4,32172.78,0.05,122256.56,12319.53,UPI
ORD09246,2024-06-23,CUST5685,Webcam,Accessories,West,4,3142.02,0.17,10431.5,1268.6,Net Banking
ORD09247,2025-08-28,CUST1991,Smartwatch,Electronics,East,4,7243.04,0.25,21729.12,3929.6,Credit Card
ORD09248,2024-05-09,CUST8614,Webcam,Accessories,North,1,3889.15,0.17,3228.0,689.17,Debit Card
ORD09249,2025-10-24,CUST8024,Printer,Office,North,4,9873.71,0.02,38704.92,6167.29,Cash
ORD09250,2024-10-23,CUST9499,Laptop,Electronics,West,1,69373.74,0.15,58967.68,4516.08,Debit Card
ORD09251,2024-09-08,CUST3696,Tablet,Electronics,South,5,24114.6,0.04,115750.06,16118.09,Credit Card
ORD09252,2025-03-27,CUST1143,Smartwatch,Electronics,East,2,6235.66,0.01,12346.6,932.64,Debit Card
ORD09253,2025-02-24,CUST9521,Headphones,Electronics,South,2,2654.37,0.08,4884.04,330.45,Cash
ORD09254,2025-10-12,CUST1783,Keyboard,Accessories,West,1,1688.93,0.07,1570.7,263.76,Credit Card
ORD09255,2025-04-28,CUST4232,Headphones,Electronics,East,1,2557.28,0.2,2045.82,493.54,Debit Card
ORD09256,2024-12-22,CUST7450,Tablet,Electronics,West,5,19928.41,0.09,90674.25,19723.68,Cash
ORD09257,2025-09-15,CUST3874,Printer,Office,East,4,8880.83,0.18,29129.11,5968.39,Net Banking
ORD09258,2024-06-06,CUST3051,Headphones,Electronics,West,5,2319.8,0.0,11599.01,2266.58,Debit Card
ORD09259,2025-07-22,CUST4563,Monitor,Electronics,North,2,10572.65,0.0,21145.3,4851.27,Net Banking
ORD09260,2025-12-02,CUST5600,Smartwatch,Electronics,East,2,7028.13,0.01,13915.69,2791.03,UPI
ORD09261,2025-06-28,CUST1185,Monitor,Electronics,North,4,10450.94,0.05,39713.56,6964.78,Net Banking
ORD09262,2024-01-01,CUST8013,Smartphone,Electronics,West,2,27510.64,0.09,50069.37,6155.33,Net Banking
ORD09263,2025-10-04,CUST9033,Tablet,Electronics,East,1,21603.41,0.15,18362.9,1288.87,UPI
ORD09264,2024-01-09,CUST4865,Smartphone,Electronics,South,2,29765.23,0.25,44647.85,6349.22,Credit Card
ORD09265,2025-05-23,CUST3787,Smartphone,Electronics,South,3,30588.59,0.09,83506.84,19620.5,UPI
ORD09266,2025-06-27,CUST4055,Smartphone,Electronics,East,4,31850.53,0.01,126128.12,21015.47,Net Banking
ORD09267,2025-08-11,CUST2965,Laptop,Electronics,North,4,56170.96,0.05,213449.64,18548.95,Credit Card
ORD09268,2024-04-04,CUST7329,Laptop,Electronics,West,4,56822.11,0.22,177284.98,31876.67,Debit Card
ORD09269,2025-11-27,CUST4466,Tablet,Electronics,North,3,19101.67,0.17,47563.16,6805.93,Cash
ORD09270,2024-10-03,CUST4732,Mouse,Accessories,North,5,781.56,0.2,3126.22,738.65,Credit Card
ORD09271,2025-06-18,CUST4075,Headphones,Electronics,East,1,2156.39,0.03,2091.69,171.91,Net Banking
ORD09272,2024-04-26,CUST4396,Laptop,Electronics,South,4,69798.58,0.03,270818.51,52106.12,Debit Card
ORD09273,2025-03-31,CUST8365,Webcam,Accessories,West,2,3209.15,0.03,6225.75,1159.99,Credit Card
ORD09274,2024-12-25,CUST9981,Monitor,Electronics,North,1,13581.16,0.21,10729.12,2646.96,Cash
ORD09275,2024-01-30,CUST3925,Laptop,Electronics,South,2,64734.87,0.05,122996.26,20046.23,Net Banking
ORD09276,2024-11-20,CUST4430,Printer,Office,North,1,9838.98,0.16,8264.74,1853.9,UPI
ORD09277,2024-03-14,CUST8173,Smartphone,Electronics,East,1,32524.85,0.13,28296.62,1554.7,Cash
ORD09278,2025-02-22,CUST2997,Laptop,Electronics,East,2,69156.5,0.14,118949.18,8871.04,Cash
ORD09279,2024-09-19,CUST6781,Tablet,Electronics,North,2,22708.24,0.05,43145.66,5142.43,Cash
ORD09280,2025-03-21,CUST7927,Monitor,Electronics,South,1,13566.53,0.16,11395.88,1981.35,Cash
ORD09281,2025-07-04,CUST3015,Monitor,Electronics,North,4,11720.13,0.01,46411.73,6489.1,Debit Card
ORD09282,2025-02-07,CUST7307,Mouse,Accessories,West,2,874.05,0.25,1311.07,118.7,Credit Card
ORD09283,2024-04-13,CUST3737,Keyboard,Accessories,North,3,1446.04,0.01,4294.74,720.83,Cash
ORD09284,2025-03-15,CUST8737,Keyboard,Accessories,West,3,1652.26,0.01,4907.2,801.54,Cash
ORD09285,2025-12-06,CUST1710,Headphones,Electronics,North,1,2319.61,0.08,2134.04,330.54,Net Banking
ORD09286,2024-05-22,CUST5694,Webcam,Accessories,West,5,3278.73,0.21,12950.99,882.11,UPI
ORD09287,2025-12-14,CUST2202,Smartwatch,Electronics,South,1,7373.53,0.06,6931.11,1631.62,Net Banking
ORD09288,2024-07-25,CUST4049,Tablet,Electronics,North,1,20103.91,0.12,17691.44,2980.14,Credit Card
ORD09289,2025-06-29,CUST8554,Printer,Office,North,4,9187.46,0.0,36749.85,3777.82,Debit Card
ORD09290,2024-09-17,CUST9244,Laptop,Electronics,West,4,61202.62,0.02,239914.26,44980.0,UPI
ORD09291,2024-03-23,CUST2310,Tablet,Electronics,East,5,23180.93,0.15,98518.95,11189.94,Net Banking
ORD09292,2024-09-19,CUST2406,Webcam,Accessories,South,5,3908.86,0.05,18567.07,2806.81,Net Banking
ORD09293,2024-06-20,CUST5085,Keyboard,Accessories,East,5,1578.56,0.17,6551.01,774.5,Debit Card
ORD09294,2025-11-28,CUST5674,Tablet,Electronics,East,5,24163.57,0.2,96654.3,21851.49,Debit Card
ORD09295,2024-12-27,CUST6456,Laptop,Electronics,North,5,65849.43,0.21,260105.25,64713.18,UPI
ORD09296,2024-02-11,CUST6302,Mouse,Accessories,North,1,696.54,0.03,675.65,55.56,Cash
ORD09297,2024-09-30,CUST4521,Headphones,Electronics,North,1,2200.35,0.11,1958.31,107.15,Debit Card
ORD09298,2025-05-14,CUST2308,Mouse,Accessories,East,3,813.05,0.24,1853.76,174.0,Net Banking
ORD09299,2024-05-11,CUST6282,Keyboard,Accessories,South,3,1422.51,0.19,3456.7,580.69,Net Banking
ORD09300,2025-03-28,CUST7115,Smartphone,Electronics,West,2,27485.11,0.03,53321.12,4521.11,Cash
ORD09301,2025-02-28,CUST3353,Keyboard,Accessories,West,1,1484.82,0.13,1291.79,274.24,Cash
ORD09302,2025-08-31,CUST2564,Headphones,Electronics,West,5,2624.87,0.23,10105.76,1331.27,Debit Card
ORD09303,2024-02-22,CUST1408,Laptop,Electronics,South,2,62757.34,0.11,111708.07,19225.69,Cash
ORD09304,2025-01-31,CUST2098,Webcam,Accessories,East,4,3817.67,0.21,12063.84,1702.49,Net Banking
ORD09305,2024-07-12,CUST6432,Smartwatch,Electronics,East,1,7500.9,0.12,6600.79,1522.58,Debit Card
ORD09306,2025-02-02,CUST1111,Mouse,Accessories,South,3,856.38,0.03,2492.06,142.12,UPI
ORD09307,2025-04-08,CUST2271,Keyboard,Accessories,North,1,1718.34,0.04,1649.6,323.09,Credit Card
ORD09308,2024-12-20,CUST6938,Webcam,Accessories,South,1,3284.99,0.01,3252.14,586.8,Debit Card
ORD09309,2024-06-21,CUST3883,Mouse,Accessories,East,1,834.73,0.05,793.0,142.66,UPI
ORD09310,2024-12-05,CUST8035,Keyboard,Accessories,West,1,1659.97,0.22,1294.77,171.94,Net Banking
ORD09311,2024-07-11,CUST7901,Headphones,Electronics,West,4,2559.64,0.16,8600.4,456.98,Debit Card
ORD09312,2025-03-05,CUST2675,Mouse,Accessories,West,3,869.48,0.18,2138.92,401.79,Debit Card
ORD09313,2025-01-21,CUST7623,Keyboard,Accessories,North,1,1461.5,0.16,1227.66,265.05,Debit Card
ORD09314,2025-10-18,CUST1324,Laptop,Electronics,North,4,66764.58,0.1,240352.49,16114.69,Cash
ORD09315,2025-10-18,CUST5073,Headphones,Electronics,South,2,2166.75,0.05,4116.82,569.45,Cash
ORD09316,2025-04-12,CUST4826,Webcam,Accessories,West,1,4010.06,0.23,3087.74,254.8,Net Banking
ORD09317,2024-11-26,CUST7628,Webcam,Accessories,North,4,3815.02,0.13,13276.27,2286.01,UPI
ORD09318,2025-06-10,CUST2432,Smartwatch,Electronics,East,5,7774.5,0.12,34207.8,7085.15,Debit Card
ORD09319,2025-03-04,CUST6955,Tablet,Electronics,South,2,23282.34,0.25,34923.51,6402.92,Credit Card
ORD09320,2024-08-03,CUST6527,Smartphone,Electronics,East,3,27174.45,0.1,73371.02,8335.83,Credit Card
ORD09321,2024-10-02,CUST8943,Laptop,Electronics,East,1,55855.05,0.21,44125.49,3439.43,Credit Card
ORD09322,2024-04-17,CUST4784,Headphones,Electronics,West,1,2773.49,0.22,2163.32,451.82,Cash
ORD09323,2024-09-12,CUST5379,Mouse,Accessories,East,4,775.12,0.06,2914.45,334.53,Net Banking
ORD09324,2024-03-19,CUST7581,Webcam,Accessories,West,3,3252.06,0.02,9561.05,520.39,Debit Card
ORD09325,2025-01-24,CUST7013,Laptop,Electronics,South,5,66202.62,0.24,251569.97,41328.98,Net Banking
ORD09326,2025-06-13,CUST1871,Headphones,Electronics,East,2,2440.67,0.11,4344.4,431.55,Cash
ORD09327,2024-12-07,CUST9235,Headphones,Electronics,West,3,2613.75,0.0,7841.25,1711.28,Debit Card
ORD09328,2024-10-31,CUST7519,Mouse,Accessories,East,1,796.11,0.12,700.58,55.1,Debit Card
ORD09329,2025-12-25,CUST8321,Headphones,Electronics,North,4,2647.92,0.15,9002.94,1233.04,Net Banking
ORD09330,2024-07-27,CUST5702,Printer,Office,North,5,11060.27,0.19,44794.09,4507.45,Credit Card
ORD09331,2024-01-11,CUST1001,Laptop,Electronics,East,4,59063.36,0.24,179552.62,33741.59,Credit Card
ORD09332,2024-05-25,CUST7891,Keyboard,Accessories,North,2,1423.24,0.23,2191.8,350.04,UPI
ORD09333,2024-02-04,CUST5493,Webcam,Accessories,South,3,3433.66,0.24,7828.74,1629.92,UPI
ORD09334,2025-07-20,CUST1596,Webcam,Accessories,North,4,3985.16,0.01,15781.24,2236.56,Net Banking
ORD09335,2024-12-16,CUST8035,Keyboard,Accessories,South,4,1439.4,0.18,4721.23,240.6,Debit Card
ORD09336,2025-06-23,CUST7517,Laptop,Electronics,West,1,62681.45,0.06,58920.56,5481.93,Cash
ORD09337,2025-11-06,CUST2789,Smartphone,Electronics,South,4,31381.25,0.05,119248.76,29792.09,Cash
ORD09338,2024-04-18,CUST4804,Laptop,Electronics,West,5,63424.39,0.2,253697.58,33251.89,UPI
ORD09339,2024-01-24,CUST8212,Monitor,Electronics,North,3,13624.41,0.1,36785.89,6402.48,UPI
ORD09340,2025-11-03,CUST5066,Headphones,Electronics,West,2,2795.85,0.23,4305.61,994.54,Cash
ORD09341,2025-05-13,CUST5910,Tablet,Electronics,North,4,22088.5,0.01,87470.45,4732.57,Credit Card
ORD09342,2025-01-06,CUST6651,Mouse,Accessories,West,5,834.75,0.2,3338.98,607.43,Net Banking
ORD09343,2024-06-13,CUST3171,Printer,Office,South,2,8674.09,0.03,16827.74,1811.93,UPI
ORD09344,2025-01-31,CUST5668,Tablet,Electronics,East,5,23291.82,0.04,111800.74,11834.07,UPI
ORD09345,2024-09-28,CUST8423,Keyboard,Accessories,East,4,1593.24,0.12,5608.21,532.61,Cash
ORD09346,2025-09-15,CUST6835,Mouse,Accessories,East,4,766.21,0.1,2758.35,591.79,Credit Card
ORD09347,2025-03-02,CUST9708,Mouse,Accessories,West,3,732.72,0.12,1934.39,241.0,Cash
ORD09348,2024-03-13,CUST1313,Mouse,Accessories,East,1,899.62,0.24,683.71,43.36,UPI
ORD09349,2024-02-19,CUST2360,Webcam,Accessories,North,5,3423.04,0.16,14376.77,997.32,Cash
ORD09350,2025-09-14,CUST3124,Printer,Office,North,1,10461.12,0.07,9728.84,775.61,Net Banking
ORD09351,2025-06-08,CUST1827,Webcam,Accessories,South,1,3010.0,0.04,2889.6,663.99,UPI
ORD09352,2024-03-11,CUST2676,Headphones,Electronics,West,2,2435.55,0.11,4335.28,587.38,UPI
ORD09353,2025-05-06,CUST5391,Monitor,Electronics,South,2,13142.13,0.11,23392.99,5455.48,UPI
ORD09354,2025-04-18,CUST4778,Smartwatch,Electronics,East,5,6763.91,0.15,28746.62,6137.28,UPI
ORD09355,2024-07-19,CUST2460,Printer,Office,West,1,10309.48,0.07,9587.82,2086.08,UPI
ORD09356,2024-01-24,CUST3754,Tablet,Electronics,South,3,20085.05,0.19,48806.67,5240.19,Debit Card
ORD09357,2025-04-13,CUST6770,Headphones,Electronics,North,1,2437.39,0.02,2388.65,249.05,Debit Card
ORD09358,2025-03-12,CUST9969,Laptop,Electronics,East,2,73338.94,0.14,126142.97,20436.89,Cash
ORD09359,2024-08-01,CUST2563,Keyboard,Accessories,East,1,1529.9,0.16,1285.12,171.67,Debit Card
ORD09360,2024-10-21,CUST6238,Monitor,Electronics,East,4,13446.95,0.05,51098.42,7757.36,UPI
ORD09361,2024-05-26,CUST9586,Headphones,Electronics,South,4,2801.51,0.21,8852.79,536.84,UPI
ORD09362,2025-01-16,CUST2272,Laptop,Electronics,East,3,73660.88,0.15,187835.25,45891.54,UPI
ORD09363,2025-11-16,CUST6126,Monitor,Electronics,North,5,13423.41,0.16,56378.32,3474.81,Debit Card
ORD09364,2025-03-04,CUST6532,Laptop,Electronics,East,1,55313.98,0.12,48676.3,4174.78,Debit Card
ORD09365,2025-02-19,CUST6056,Printer,Office,South,4,11302.04,0.23,34810.3,6462.19,Credit Card
ORD09366,2024-01-05,CUST9846,Laptop,Electronics,South,5,57930.46,0.17,240411.41,19497.44,UPI
ORD09367,2025-01-24,CUST2475,Monitor,Electronics,East,4,10343.73,0.1,37237.44,2657.78,Credit Card
ORD09368,2024-01-07,CUST7018,Laptop,Electronics,East,5,56330.08,0.06,264751.36,21371.81,Credit Card
ORD09369,2025-12-23,CUST8187,Tablet,Electronics,South,5,21002.85,0.02,102913.95,6420.19,Credit Card
ORD09370,2025-05-04,CUST2915,Headphones,Electronics,North,4,2590.6,0.04,9947.92,997.42,UPI
ORD09371,2024-11-24,CUST9194,Monitor,Electronics,North,2,11648.32,0.25,17472.48,1821.05,Debit Card
ORD09372,2024-10-02,CUST1412,Tablet,Electronics,East,5,18868.66,0.1,84908.96,12712.94,UPI
ORD09373,2024-08-27,CUST5115,Laptop,Electronics,East,1,64541.41,0.22,50342.3,6934.38,Debit Card
ORD09374,2024-01-04,CUST5091,Laptop,Electronics,East,4,63871.55,0.04,245266.75,35500.57,UPI
ORD09375,2025-12-14,CUST5540,Mouse,Accessories,South,2,861.64,0.11,1533.73,265.65,Net Banking
ORD09376,2024-04-15,CUST2369,Monitor,Electronics,West,4,11206.61,0.24,34068.08,3277.09,Net Banking
ORD09377,2024-02-09,CUST7820,Printer,Office,West,3,9152.59,0.02,26908.62,2070.37,UPI
ORD09378,2025-07-30,CUST4411,Laptop,Electronics,South,1,60240.81,0.15,51204.69,11560.77,UPI
ORD09379,2025-06-30,CUST6170,Keyboard,Accessories,East,3,1411.68,0.23,3260.99,576.5,UPI
ORD09380,2025-07-09,CUST9544,Webcam,Accessories,West,5,3604.12,0.24,13695.67,850.95,Net Banking
ORD09381,2024-09-19,CUST9669,Smartwatch,Electronics,South,5,6940.2,0.21,27413.8,6639.91,UPI
ORD09382,2025-10-23,CUST3291,Webcam,Accessories,South,3,3328.74,0.21,7889.11,1487.99,Cash
ORD09383,2024-10-05,CUST6676,Printer,Office,North,3,9622.94,0.16,24249.82,1948.25,Cash
ORD09384,2025-07-30,CUST5822,Headphones,Electronics,South,5,2403.19,0.06,11295.01,2754.03,Cash
ORD09385,2024-12-09,CUST8582,Smartphone,Electronics,East,2,34251.66,0.18,56172.72,6913.82,UPI
ORD09386,2025-06-27,CUST8190,Keyboard,Accessories,North,1,1379.85,0.24,1048.68,258.92,Credit Card
ORD09387,2025-04-23,CUST3100,Smartphone,Electronics,West,4,32862.55,0.13,114361.69,8080.24,Credit Card
ORD09388,2024-06-12,CUST6161,Laptop,Electronics,South,3,69060.11,0.07,192677.71,15798.39,Debit Card
ORD09389,2025-02-05,CUST5948,Headphones,Electronics,North,1,2129.18,0.14,1831.09,332.31,Cash
ORD09390,2025-04-29,CUST2350,Tablet,Electronics,South,4,25254.96,0.17,83846.48,4563.65,Net Banking
ORD09391,2024-12-18,CUST1372,Laptop,Electronics,South,4,70000.57,0.05,266002.16,14294.4,Cash
ORD09392,2025-11-03,CUST7698,Smartphone,Electronics,North,3,31642.05,0.18,77839.43,16221.47,Cash
ORD09393,2024-03-22,CUST2489,Laptop,Electronics,West,2,63153.83,0.15,107361.51,8970.71,Debit Card
ORD09394,2024-09-21,CUST5997,Smartwatch,Electronics,South,2,7115.93,0.15,12097.08,2827.79,Cash
ORD09395,2024-02-11,CUST3867,Mouse,Accessories,East,1,740.79,0.08,681.52,92.13,Credit Card
ORD09396,2024-07-17,CUST4565,Smartwatch,Electronics,West,1,6024.52,0.04,5783.53,1299.74,Net Banking
ORD09397,2025-01-17,CUST2022,Headphones,Electronics,West,5,2752.02,0.16,11558.47,1543.66,Credit Card
ORD09398,2024-07-25,CUST6223,Tablet,Electronics,South,2,24616.8,0.15,41848.56,6530.3,Cash
ORD09399,2024-04-19,CUST6644,Smartwatch,Electronics,West,1,6291.19,0.08,5787.89,655.78,UPI
ORD09400,2025-10-05,CUST3379,Monitor,Electronics,North,5,13033.4,0.07,60605.32,11006.85,Net Banking
ORD09401,2025-03-05,CUST8466,Tablet,Electronics,North,4,23591.61,0.09,85873.45,9758.68,Net Banking
ORD09402,2024-03-12,CUST8023,Smartphone,Electronics,West,1,27105.38,0.12,23852.73,2257.28,Debit Card
ORD09403,2025-02-11,CUST6763,Smartwatch,Electronics,South,5,6835.84,0.24,25976.19,1719.87,Debit Card
ORD09404,2025-09-27,CUST6211,Mouse,Accessories,East,2,781.46,0.19,1265.97,77.9,Net Banking
ORD09405,2025-12-09,CUST1489,Tablet,Electronics,South,4,23715.76,0.21,74941.81,8333.15,Net Banking
ORD09406,2024-10-05,CUST3591,Laptop,Electronics,South,1,71584.39,0.13,62278.42,12287.2,Credit Card
ORD09407,2024-04-16,CUST4980,Mouse,Accessories,South,2,702.75,0.13,1222.78,111.42,Cash
ORD09408,2025-03-14,CUST1035,Laptop,Electronics,West,4,66227.9,0.05,251666.02,27644.38,Net Banking
ORD09409,2025-10-16,CUST2305,Smartwatch,Electronics,West,3,7549.67,0.18,18572.19,4290.81,UPI
ORD09410,2024-02-20,CUST8372,Keyboard,Accessories,South,2,1628.79,0.11,2899.24,515.58,Cash
ORD09411,2024-05-02,CUST8829,Keyboard,Accessories,East,3,1341.6,0.19,3260.08,762.68,Net Banking
ORD09412,2025-07-15,CUST3698,Smartphone,Electronics,South,1,30229.55,0.1,27206.59,6318.6,Debit Card
ORD09413,2025-03-06,CUST3840,Mouse,Accessories,East,5,885.81,0.03,4296.2,269.29,Debit Card
ORD09414,2025-07-04,CUST7990,Laptop,Electronics,South,1,61461.11,0.04,59002.67,14219.75,Debit Card
ORD09415,2024-11-19,CUST9364,Printer,Office,East,2,9775.35,0.2,15640.56,942.12,UPI
ORD09416,2025-01-09,CUST4489,Mouse,Accessories,South,3,873.05,0.06,2461.99,578.87,Credit Card
ORD09417,2025-11-08,CUST7431,Monitor,Electronics,North,3,10521.55,0.07,29355.13,4677.64,Cash
ORD09418,2025-07-01,CUST4173,Smartphone,Electronics,West,4,33235.44,0.23,102365.15,16034.26,Credit Card
ORD09419,2025-02-24,CUST1664,Webcam,Accessories,South,1,3301.71,0.16,2773.44,534.31,Credit Card
ORD09420,2025-01-10,CUST3498,Webcam,Accessories,West,1,2976.52,0.03,2887.23,652.06,Credit Card
ORD09421,2024-04-18,CUST1120,Laptop,Electronics,South,2,59816.1,0.04,114846.92,19914.56,Debit Card
ORD09422,2025-05-05,CUST2080,Keyboard,Accessories,West,3,1315.28,0.07,3669.62,495.69,Cash
ORD09423,2025-09-27,CUST3286,Tablet,Electronics,North,2,19309.74,0.15,32826.56,2375.92,Debit Card
ORD09424,2024-08-10,CUST2436,Monitor,Electronics,West,2,12694.21,0.19,20564.62,4274.19,Credit Card
ORD09425,2024-01-19,CUST9212,Webcam,Accessories,North,3,3199.68,0.07,8927.09,675.41,Net Banking
ORD09426,2025-07-02,CUST4604,Laptop,Electronics,West,2,73477.48,0.22,114624.86,22383.16,UPI
ORD09427,2024-08-04,CUST8110,Laptop,Electronics,South,3,65320.67,0.03,190083.15,29574.08,UPI
ORD09428,2025-09-04,CUST8465,Smartwatch,Electronics,East,2,6916.21,0.05,13140.79,1671.08,Credit Card
ORD09429,2025-12-05,CUST7154,Keyboard,Accessories,West,5,1470.43,0.24,5587.62,964.41,Debit Card
ORD09430,2025-08-19,CUST4641,Mouse,Accessories,North,2,846.22,0.03,1641.67,335.67,Cash
ORD09431,2024-08-20,CUST7497,Tablet,Electronics,North,2,21684.93,0.22,33828.5,8058.89,Debit Card
ORD09432,2025-07-04,CUST4823,Smartwatch,Electronics,West,5,6220.06,0.18,25502.25,2625.19,Cash
ORD09433,2025-02-13,CUST2944,Webcam,Accessories,North,1,3899.18,0.02,3821.2,914.89,Net Banking
ORD09434,2025-07-07,CUST2217,Tablet,Electronics,North,3,21527.41,0.12,56832.36,13764.21,Cash
ORD09435,2025-05-26,CUST8019,Smartphone,Electronics,North,4,26166.04,0.13,91057.82,19370.38,Cash
ORD09436,2024-07-08,CUST2009,Keyboard,Accessories,North,5,1513.21,0.23,5825.88,1318.32,Net Banking
ORD09437,2024-11-01,CUST7445,Webcam,Accessories,West,1,3654.71,0.11,3252.7,613.09,UPI
ORD09438,2025-03-28,CUST6141,Laptop,Electronics,South,2,60623.86,0.11,107910.47,6239.32,Cash
ORD09439,2024-04-16,CUST9015,Webcam,Accessories,South,1,3815.36,0.03,3700.9,610.71,Net Banking
ORD09440,2025-10-30,CUST3694,Printer,Office,North,5,10509.33,0.16,44139.18,8803.16,Cash
ORD09441,2024-08-12,CUST7129,Headphones,Electronics,East,2,2612.76,0.05,4964.24,1183.18,Debit Card
ORD09442,2025-01-20,CUST9208,Headphones,Electronics,West,1,2440.62,0.02,2391.81,392.47,Net Banking
ORD09443,2025-06-13,CUST4842,Webcam,Accessories,West,4,3985.01,0.25,11955.03,2496.69,Credit Card
ORD09444,2024-02-29,CUST3443,Printer,Office,East,3,9322.57,0.07,26009.96,4968.1,Cash
ORD09445,2025-01-06,CUST4147,Webcam,Accessories,West,3,3581.59,0.04,10314.98,1095.04,Cash
ORD09446,2024-05-21,CUST9394,Headphones,Electronics,East,5,2356.79,0.17,9780.68,791.7,Debit Card
ORD09447,2024-04-27,CUST9424,Smartwatch,Electronics,South,2,7514.09,0.21,11872.26,2376.6,Debit Card
ORD09448,2025-11-10,CUST9978,Smartphone,Electronics,South,2,25930.12,0.02,50823.04,4917.32,Credit Card
ORD09449,2024-07-10,CUST2772,Headphones,Electronics,South,3,2159.42,0.03,6283.91,621.72,Net Banking
ORD09450,2024-10-12,CUST1095,Smartphone,Electronics,South,1,32797.75,0.02,32141.79,5746.61,Credit Card
ORD09451,2025-06-24,CUST9465,Laptop,Electronics,North,2,63718.23,0.01,126162.09,26218.21,Credit Card
ORD09452,2025-10-30,CUST8939,Smartphone,Electronics,North,4,28570.62,0.16,95997.28,15980.32,UPI
ORD09453,2024-01-19,CUST4989,Smartwatch,Electronics,West,4,7225.81,0.15,24567.74,5576.79,Credit Card
ORD09454,2025-08-24,CUST8877,Printer,Office,East,2,10605.7,0.17,17605.46,1624.78,Cash
ORD09455,2025-09-13,CUST2943,Smartphone,Electronics,East,2,27310.81,0.13,47520.81,4775.03,Credit Card
ORD09456,2025-07-23,CUST3092,Tablet,Electronics,North,3,19923.85,0.2,47817.23,8482.35,Debit Card
ORD09457,2024-04-25,CUST6498,Mouse,Accessories,East,5,909.96,0.14,3912.81,844.67,Debit Card
ORD09458,2024-02-09,CUST2884,Headphones,Electronics,South,3,2567.25,0.23,5930.34,936.23,Cash
ORD09459,2024-09-21,CUST6001,Printer,Office,East,5,9670.35,0.12,42549.54,2215.82,UPI
ORD09460,2024-04-30,CUST5525,Monitor,Electronics,South,4,13085.19,0.2,41872.61,7762.71,Credit Card
ORD09461,2025-09-13,CUST9867,Laptop,Electronics,West,5,65490.6,0.1,294707.7,62689.19,Net Banking
ORD09462,2024-12-29,CUST2633,Mouse,Accessories,East,3,738.0,0.11,1970.46,207.51,Debit Card
ORD09463,2024-07-23,CUST2266,Tablet,Electronics,South,2,20064.45,0.21,31701.84,1928.73,Cash
ORD09464,2025-04-30,CUST1136,Keyboard,Accessories,West,5,1453.59,0.03,7049.9,1082.8,Net Banking
ORD09465,2025-11-01,CUST6177,Smartwatch,Electronics,West,3,7755.78,0.14,20009.92,1169.2,Credit Card
ORD09466,2024-04-04,CUST2941,Webcam,Accessories,West,4,3039.52,0.18,9969.63,1327.99,Credit Card
ORD09467,2025-02-02,CUST7924,Mouse,Accessories,East,5,732.45,0.19,2966.41,158.89,Credit Card
ORD09468,2025-06-29,CUST9360,Printer,Office,South,4,11179.46,0.15,38010.15,3610.71,Net Banking
ORD09469,2024-11-25,CUST9653,Printer,Office,North,4,8865.2,0.11,31560.13,4032.26,Credit Card
ORD09470,2025-10-22,CUST5505,Printer,Office,North,1,10388.88,0.07,9661.66,698.94,UPI
ORD09471,2025-09-06,CUST9055,Laptop,Electronics,South,5,59413.47,0.23,228741.87,16659.54,Net Banking
ORD09472,2024-11-05,CUST8551,Smartphone,Electronics,West,3,30952.8,0.09,84501.15,18202.59,Debit Card
ORD09473,2024-08-04,CUST9747,Headphones,Electronics,North,5,2412.33,0.2,9649.31,562.41,UPI
ORD09474,2025-11-07,CUST7616,Keyboard,Accessories,East,5,1320.75,0.01,6537.74,1227.74,Cash
ORD09475,2024-06-16,CUST9789,Webcam,Accessories,West,4,3586.6,0.06,13485.61,2871.04,Credit Card
ORD09476,2025-06-15,CUST7732,Printer,Office,North,4,10549.13,0.09,38398.83,2923.86,Cash
ORD09477,2024-04-18,CUST2265,Webcam,Accessories,South,4,3689.29,0.17,12248.43,1091.02,Debit Card
ORD09478,2024-07-17,CUST5004,Monitor,Electronics,North,4,12493.32,0.08,45975.43,8197.36,Cash
ORD09479,2025-02-05,CUST2531,Laptop,Electronics,East,3,65004.38,0.01,193063.02,21841.09,Debit Card
ORD09480,2024-06-20,CUST4760,Printer,Office,South,2,10058.42,0.04,19312.16,2805.76,Cash
ORD09481,2024-07-02,CUST6818,Monitor,Electronics,North,1,12488.3,0.06,11739.01,2549.72,Debit Card
ORD09482,2025-12-30,CUST1243,Keyboard,Accessories,North,4,1585.62,0.04,6088.77,472.47,Net Banking
ORD09483,2024-01-17,CUST3268,Keyboard,Accessories,North,4,1569.69,0.05,5964.84,1037.47,Net Banking
ORD09484,2025-07-07,CUST8302,Headphones,Electronics,West,1,2565.21,0.19,2077.82,495.52,Cash
ORD09485,2024-06-04,CUST1034,Tablet,Electronics,West,4,19728.54,0.1,71022.73,4367.42,UPI
ORD09486,2024-01-21,CUST8429,Headphones,Electronics,East,2,2282.96,0.1,4109.33,254.78,UPI
ORD09487,2025-02-24,CUST6453,Smartphone,Electronics,North,5,27842.02,0.24,105799.66,17028.29,Net Banking
ORD09488,2024-05-30,CUST6229,Webcam,Accessories,East,1,3940.64,0.11,3507.17,848.79,Credit Card
ORD09489,2024-04-20,CUST2418,Smartwatch,Electronics,South,3,7544.73,0.23,17428.33,1639.91,Credit Card
ORD09490,2024-11-10,CUST1008,Keyboard,Accessories,East,1,1523.79,0.07,1417.12,164.61,UPI
ORD09491,2025-10-01,CUST6001,Smartwatch,Electronics,West,2,6479.32,0.1,11662.78,813.24,Cash
ORD09492,2025-04-02,CUST4253,Laptop,Electronics,North,3,57412.38,0.1,155013.44,18981.31,UPI
ORD09493,2024-02-21,CUST4114,Mouse,Accessories,West,5,895.7,0.14,3851.52,226.73,Net Banking
ORD09494,2024-09-29,CUST4703,Printer,Office,South,4,11178.0,0.15,38005.19,4857.78,Cash
ORD09495,2025-01-19,CUST1112,Laptop,Electronics,West,1,57408.56,0.06,53964.05,8693.48,Net Banking
ORD09496,2025-08-09,CUST2342,Keyboard,Accessories,North,3,1633.75,0.2,3920.99,960.65,UPI
ORD09497,2024-03-28,CUST2456,Monitor,Electronics,West,1,11807.92,0.12,10390.97,2220.32,UPI
ORD09498,2024-01-20,CUST1765,Webcam,Accessories,North,5,3315.17,0.0,16575.83,3554.07,Net Banking
ORD09499,2025-03-06,CUST5326,Smartwatch,Electronics,East,1,7502.12,0.15,6376.8,609.81,Cash
ORD09500,2025-08-03,CUST8134,Headphones,Electronics,North,3,2585.75,0.2,6205.79,418.56,Cash
ORD09501,2024-06-18,CUST8102,Mouse,Accessories,East,2,867.21,0.06,1630.35,278.16,Debit Card
ORD09502,2025-10-27,CUST1679,Tablet,Electronics,South,3,19190.57,0.01,56995.99,8790.36,Net Banking
ORD09503,2024-04-15,CUST8099,Laptop,Electronics,South,1,61462.45,0.2,49169.96,7537.79,UPI
ORD09504,2024-11-22,CUST7022,Tablet,Electronics,West,5,20807.49,0.24,79068.47,5677.24,Net Banking
ORD09505,2024-08-06,CUST8933,Smartwatch,Electronics,South,4,6642.48,0.02,26038.53,3873.93,Net Banking
ORD09506,2025-08-29,CUST6036,Smartwatch,Electronics,North,4,7005.21,0.23,21576.04,1727.62,Credit Card
ORD09507,2024-09-21,CUST3094,Printer,Office,West,5,9349.04,0.09,42538.14,5718.1,Debit Card
ORD09508,2024-11-17,CUST8309,Monitor,Electronics,West,1,11799.78,0.24,8967.83,559.88,Cash
ORD09509,2024-11-11,CUST3478,Monitor,Electronics,East,5,11524.0,0.16,48400.8,10714.9,Credit Card
ORD09510,2024-04-17,CUST3140,Smartphone,Electronics,North,1,32117.66,0.22,25051.78,1318.63,Debit Card
ORD09511,2025-05-23,CUST4501,Headphones,Electronics,North,3,2577.63,0.2,6186.3,1471.5,Credit Card
ORD09512,2025-06-24,CUST9350,Keyboard,Accessories,East,2,1569.13,0.01,3106.88,691.53,Debit Card
ORD09513,2025-07-28,CUST6683,Keyboard,Accessories,North,1,1369.76,0.02,1342.37,269.17,Debit Card
ORD09514,2025-06-10,CUST5213,Smartwatch,Electronics,South,4,6633.55,0.13,23084.77,5690.63,Net Banking
ORD09515,2024-08-25,CUST8725,Laptop,Electronics,East,4,55662.73,0.03,215971.38,13123.28,Debit Card
ORD09516,2024-01-09,CUST5252,Webcam,Accessories,South,2,3088.79,0.12,5436.28,969.39,UPI
ORD09517,2024-12-01,CUST4504,Keyboard,Accessories,North,1,1394.27,0.24,1059.65,232.97,UPI
ORD09518,2024-11-17,CUST8360,Keyboard,Accessories,West,2,1304.46,0.07,2426.29,182.76,UPI
ORD09519,2024-01-01,CUST1256,Laptop,Electronics,North,3,67001.33,0.12,176883.52,29531.59,UPI
ORD09520,2024-04-30,CUST2859,Headphones,Electronics,South,2,2873.6,0.1,5172.48,666.13,Credit Card
ORD09521,2024-01-09,CUST3046,Mouse,Accessories,West,3,704.2,0.16,1774.57,243.41,Cash
ORD09522,2024-11-08,CUST3746,Monitor,Electronics,North,4,13156.43,0.05,49994.43,11623.95,Cash
ORD09523,2024-07-02,CUST8399,Printer,Office,North,3,8856.45,0.06,24975.19,3939.34,Debit Card
ORD09524,2025-10-21,CUST3813,Printer,Office,West,1,10509.74,0.21,8302.7,570.0,Cash
ORD09525,2024-08-25,CUST9612,Printer,Office,East,1,10429.47,0.2,8343.58,1981.13,Credit Card
ORD09526,2024-11-25,CUST5473,Laptop,Electronics,East,1,72852.98,0.2,58282.38,5073.03,UPI
ORD09527,2025-04-15,CUST4763,Printer,Office,South,1,8841.84,0.19,7161.89,1636.69,UPI
ORD09528,2024-01-19,CUST8925,Smartwatch,Electronics,West,5,6612.43,0.11,29425.33,7185.2,UPI
ORD09529,2024-01-18,CUST3689,Smartphone,Electronics,North,3,26317.02,0.18,64739.86,14603.21,Cash
ORD09530,2024-10-06,CUST2044,Laptop,Electronics,South,1,63193.97,0.1,56874.58,10546.07,Cash
ORD09531,2024-05-06,CUST5892,Laptop,Electronics,West,2,73026.07,0.03,141670.57,28151.41,Net Banking
ORD09532,2024-11-03,CUST9168,Monitor,Electronics,North,2,13013.48,0.1,23424.27,4449.99,Net Banking
ORD09533,2024-08-01,CUST8839,Printer,Office,East,5,10668.7,0.04,51209.76,7277.16,Cash
ORD09534,2024-10-02,CUST6800,Tablet,Electronics,East,3,22217.98,0.1,59988.55,6291.84,UPI
ORD09535,2024-11-24,CUST9981,Mouse,Accessories,North,3,892.04,0.07,2488.78,266.3,Cash
ORD09536,2025-12-19,CUST9675,Smartphone,Electronics,East,3,29544.98,0.15,75339.69,14784.18,Credit Card
ORD09537,2025-11-30,CUST7968,Laptop,Electronics,East,5,58168.87,0.09,264668.36,46371.83,Net Banking
ORD09538,2024-01-16,CUST2204,Smartphone,Electronics,North,3,33038.27,0.18,81274.14,13570.9,UPI
ORD09539,2025-10-14,CUST9143,Laptop,Electronics,East,3,60702.95,0.13,158434.69,28600.91,Net Banking
ORD09540,2025-03-12,CUST5848,Headphones,Electronics,North,1,2165.23,,1667.22,341.71,Debit Card
ORD09541,2024-01-06,CUST8696,Monitor,Electronics,West,3,10653.74,0.02,31321.99,6254.0,Debit Card
ORD09542,2024-10-07,CUST9754,Smartwatch,Electronics,South,1,7229.02,0.17,6000.09,426.48,Debit Card
ORD09543,2025-11-17,CUST8046,Headphones,Electronics,West,1,2580.31,0.17,2141.66,262.58,Cash
ORD09544,2024-01-15,CUST5028,Webcam,Accessories,North,3,3248.19,0.24,7405.88,761.28,Net Banking
ORD09545,2024-11-05,CUST4043,Printer,Office,South,2,10681.54,0.09,19440.4,3064.74,Credit Card
ORD09546,2025-04-10,CUST2851,Webcam,Accessories,West,4,3787.32,0.08,13937.35,868.06,Net Banking
ORD09547,2025-03-02,CUST2356,Mouse,Accessories,North,2,900.92,0.04,1729.77,350.27,UPI
ORD09548,2025-04-25,CUST8912,Tablet,Electronics,North,3,22560.59,0.07,62944.04,4488.25,Cash
ORD09549,2025-10-01,CUST5026,Smartwatch,Electronics,West,3,7586.79,0.13,19801.52,2064.91,Net Banking
ORD09550,2025-06-09,CUST2043,Headphones,Electronics,North,2,2689.82,0.21,4249.92,877.81,Cash
ORD09551,2025-06-29,CUST6035,Smartphone,Electronics,North,3,27820.28,0.07,77618.59,4681.33,Cash
ORD09552,2025-01-20,CUST1687,Smartphone,Electronics,West,1,28292.03,0.04,27160.35,4944.28,Credit Card
ORD09553,2025-06-15,CUST6449,Mouse,Accessories,North,5,794.84,0.07,3695.99,868.17,UPI
ORD09554,2024-09-28,CUST9395,Laptop,Electronics,West,3,55621.26,0.03,161857.87,28086.8,Credit Card
ORD09555,2024-07-13,CUST6303,Smartphone,Electronics,South,3,28176.58,0.23,65087.9,12531.47,Credit Card
ORD09556,2024-08-25,CUST4117,Printer,Office,East,2,9921.65,0.22,15477.77,3226.39,Cash
ORD09557,2025-04-15,CUST5536,Tablet,Electronics,North,1,19413.26,0.08,17860.2,1686.88,Cash
ORD09558,2024-04-12,CUST3601,Monitor,Electronics,South,2,10654.59,0.06,20030.64,3328.95,Credit Card
ORD09559,2024-08-30,CUST3055,Printer,Office,South,2,9889.71,0.23,15230.15,1702.9,Debit Card
ORD09560,2024-08-02,CUST1013,Tablet,Electronics,North,3,23524.37,0.0,70573.11,7050.19,Debit Card
ORD09561,2024-03-17,CUST1793,Mouse,Accessories,West,1,880.1,0.15,748.08,66.2,Credit Card
ORD09562,2025-01-18,CUST3149,Printer,Office,North,3,10138.94,0.23,23420.96,3913.32,Cash
ORD09563,2024-04-30,CUST6148,Monitor,Electronics,West,3,11909.1,0.13,31082.74,6493.38,Cash
ORD09564,2025-07-05,CUST7846,Monitor,Electronics,North,3,11583.41,0.0,34750.23,7824.98,UPI
ORD09565,2025-06-24,CUST2804,Keyboard,Accessories,South,3,1361.83,0.05,3881.21,526.75,Cash
ORD09566,2024-05-24,CUST6077,Laptop,Electronics,North,5,58107.96,0.23,223715.64,27870.45,Net Banking
ORD09567,2024-04-02,CUST3028,Mouse,Accessories,North,4,870.06,0.0,3480.22,652.41,Net Banking
ORD09568,2025-04-29,CUST5538,Printer,Office,East,1,9895.02,0.1,8905.52,1835.18,Cash
ORD09569,2025-05-19,CUST1759,Smartwatch,Electronics,South,5,7609.67,0.2,30438.69,3064.08,Credit Card
ORD09570,2025-08-19,CUST4860,Smartwatch,Electronics,North,4,7428.57,0.21,23474.3,2569.45,Net Banking
ORD09571,2024-11-17,CUST8518,Mouse,Accessories,South,4,726.54,0.12,2557.4,400.69,Cash
ORD09572,2024-03-15,CUST2641,Printer,Office,West,4,10030.92,0.06,37716.27,5237.93,Cash
ORD09573,2025-04-07,CUST8191,Headphones,Electronics,North,5,2458.01,0.15,10446.55,1996.94,Net Banking
ORD09574,2024-05-30,CUST2812,Headphones,Electronics,North,1,2442.91,0.07,2271.9,342.82,Cash
ORD09575,2024-05-14,CUST2816,Laptop,Electronics,South,2,65830.14,0.06,123760.65,8950.35,Credit Card
ORD09576,2024-07-08,CUST2825,Printer,Office,South,4,11446.25,0.2,36627.99,3047.11,Debit Card
ORD09577,2024-02-03,CUST4185,Monitor,Electronics,South,2,13126.44,0.04,25202.77,5806.26,Net Banking
ORD09578,2024-12-23,CUST1561,Smartphone,Electronics,South,2,33633.41,0.0,67266.82,6422.61,Net Banking
ORD09579,2024-04-14,CUST1237,Smartwatch,Electronics,East,3,6012.24,0.08,16593.79,995.91,Cash
ORD09580,2025-01-03,CUST6978,Printer,Office,South,2,8921.01,0.12,15700.98,3081.96,Credit Card
ORD09581,2025-07-16,CUST6833,Printer,Office,North,3,8754.29,0.18,21535.56,4022.89,Net Banking
ORD09582,2024-06-20,CUST8467,Smartphone,Electronics,North,1,27869.08,0.2,22295.26,3790.53,Cash
ORD09583,2024-03-10,CUST3207,Smartphone,Electronics,West,1,29477.03,0.17,24465.94,3680.93,Cash
ORD09584,2025-12-20,CUST6557,Tablet,Electronics,South,3,22937.55,0.16,57802.63,14098.99,Cash
ORD09585,2025-03-14,CUST6003,Keyboard,Accessories,South,1,1500.37,0.17,1245.31,92.11,UPI
ORD09586,2024-11-17,CUST3649,Laptop,Electronics,South,4,72862.09,0.07,271046.96,41207.96,UPI
ORD09587,2025-08-30,CUST6314,Smartwatch,Electronics,South,1,7923.7,0.1,7131.33,1161.04,Credit Card
ORD09588,2025-07-23,CUST5713,Smartphone,Electronics,South,3,26971.69,0.15,68777.81,3748.29,Debit Card
ORD09589,2024-04-29,CUST6578,Headphones,Electronics,North,4,2764.68,0.02,10837.56,1434.88,UPI
ORD09590,2025-11-13,CUST9262,Mouse,Accessories,East,2,795.61,0.07,1479.84,305.68,Credit Card
ORD09591,2024-04-20,CUST8065,Headphones,Electronics,West,2,2465.0,0.1,4436.99,639.9,Cash
ORD09592,2025-07-26,CUST6615,Tablet,Electronics,South,2,23880.6,0.13,41552.24,9351.57,Cash
ORD09593,2024-09-12,CUST7175,Tablet,Electronics,South,3,19314.73,0.12,50990.88,9125.32,Debit Card
ORD09594,2025-02-25,CUST8845,Smartphone,Electronics,South,2,33442.44,0.18,54845.6,11145.56,Net Banking
ORD09595,2024-06-04,CUST2235,Tablet,Electronics,South,1,23127.7,0.12,20352.37,4292.23,UPI
ORD09596,2024-07-03,CUST5942,Monitor,Electronics,East,2,13350.94,0.23,20560.45,3863.31,UPI
ORD09597,2025-07-06,CUST1462,Webcam,Accessories,East,5,4019.2,0.1,18086.41,3615.04,Cash
ORD09598,2025-12-13,CUST7390,Printer,Office,North,5,10054.01,0.13,43734.96,8268.62,Credit Card
ORD09599,2025-07-15,CUST4800,Printer,Office,West,2,8779.79,0.0,17559.57,2811.16,Debit Card
ORD09600,2025-08-24,CUST6829,Smartphone,Electronics,South,2,26998.71,0.08,49677.64,8112.69,Debit Card
ORD09601,2024-08-24,CUST7476,Tablet,Electronics,South,5,20835.88,0.22,81259.93,7149.0,Net Banking
ORD09602,2025-03-20,CUST6194,Mouse,Accessories,North,2,704.85,0.08,1296.93,279.47,Net Banking
ORD09603,2025-05-17,CUST3840,Monitor,Electronics,West,4,13135.23,0.06,49388.47,5552.62,Credit Card
ORD09604,2024-11-20,CUST1051,Laptop,Electronics,West,5,61038.92,0.14,262467.37,41246.06,Credit Card
ORD09605,2025-01-11,CUST8179,Tablet,Electronics,North,3,25140.85,0.02,73914.1,7384.69,Debit Card
ORD09606,2025-05-17,CUST6768,Monitor,Electronics,South,5,12729.33,0.13,55372.58,10475.0,Cash
ORD09607,2025-10-27,CUST4168,Keyboard,Accessories,East,1,1353.04,0.08,1244.8,305.02,Credit Card
ORD09608,2025-04-01,CUST8079,Laptop,Electronics,North,4,64532.83,0.1,232318.19,48876.97,Credit Card
ORD09609,2025-02-10,CUST6207,Printer,Office,South,3,9900.65,0.2,23761.57,4130.21,Net Banking
ORD09610,2025-11-22,CUST6172,Keyboard,Accessories,South,2,1496.63,0.17,2484.41,406.2,Net Banking
ORD09611,2024-03-28,CUST5960,Smartphone,Electronics,South,1,30321.22,0.11,26985.89,3992.68,Net Banking
ORD09612,2024-04-14,CUST4232,Smartwatch,Electronics,North,1,6015.46,0.14,5173.3,470.74,Cash
ORD09613,2025-08-07,CUST4356,Smartphone,Electronics,North,4,31676.71,0.19,102632.54,12275.06,Debit Card
ORD09614,2025-04-02,CUST5005,Mouse,Accessories,North,3,796.93,0.19,1936.53,254.23,Cash
ORD09615,2024-09-13,CUST8983,Monitor,Electronics,South,1,13047.48,0.05,12395.1,2961.36,Net Banking
ORD09616,2024-05-13,CUST1972,Smartwatch,Electronics,North,3,7662.23,0.08,21147.77,2857.41,UPI
ORD09617,2025-04-30,CUST1317,Laptop,Electronics,South,3,59745.43,0.09,163105.04,27277.37,UPI
ORD09618,2024-10-11,CUST1766,Laptop,Electronics,East,1,56194.25,0.05,53384.54,12517.87,Debit Card
ORD09619,2025-01-21,CUST3478,Keyboard,Accessories,East,3,1591.46,0.0,4774.37,733.75,Net Banking
ORD09620,2025-09-12,CUST4898,Mouse,Accessories,East,4,914.66,0.04,3512.31,352.25,Net Banking
ORD09621,2024-12-09,CUST3433,Printer,Office,West,1,9839.97,0.2,7871.98,993.45,Cash
ORD09622,2025-03-01,CUST6720,Tablet,Electronics,West,4,20413.44,0.14,70222.25,8785.35,Debit Card
ORD09623,2024-05-16,CUST2017,Tablet,Electronics,North,4,19734.03,0.09,71831.89,13859.5,Cash
ORD09624,2025-07-24,CUST7680,Smartwatch,Electronics,West,3,6553.64,0.15,16711.77,1825.33,Net Banking
ORD09625,2024-10-20,CUST3161,Mouse,Accessories,South,3,758.7,0.18,1866.4,365.92,Credit Card
ORD09626,2024-02-11,CUST7019,Mouse,Accessories,West,1,781.73,0.09,711.37,162.09,UPI
ORD09627,2024-02-19,CUST8111,Laptop,Electronics,North,2,68030.44,0.12,119733.57,14034.52,Net Banking
ORD09628,2024-06-21,CUST4041,Printer,Office,East,1,9319.49,0.02,9133.1,703.87,Credit Card
ORD09629,2024-10-15,CUST5353,Monitor,Electronics,South,4,10383.52,0.15,35303.96,6273.9,UPI
ORD09630,2024-06-10,CUST7098,Printer,Office,East,3,9619.84,0.09,26262.15,3208.47,Credit Card
ORD09631,2025-08-01,CUST5955,Headphones,Electronics,South,4,2766.72,0.11,9849.53,1544.38,Debit Card
ORD09632,2024-12-05,CUST2704,Mouse,Accessories,North,5,799.6,0.11,3558.24,629.21,Credit Card
ORD09633,2024-11-18,CUST1261,Smartphone,Electronics,South,5,34183.05,0.16,143568.83,18886.28,Credit Card
ORD09634,2024-11-21,CUST7683,Webcam,Accessories,West,4,3503.8,0.14,12053.08,2831.74,Debit Card
ORD09635,2024-06-15,CUST2159,Mouse,Accessories,East,2,746.22,0.11,1328.26,172.57,Credit Card
ORD09636,2025-11-13,CUST2664,Smartwatch,Electronics,South,2,6355.96,0.0,12711.92,1417.06,UPI
ORD09637,2024-06-15,CUST3002,Smartphone,Electronics,West,1,31750.72,0.16,26670.61,6057.83,Credit Card
ORD09638,2025-01-03,CUST8441,Smartwatch,Electronics,South,1,7076.4,0.22,5519.59,426.45,Credit Card
ORD09639,2024-03-25,CUST3269,Keyboard,Accessories,West,1,1546.8,0.19,1252.91,93.77,Debit Card
ORD09640,2024-04-24,CUST6455,Webcam,Accessories,West,3,3767.88,0.25,8477.74,2010.41,UPI
ORD09641,2024-02-19,CUST2763,Webcam,Accessories,West,2,3737.2,0.03,7250.17,665.52,Debit Card
ORD09642,2025-04-02,CUST1414,Laptop,Electronics,East,4,56095.58,0.06,210919.4,16807.64,Credit Card
ORD09643,2025-01-06,CUST8570,Mouse,Accessories,East,5,872.62,0.13,3795.89,596.08,Debit Card
ORD09644,2024-08-05,CUST9818,Laptop,Electronics,East,2,65637.71,0.06,123398.9,7324.67,Debit Card
ORD09645,2024-09-15,CUST7528,Tablet,Electronics,West,2,21285.28,0.01,42144.85,7333.33,Credit Card
ORD09646,2025-10-09,CUST5034,Smartwatch,Electronics,East,2,7078.79,0.1,12741.82,1791.32,Credit Card
ORD09647,2025-01-04,CUST7087,Headphones,Electronics,South,1,2584.34,0.07,2403.43,428.01,Net Banking
ORD09648,2024-04-05,CUST1652,Headphones,Electronics,West,3,2237.13,0.07,6241.59,666.52,Credit Card
ORD09649,2025-11-11,CUST1512,Tablet,Electronics,South,4,21454.94,0.24,65223.02,15072.68,Credit Card
ORD09650,2025-04-19,CUST3444,Keyboard,Accessories,East,1,1426.01,0.06,1340.45,139.56,Net Banking
ORD09651,2024-08-12,CUST3909,Headphones,Electronics,South,3,2387.81,0.03,6948.52,1233.45,UPI
ORD09652,2024-12-06,CUST9694,Smartwatch,Electronics,East,2,6141.8,0.03,11915.1,2847.93,Net Banking
ORD09653,2025-03-02,CUST9231,Headphones,Electronics,South,3,2244.88,0.2,5387.72,701.28,Debit Card
ORD09654,2025-04-28,CUST1221,Tablet,Electronics,North,1,19768.09,0.18,16209.84,1333.83,Net Banking
ORD09655,2024-10-10,CUST8094,Smartphone,Electronics,South,2,28859.02,0.03,55986.5,3565.02,Net Banking
ORD09656,2024-12-13,CUST9161,Laptop,Electronics,West,1,72692.59,0.05,69057.96,16753.71,UPI
ORD09657,2024-12-06,CUST2027,Monitor,Electronics,East,4,10941.7,0.19,35451.1,7187.37,Cash
ORD09658,2025-11-29,CUST7063,Smartwatch,Electronics,West,2,6824.0,0.07,12692.65,2967.42,UPI
ORD09659,2025-01-08,CUST8022,Laptop,Electronics,North,3,61326.38,0.25,137984.36,26184.82,Net Banking
ORD09660,2025-02-16,CUST6103,Webcam,Accessories,North,1,3801.75,0.14,3269.51,387.4,Debit Card
ORD09661,2025-02-21,CUST2041,Printer,Office,West,5,8650.38,0.05,41089.3,3065.4,Debit Card
ORD09662,2024-10-08,CUST6461,Headphones,Electronics,East,3,2272.41,0.21,5385.61,1270.26,Cash
ORD09663,2024-08-30,CUST2906,Headphones,Electronics,East,3,2282.98,0.08,6301.03,932.07,Credit Card
ORD09664,2025-06-22,CUST8090,Keyboard,Accessories,South,2,1721.83,0.07,3202.61,414.1,Net Banking
ORD09665,2025-10-24,CUST4445,Laptop,Electronics,South,3,66380.11,0.08,183209.11,30331.81,Credit Card
ORD09666,2024-07-17,CUST8981,Printer,Office,North,1,8916.87,0.19,7222.67,515.06,Debit Card
ORD09667,2025-03-06,CUST8873,Headphones,Electronics,West,5,2329.15,0.04,11179.92,1250.37,Credit Card
ORD09668,2025-04-29,CUST7972,Webcam,Accessories,South,4,3151.21,0.1,11344.37,2014.48,UPI
ORD09669,2024-08-14,CUST1897,Keyboard,Accessories,South,5,1331.07,0.01,6588.81,461.38,UPI
ORD09670,2024-07-14,CUST4490,Laptop,Electronics,South,1,70795.05,0.21,55928.09,4309.18,Cash
ORD09671,2024-08-15,CUST4909,Keyboard,Accessories,North,2,1498.09,0.09,2726.52,414.75,Credit Card
ORD09672,2024-03-07,CUST8619,Laptop,Electronics,South,1,67558.6,0.06,63505.08,11093.79,Cash
ORD09673,2024-11-20,CUST1576,Mouse,Accessories,South,3,759.5,0.14,1959.51,171.26,UPI
ORD09674,2024-12-03,CUST7190,Mouse,Accessories,East,2,812.89,0.18,1333.13,75.48,UPI
ORD09675,2025-09-01,CUST6337,Tablet,Electronics,North,4,20399.96,0.2,65279.86,15776.4,Cash
ORD09676,2025-06-10,CUST2244,Smartwatch,Electronics,East,4,6596.88,0.09,24012.63,1332.67,UPI
ORD09677,2024-04-23,CUST4082,Keyboard,Accessories,North,1,1568.51,0.2,1254.81,63.26,Credit Card
ORD09678,2024-04-13,CUST1189,Tablet,Electronics,East,3,19692.31,0.12,51987.7,5961.33,Net Banking
ORD09679,2025-03-03,CUST8043,Keyboard,Accessories,East,4,1552.75,0.03,6024.67,569.27,Net Banking
ORD09680,2025-05-17,CUST7049,Headphones,Electronics,East,5,2764.18,0.21,10918.5,1798.46,UPI
ORD09681,2024-11-02,CUST7750,Monitor,Electronics,East,2,10633.52,0.14,18289.66,4185.44,Net Banking
ORD09682,2024-07-11,CUST7473,Keyboard,Accessories,South,5,1678.86,0.15,7135.14,1043.31,Net Banking
ORD09683,2024-08-01,CUST8348,Headphones,Electronics,West,4,2184.58,0.23,6728.52,1377.06,Net Banking
ORD09684,2024-05-24,CUST5630,Printer,Office,South,4,9546.73,0.14,32840.74,7613.98,UPI
ORD09685,2025-08-31,CUST2072,Mouse,Accessories,South,1,826.52,0.0,826.52,72.63,Net Banking
ORD09686,2025-07-17,CUST9924,Tablet,Electronics,East,1,22392.14,0.22,17465.87,2579.05,Cash
ORD09687,2024-02-27,CUST4694,Monitor,Electronics,North,2,10547.01,0.07,19617.43,3500.02,Cash
ORD09688,2025-12-21,CUST5240,Webcam,Accessories,North,1,3813.86,0.13,3318.06,386.14,Net Banking
ORD09689,2025-11-27,CUST6418,Mouse,Accessories,West,3,913.56,0.05,2603.64,515.39,Debit Card
ORD09690,2025-11-08,CUST2632,Tablet,Electronics,East,2,19896.11,0.07,37006.76,7070.62,Debit Card
ORD09691,2025-08-03,CUST2338,Monitor,Electronics,East,3,13422.47,0.17,33421.95,4485.86,Cash
ORD09692,2024-05-02,CUST1725,Webcam,Accessories,West,1,3559.65,0.11,3168.09,214.13,Cash
ORD09693,2025-07-02,CUST3585,Smartphone,Electronics,South,2,33923.4,0.16,56991.32,2981.43,Net Banking
ORD09694,2024-08-22,CUST5439,Headphones,Electronics,East,4,2257.06,0.21,7132.32,883.48,UPI
ORD09695,2025-05-05,CUST6049,Smartphone,Electronics,West,5,32628.19,0.09,148458.28,9859.67,Cash
ORD09696,2024-03-15,CUST8196,Headphones,Electronics,South,4,2169.84,0.14,7464.24,1540.06,Net Banking
ORD09697,2025-09-11,CUST6234,Laptop,Electronics,South,3,72472.33,0.19,176107.76,20580.86,Cash
ORD09698,2024-10-21,CUST2289,Smartwatch,Electronics,East,4,7365.73,0.18,24159.61,4426.52,Cash
ORD09699,2025-05-14,CUST1481,Monitor,Electronics,North,4,11532.92,0.13,40134.55,4787.08,Net Banking
ORD09700,2025-11-16,CUST6229,Smartphone,Electronics,West,5,27214.2,0.1,122463.91,25617.94,Net Banking
ORD09701,2024-04-27,CUST9596,Smartwatch,Electronics,North,5,7664.72,0.1,34491.24,7853.05,Credit Card
ORD09702,2025-10-17,CUST4701,Monitor,Electronics,West,4,12371.67,0.11,44043.14,9579.51,UPI
ORD09703,2024-12-09,CUST6754,Tablet,Electronics,East,5,21078.74,0.09,95908.29,14088.42,Credit Card
ORD09704,2024-06-07,CUST5006,Laptop,Electronics,South,4,63904.8,0.17,212163.93,14170.5,Credit Card
ORD09705,2024-02-16,CUST9908,Tablet,Electronics,South,2,24155.18,0.03,46861.05,5826.81,Credit Card
ORD09706,2024-12-28,CUST2857,Headphones,Electronics,North,4,2379.2,0.24,7232.75,975.63,Credit Card
ORD09707,2024-11-28,CUST3810,Smartwatch,Electronics,South,1,6138.23,0.19,4971.97,1203.47,Credit Card
ORD09708,2025-09-05,CUST6253,Monitor,Electronics,North,5,13480.62,0.07,62684.86,10223.87,Cash
ORD09709,2025-01-14,CUST7656,Keyboard,Accessories,East,5,1449.3,0.01,7174.06,1278.2,Credit Card
ORD09710,2024-05-03,CUST9475,Smartwatch,Electronics,West,3,6681.61,0.18,16436.77,3392.56,Net Banking
ORD09711,2025-11-26,CUST9074,Printer,Office,East,3,9113.2,0.18,22418.47,3668.57,UPI
ORD09712,2024-06-12,CUST7054,Webcam,Accessories,South,1,3917.29,0.24,2977.14,505.21,Debit Card
ORD09713,2024-06-18,CUST1123,Smartphone,Electronics,East,5,27457.55,0.06,129050.48,12784.46,Debit Card
ORD09714,2025-08-16,CUST8364,Monitor,Electronics,East,5,12492.02,0.02,61210.91,3781.2,Cash
ORD09715,2024-05-26,CUST4473,Mouse,Accessories,South,3,891.38,0.23,2059.1,400.04,Credit Card
ORD09716,2025-10-08,CUST6978,Mouse,Accessories,South,3,688.38,0.06,1941.23,426.56,Net Banking
ORD09717,2025-05-26,CUST3361,Webcam,Accessories,North,4,3845.23,0.18,12612.36,1669.88,Debit Card
ORD09718,2024-06-06,CUST9801,Headphones,Electronics,West,5,2432.95,0.02,11921.45,1904.84,Credit Card
ORD09719,2024-11-27,CUST1125,Smartwatch,Electronics,East,5,7331.75,0.19,29693.57,3309.56,Debit Card
ORD09720,2024-07-21,CUST9923,Smartwatch,Electronics,East,4,6732.05,0.03,26120.35,3658.0,Debit Card
ORD09721,2024-04-29,CUST8528,Mouse,Accessories,South,5,846.92,0.17,3514.73,322.58,Credit Card
ORD09722,2024-01-29,CUST3330,Smartwatch,Electronics,West,1,6484.02,0.13,5641.1,1139.37,UPI
ORD09723,2024-06-10,CUST2621,Webcam,Accessories,East,3,2998.03,0.24,6835.5,1014.27,UPI
ORD09724,2025-11-04,CUST9523,Smartwatch,Electronics,North,3,7940.35,0.01,23582.85,3759.84,Cash
ORD09725,2025-05-28,CUST8101,Headphones,Electronics,North,3,2137.28,0.07,5963.0,342.38,Net Banking
ORD09726,2025-07-12,CUST9960,Smartphone,Electronics,South,2,32916.89,0.02,64517.11,11256.92,Credit Card
ORD09727,2024-04-09,CUST7788,Printer,Office,East,1,9007.41,0.22,7025.78,636.05,Debit Card
ORD09728,2024-02-26,CUST8087,Smartphone,Electronics,North,1,29029.98,0.15,24675.48,3125.86,UPI
ORD09729,2025-09-25,CUST6190,Printer,Office,East,4,10967.48,0.13,38166.82,5058.75,Net Banking
ORD09730,2025-04-27,CUST3329,Keyboard,Accessories,South,2,1367.67,0.03,2653.28,370.79,Net Banking
ORD09731,2024-05-24,CUST7448,Smartphone,Electronics,South,5,33291.37,0.12,146482.02,13987.17,Credit Card
ORD09732,2024-06-02,CUST2861,Webcam,Accessories,West,1,3497.65,0.1,3147.88,692.6,Credit Card
ORD09733,2025-01-15,CUST2852,Laptop,Electronics,East,2,62389.99,0.08,114797.59,15563.11,Credit Card
ORD09734,2025-10-11,CUST1258,Keyboard,Accessories,North,2,1573.1,0.19,2548.42,439.42,UPI
ORD09735,2024-02-08,CUST8334,Printer,Office,South,1,9524.17,0.02,9333.69,1612.74,Cash
ORD09736,2024-05-27,CUST4661,Printer,Office,East,4,9541.87,0.16,32060.67,5495.1,Cash
ORD09737,2025-06-10,CUST7832,Keyboard,Accessories,East,2,1605.09,0.21,2536.04,410.49,Cash
ORD09738,2024-08-19,CUST1531,Printer,Office,North,3,9429.5,0.23,21782.14,4672.82,Net Banking
ORD09739,2024-04-22,CUST2465,Monitor,Electronics,South,2,10922.78,0.19,17694.91,3760.58,Net Banking
ORD09740,2025-10-12,CUST1427,Laptop,Electronics,West,5,70999.1,0.07,330145.81,44051.0,UPI
ORD09741,2025-10-17,CUST1136,Webcam,Accessories,East,1,3820.64,0.15,3247.54,575.36,Credit Card
ORD09742,2025-04-22,CUST7846,Monitor,Electronics,South,5,11991.31,0.04,57558.28,4061.65,Credit Card
ORD09743,2025-02-09,CUST8429,Printer,Office,West,4,10079.97,0.03,39110.27,2665.54,Debit Card
ORD09744,2024-05-31,CUST4685,Smartphone,Electronics,South,3,31764.69,0.16,80047.02,11685.53,Debit Card
ORD09745,2024-08-29,CUST7148,Monitor,Electronics,South,1,12033.39,0.21,9506.38,2186.85,Debit Card
ORD09746,2025-04-16,CUST8308,Smartphone,Electronics,East,2,29253.36,0.02,57336.58,10320.58,Net Banking
ORD09747,2025-02-05,CUST2399,Keyboard,Accessories,East,3,1722.7,0.03,5013.06,921.62,Cash
ORD09748,2025-10-21,CUST4726,Smartwatch,Electronics,North,2,6260.04,0.14,10767.28,877.91,UPI
ORD09749,2024-09-20,CUST4820,Tablet,Electronics,North,4,22612.0,0.05,85925.62,12086.37,Cash
ORD09750,2025-08-11,CUST3559,Printer,Office,South,1,11157.59,0.15,9483.95,1234.41,Credit Card
ORD09751,2025-01-15,CUST5279,Tablet,Electronics,East,4,23235.62,0.05,88295.35,18241.44,Debit Card
ORD09752,2024-03-18,CUST2224,Laptop,Electronics,South,4,72428.0,0.03,281020.66,21797.32,Cash
ORD09753,2024-10-29,CUST9537,Smartphone,Electronics,East,4,28527.01,0.14,98132.92,15489.12,Credit Card
ORD09754,2024-08-03,CUST2053,Monitor,Electronics,West,4,11179.17,0.22,34879.03,8101.36,Debit Card
ORD09755,2025-09-22,CUST9661,Tablet,Electronics,East,2,24318.4,0.17,40368.54,9223.89,Cash
ORD09756,2024-08-16,CUST3968,Headphones,Electronics,South,5,2420.59,0.2,9682.34,2134.64,Cash
ORD09757,2024-05-31,CUST7467,Printer,Office,North,2,10629.05,0.07,19770.03,2471.2,Cash
ORD09758,2025-06-13,CUST7427,Tablet,Electronics,East,3,19675.14,0.22,46039.83,10967.61,Debit Card
ORD09759,2025-04-27,CUST5168,Monitor,Electronics,South,4,12921.02,0.09,47032.5,9926.68,Net Banking
ORD09760,2025-04-12,CUST6246,Monitor,Electronics,West,3,12176.34,0.21,28857.92,6355.33,Debit Card
ORD09761,2025-11-12,CUST3269,Laptop,Electronics,North,2,60487.93,0.12,106458.75,25174.38,UPI
ORD09762,2024-04-05,CUST9522,Mouse,Accessories,North,4,798.68,0.07,2971.09,705.34,Debit Card
ORD09763,2025-04-29,CUST7440,Webcam,Accessories,West,2,3706.79,0.07,6894.63,675.76,Cash
ORD09764,2025-11-07,CUST1580,Headphones,Electronics,East,4,2133.91,0.14,7340.67,554.5,Credit Card
ORD09765,2025-06-28,CUST2494,Tablet,Electronics,West,2,22907.28,0.02,44898.27,8448.73,Credit Card
ORD09766,2025-01-19,CUST9146,Webcam,Accessories,South,1,3543.67,0.23,2728.63,443.79,Cash
ORD09767,2024-08-27,CUST1903,Headphones,Electronics,West,5,2290.21,0.07,10649.5,1229.86,Net Banking
ORD09768,2024-09-29,CUST7714,Mouse,Accessories,North,5,860.72,0.08,3959.29,739.95,Net Banking
ORD09769,2024-02-15,CUST2904,Tablet,Electronics,East,4,20702.84,0.06,77842.69,4857.34,Debit Card
ORD09770,2025-08-13,CUST3851,Headphones,Electronics,South,1,2332.65,0.0,2332.65,138.66,Debit Card
ORD09771,2025-04-06,CUST9886,Webcam,Accessories,East,3,3469.78,0.17,8639.75,1044.22,Credit Card
ORD09772,2024-12-16,CUST6964,Smartphone,Electronics,West,1,31585.35,0.15,26847.55,2383.24,Cash
ORD09773,2025-11-04,CUST9360,Monitor,Electronics,West,4,13543.85,0.2,43340.31,8395.5,Cash
ORD09774,2024-09-15,CUST1570,Smartwatch,Electronics,South,1,6246.85,0.01,6184.38,1481.8,Debit Card
ORD09775,2024-02-25,CUST5165,Keyboard,Accessories,West,3,1453.41,0.23,3357.38,612.14,UPI
ORD09776,2025-10-13,CUST8667,Printer,Office,East,4,8700.97,0.08,32019.57,5794.16,Debit Card
ORD09777,2025-06-21,CUST5964,Smartwatch,Electronics,West,5,7542.96,0.23,29040.38,1490.33,Debit Card
ORD09778,2025-10-25,CUST9144,Tablet,Electronics,East,1,21655.04,0.03,21005.39,3202.38,Net Banking
ORD09779,2024-02-27,CUST3659,Tablet,Electronics,West,5,23365.73,0.19,94631.22,20196.22,Debit Card
ORD09780,2025-03-22,CUST5191,Headphones,Electronics,South,5,2366.65,0.14,10176.58,1840.17,Debit Card
ORD09781,2024-08-13,CUST1789,Monitor,Electronics,East,2,13239.54,0.09,24095.97,2302.53,UPI
ORD09782,2024-09-20,CUST5448,Mouse,Accessories,South,3,808.36,0.02,2376.57,522.12,Credit Card
ORD09783,2024-07-22,CUST4605,Laptop,Electronics,North,1,73650.35,0.15,62602.8,15204.68,Credit Card
ORD09784,2025-04-01,CUST5689,Headphones,Electronics,North,5,2184.11,0.01,10811.35,1143.83,Debit Card
ORD09785,2025-06-21,CUST1396,Laptop,Electronics,West,5,65278.4,0.13,283961.03,25959.4,Cash
ORD09786,2025-02-25,CUST2489,Keyboard,Accessories,East,3,1619.9,0.15,4130.76,486.21,Debit Card
ORD09787,2024-02-18,CUST9162,Webcam,Accessories,West,5,3605.16,0.18,14781.16,925.77,Net Banking
ORD09788,2025-03-18,CUST9081,Headphones,Electronics,South,5,2142.4,0.25,8033.98,1805.13,UPI
ORD09789,2024-07-29,CUST8241,Keyboard,Accessories,West,5,1712.55,0.07,7963.37,1878.24,Debit Card
ORD09790,2024-01-21,CUST8583,Printer,Office,North,5,9394.79,0.08,43216.04,7634.57,Credit Card
ORD09791,2025-01-31,CUST5602,Headphones,Electronics,South,2,2311.96,0.09,4207.76,853.62,Debit Card
ORD09792,2024-12-20,CUST6021,Monitor,Electronics,North,2,11948.38,0.18,19595.34,3600.25,UPI
ORD09793,2025-01-21,CUST9338,Monitor,Electronics,South,4,12151.77,0.23,37427.45,4696.05,UPI
ORD09794,2024-03-29,CUST1687,Tablet,Electronics,South,1,23757.5,0.24,18055.7,3185.18,Cash
ORD09795,2025-06-09,CUST7239,Printer,Office,North,3,9679.82,0.24,22069.99,4795.02,Cash
ORD09796,2025-04-23,CUST6449,Tablet,Electronics,West,4,21603.74,0.22,67403.66,14288.33,Cash
ORD09797,2024-05-15,CUST7054,Laptop,Electronics,North,2,65681.72,0.25,98522.58,6523.33,Debit Card
ORD09798,2024-01-07,CUST1682,Smartwatch,Electronics,East,2,6778.21,0.09,12336.35,1758.18,Credit Card
ORD09799,2024-04-08,CUST6522,Mouse,Accessories,South,2,899.49,0.24,1367.23,177.01,Net Banking
ORD09800,2025-04-11,CUST9522,Printer,Office,East,4,11053.76,0.19,35814.17,7177.22,Credit Card
ORD09801,2025-11-29,CUST4053,Webcam,Accessories,North,2,3452.72,0.04,6629.23,996.21,UPI
ORD09802,2024-05-09,CUST4941,Mouse,Accessories,North,4,680.05,0.01,2692.99,323.0,Credit Card
ORD09803,2024-11-20,CUST9149,Mouse,Accessories,West,2,896.22,0.05,1702.83,325.7,Debit Card
ORD09804,2025-11-14,CUST5922,Smartphone,Electronics,South,5,26619.03,0.19,107807.07,15601.38,Cash
ORD09805,2024-03-06,CUST7893,Headphones,Electronics,West,5,2308.38,0.16,9695.21,982.37,Credit Card
ORD09806,2024-01-18,CUST7237,Webcam,Accessories,South,1,3134.98,0.06,2946.88,672.13,UPI
ORD09807,2025-12-19,CUST7493,Printer,Office,North,2,9039.45,0.19,14643.9,1063.29,UPI
ORD09808,2024-05-23,CUST2262,Tablet,Electronics,East,1,23998.99,0.04,23039.03,1235.3,Net Banking
ORD09809,2024-09-24,CUST7065,Laptop,Electronics,South,4,66550.28,0.21,210298.88,16567.81,Credit Card
ORD09810,2024-12-29,CUST1202,Headphones,Electronics,South,1,2842.07,0.2,2273.66,188.1,Debit Card
ORD09811,2024-11-11,CUST5309,Smartphone,Electronics,East,2,27583.08,0.24,41926.28,6607.94,UPI
ORD09812,2025-04-28,CUST2289,Laptop,Electronics,North,4,64719.88,0.04,248524.34,43485.07,Net Banking
ORD09813,2025-04-14,CUST9298,Printer,Office,North,4,11432.29,0.23,35211.44,4919.82,UPI
ORD09814,2024-11-05,CUST7517,Smartwatch,Electronics,North,5,7685.53,0.09,34969.17,3176.4,Net Banking
ORD09815,2024-02-09,CUST8483,Mouse,Accessories,West,4,854.87,0.1,3077.52,235.24,UPI
ORD09816,2025-11-13,CUST8202,Smartphone,Electronics,North,4,27200.78,0.12,95746.73,14211.73,Debit Card
ORD09817,2025-05-16,CUST7702,Laptop,Electronics,East,1,70253.41,0.16,59012.86,9624.8,Debit Card
ORD09818,2025-10-23,CUST6230,Tablet,Electronics,West,4,20993.93,0.25,62981.79,6977.9,UPI
ORD09819,2024-01-04,CUST2268,Smartphone,Electronics,North,3,30274.83,0.15,77200.82,7263.67,Cash
ORD09820,2025-04-04,CUST2297,Laptop,Electronics,South,5,67128.64,0.23,258445.28,17088.03,Debit Card
ORD09821,2025-02-10,CUST8193,Smartphone,Electronics,South,5,30984.27,0.06,145626.08,8045.68,Debit Card
ORD09822,2024-06-18,CUST1315,Tablet,Electronics,South,4,23495.05,0.1,84582.2,6017.79,Net Banking
ORD09823,2025-02-03,CUST9744,Tablet,Electronics,East,1,23067.23,0.13,20068.49,3981.91,Net Banking
ORD09824,2025-08-30,CUST3769,Webcam,Accessories,East,5,3046.79,0.08,14015.23,1665.06,Credit Card
ORD09825,2025-07-01,CUST3001,Monitor,Electronics,South,5,11846.45,0.24,45016.51,2497.69,Credit Card
ORD09826,2025-09-25,CUST8834,Mouse,Accessories,West,3,839.37,0.18,2064.84,313.1,Debit Card
ORD09827,2024-09-29,CUST6808,Headphones,Electronics,North,4,2346.99,0.12,8261.42,1298.81,Debit Card
ORD09828,2024-06-30,CUST8479,Headphones,Electronics,North,5,2359.79,0.19,9557.16,1297.27,UPI
ORD09829,2025-04-10,CUST7568,Printer,Office,North,5,8873.7,0.12,39044.29,2816.52,Cash
ORD09830,2024-12-12,CUST4966,Keyboard,Accessories,North,5,1463.38,0.0,7316.88,1470.65,UPI
ORD09831,2025-02-28,CUST5450,Printer,Office,South,5,11460.49,0.14,49280.11,9255.61,Debit Card
ORD09832,2025-07-27,CUST1598,Keyboard,Accessories,North,1,1403.39,0.16,1178.85,152.01,Net Banking
ORD09833,2025-09-21,CUST1311,Smartphone,Electronics,East,2,30282.93,0.25,45424.4,5730.88,Credit Card
ORD09834,2024-12-05,CUST3621,Keyboard,Accessories,North,3,1609.46,0.01,4780.09,388.08,Cash
ORD09835,2024-09-08,CUST5707,Monitor,Electronics,West,1,10248.59,0.13,8916.27,1789.58,Net Banking
ORD09836,2024-04-08,CUST4957,Monitor,Electronics,North,3,13441.58,0.02,39518.25,6714.74,Debit Card
ORD09837,2025-05-09,CUST2179,Mouse,Accessories,West,5,772.77,0.04,3709.31,249.11,Cash
ORD09838,2024-10-15,CUST8204,Laptop,Electronics,South,3,72197.76,0.15,184104.29,23125.84,Cash
ORD09839,2025-06-21,CUST9979,Headphones,Electronics,West,4,2154.21,0.06,8099.83,1868.73,Credit Card
ORD09840,2025-08-22,CUST5642,Mouse,Accessories,North,4,714.96,0.19,2316.47,325.41,Cash
ORD09841,2024-10-13,CUST1353,Monitor,Electronics,West,2,11361.11,0.13,19768.32,2273.07,Debit Card
ORD09842,2024-02-18,CUST5114,Laptop,Electronics,South,2,61986.5,0.05,117774.36,21052.97,Credit Card
ORD09843,2025-08-07,CUST6127,Printer,Office,South,3,11043.38,,29154.53,2641.24,Debit Card
ORD09844,2024-07-12,CUST4503,Headphones,Electronics,North,1,2133.4,0.0,2133.4,330.17,Cash
ORD09845,2025-12-10,CUST1783,Webcam,Accessories,South,1,3648.17,0.22,2845.57,523.31,Debit Card
ORD09846,2025-02-18,CUST6492,Headphones,Electronics,West,5,2223.48,0.0,11117.42,2456.68,Net Banking
ORD09847,2025-10-26,CUST6772,Smartphone,Electronics,East,1,32908.94,0.0,32908.94,6203.36,Cash
ORD09848,2024-01-16,CUST6238,Smartwatch,Electronics,South,2,7585.0,0.15,12894.51,1636.08,UPI
ORD09849,2024-04-18,CUST3504,Headphones,Electronics,West,1,2499.94,0.24,1899.95,386.75,UPI
ORD09850,2025-01-24,CUST1925,Monitor,Electronics,South,5,10965.67,0.21,43314.41,9948.45,Net Banking
ORD09851,2024-03-27,CUST6566,Smartphone,Electronics,North,4,31210.46,0.06,117351.32,17080.8,UPI
ORD09852,2025-01-01,CUST2743,Tablet,Electronics,North,1,19731.3,0.05,18744.74,954.11,UPI
ORD09853,2025-09-24,CUST6919,Keyboard,Accessories,South,1,1360.51,0.16,1142.83,258.49,Credit Card
ORD09854,2025-12-09,CUST7990,Printer,Office,East,2,10380.07,0.21,16400.51,1362.69,Debit Card
ORD09855,2025-10-18,CUST1266,Webcam,Accessories,East,3,4015.79,0.09,10963.11,825.14,Cash
ORD09856,2024-01-09,CUST4087,Printer,Office,West,4,11173.18,0.11,39776.53,4436.5,UPI
ORD09857,2024-12-11,CUST7621,Tablet,Electronics,West,3,22614.51,0.03,65808.22,8291.62,Cash
ORD09858,2025-03-21,CUST6560,Smartwatch,Electronics,South,5,7080.93,0.04,33988.45,7133.34,Net Banking
ORD09859,2024-09-25,CUST4041,Headphones,Electronics,West,5,2873.79,0.14,12357.29,1579.72,UPI
ORD09860,2025-05-02,CUST2886,Mouse,Accessories,South,3,811.38,0.03,2361.1,141.11,Credit Card
ORD09861,2025-06-13,CUST6295,Smartphone,Electronics,South,2,29281.05,0.05,55633.99,9857.92,Cash
ORD09862,2024-04-10,CUST2657,Webcam,Accessories,South,2,3930.03,0.06,7388.46,1361.28,Net Banking
ORD09863,2024-02-14,CUST1552,Tablet,Electronics,North,2,20245.62,0.11,36037.2,7670.31,Credit Card
ORD09864,2025-02-11,CUST3552,Smartwatch,Electronics,South,4,6154.8,0.01,24373.03,3162.97,Debit Card
ORD09865,2024-10-14,CUST6458,Printer,Office,South,5,10402.27,0.12,45769.99,3076.39,Net Banking
ORD09866,2024-01-07,CUST5668,Tablet,Electronics,East,5,19332.61,0.23,74430.54,11954.47,Credit Card
ORD09867,2024-10-02,CUST8644,Webcam,Accessories,West,5,3366.81,0.01,16665.69,1236.59,Cash
ORD09868,2025-02-06,CUST7757,Webcam,Accessories,South,4,3419.76,0.16,11490.38,613.76,Credit Card
ORD09869,2024-12-31,CUST3100,Smartwatch,Electronics,South,5,7099.83,0.21,28044.33,5769.19,Net Banking
ORD09870,2025-12-02,CUST7243,Printer,Office,South,3,11474.98,0.08,31670.94,4138.83,Debit Card
ORD09871,2024-01-14,CUST4548,Monitor,Electronics,South,1,10995.53,0.03,10665.67,1653.19,Debit Card
ORD09872,2025-11-19,CUST4420,Webcam,Accessories,South,4,3369.54,0.01,13343.4,2436.1,Net Banking
ORD09873,2025-08-24,CUST5354,Smartphone,Electronics,East,1,26690.16,0.16,22419.74,2919.17,Cash
ORD09874,2025-08-27,CUST2389,Smartphone,Electronics,North,3,30968.52,0.14,79898.79,4812.01,Debit Card
ORD09875,2025-06-11,CUST9132,Keyboard,Accessories,North,2,1602.45,0.06,3012.61,302.91,UPI
ORD09876,2025-10-25,CUST7463,Printer,Office,East,2,9946.23,0.21,15715.04,1396.57,UPI
ORD09877,2025-02-17,CUST7282,Tablet,Electronics,South,2,20322.49,0.18,33328.88,8181.53,Debit Card
ORD09878,2024-05-15,CUST5044,Smartphone,Electronics,East,4,31087.99,0.07,115647.34,22886.73,Cash
ORD09879,2025-12-30,CUST8104,Smartwatch,Electronics,South,2,7082.23,0.19,11473.21,1609.81,Cash
ORD09880,2024-11-30,CUST1807,Tablet,Electronics,West,4,19829.83,0.06,74560.14,4672.94,Cash
ORD09881,2024-05-17,CUST9809,Printer,Office,North,4,9717.05,0.17,32260.59,2360.51,Cash
ORD09882,2025-02-23,CUST1910,Smartwatch,Electronics,North,1,6863.91,0.03,6658.0,1415.36,Cash
ORD09883,2025-05-01,CUST3146,Headphones,Electronics,West,2,2861.96,0.17,4750.86,1135.88,Credit Card
ORD09884,2024-01-24,CUST4485,Laptop,Electronics,West,5,71811.07,0.06,337512.05,18991.82,Debit Card
ORD09885,2024-08-28,CUST1020,Smartphone,Electronics,North,2,32109.34,0.14,55228.06,12817.3,Net Banking
ORD09886,2025-10-09,CUST2759,Smartphone,Electronics,West,2,33498.99,0.04,64318.07,8111.33,UPI
ORD09887,2025-05-27,CUST6814,Keyboard,Accessories,West,2,1605.97,0.18,2633.79,244.22,Debit Card
ORD09888,2024-11-25,CUST1702,Monitor,Electronics,South,5,13452.25,0.02,65916.01,4643.55,UPI
ORD09889,2025-09-14,CUST9072,Keyboard,Accessories,West,5,1299.55,0.04,6237.83,1274.7,Debit Card
ORD09890,2025-04-15,CUST3355,Printer,Office,South,4,9868.2,0.05,37499.15,5391.71,Debit Card
ORD09891,2024-12-23,CUST7601,,Accessories,West,5,1611.1,0.01,7974.97,1726.46,UPI
ORD09892,2025-04-02,CUST5852,Monitor,Electronics,East,4,12299.86,0.19,39851.56,3795.12,Cash
ORD09893,2025-02-20,CUST5616,Monitor,Electronics,South,1,10830.6,0.25,8122.95,1508.54,UPI
ORD09894,2025-06-26,CUST8648,Webcam,Accessories,South,4,3332.52,0.19,10797.35,794.95,UPI
ORD09895,2024-03-17,CUST7778,Webcam,Accessories,North,2,3308.66,0.22,5161.51,350.73,UPI
ORD09896,2024-03-02,CUST4183,Laptop,Electronics,West,3,60346.26,0.0,181038.79,13882.05,Cash
ORD09897,2025-06-30,CUST9915,Smartwatch,Electronics,South,3,6670.58,0.03,19411.4,4110.95,Debit Card
ORD09898,2025-11-14,CUST7099,Headphones,Electronics,East,2,2511.14,0.14,4319.16,782.3,Net Banking
ORD09899,2024-06-23,CUST2282,Monitor,Electronics,East,4,13277.53,0.24,40363.69,3357.97,Net Banking
ORD09900,2025-03-22,CUST8053,Headphones,Electronics,North,2,2681.52,0.17,4451.33,565.12,Debit Card
ORD09901,2024-01-22,CUST7471,Smartphone,Electronics,West,5,33017.25,0.09,150228.48,30456.9,UPI
ORD09902,2025-10-08,CUST7259,Mouse,Accessories,South,4,892.06,0.04,3425.53,366.99,Debit Card
ORD09903,2024-05-13,CUST8405,Laptop,Electronics,North,2,63364.93,0.04,121660.67,28499.35,Credit Card
ORD09904,2025-06-07,CUST2710,Printer,Office,West,5,9538.08,0.09,43398.26,10108.35,Debit Card
ORD09905,2025-03-28,CUST4728,Tablet,Electronics,West,5,19080.31,0.18,78229.29,12562.07,Credit Card
ORD09906,2024-04-09,CUST7695,Headphones,Electronics,North,4,2822.87,0.01,11178.56,1971.84,Net Banking
ORD09907,2025-07-08,CUST2081,Keyboard,Accessories,East,1,1304.62,0.21,1030.65,186.18,Net Banking
ORD09908,2024-07-19,CUST7531,Monitor,Electronics,North,1,12868.09,0.24,9779.75,994.54,Net Banking
ORD09909,2025-10-14,CUST2878,Headphones,Electronics,North,5,2408.58,0.22,9393.47,1156.0,UPI
ORD09910,2024-07-02,CUST9504,Tablet,Electronics,East,1,24961.95,0.23,19220.7,1483.61,Credit Card
ORD09911,2024-05-26,CUST9024,Monitor,Electronics,North,5,11710.57,0.0,58552.84,13758.41,Credit Card
ORD09912,2024-10-05,CUST7295,Printer,Office,North,1,10949.83,0.24,8321.87,1620.85,Credit Card
ORD09913,2024-10-25,CUST7050,Mouse,Accessories,South,5,747.84,0.09,3402.66,201.68,Debit Card
ORD09914,2024-10-06,CUST4917,Keyboard,Accessories,South,5,1409.59,0.22,5497.4,878.91,UPI
ORD09915,2025-01-21,CUST4731,Headphones,Electronics,South,5,2571.64,0.05,12215.29,1448.91,Net Banking
ORD09916,2024-08-12,CUST1051,Webcam,Accessories,South,5,4022.88,0.11,17901.82,3814.12,Debit Card
ORD09917,2025-12-27,CUST2782,Laptop,Electronics,East,3,65342.66,0.01,194067.71,23047.48,UPI
ORD09918,2025-02-01,CUST2293,Headphones,Electronics,East,1,2827.23,0.01,2798.96,500.54,Net Banking
ORD09919,2025-02-20,CUST1934,Headphones,Electronics,South,5,2714.69,0.24,10315.81,857.74,Credit Card
ORD09920,2024-06-03,CUST7393,Tablet,Electronics,North,2,23952.7,0.2,38324.33,6199.0,Credit Card
ORD09921,2025-10-13,CUST5691,Tablet,Electronics,North,4,21577.34,0.13,75089.13,8167.98,Credit Card
ORD09922,2024-02-15,CUST1498,Laptop,Electronics,North,2,62787.57,0.13,109250.38,9065.34,Cash
ORD09923,2024-04-20,CUST8270,Headphones,Electronics,South,2,2268.94,0.19,3675.68,639.02,Credit Card
ORD09924,2025-12-11,CUST1469,Smartwatch,Electronics,West,3,7974.28,0.09,21769.78,3869.1,Net Banking
ORD09925,2024-08-15,CUST5834,Printer,Office,West,1,11378.18,0.19,9216.33,2273.4,Debit Card
ORD09926,2024-10-28,CUST2672,Tablet,Electronics,West,3,23630.65,0.12,62384.91,11467.67,Debit Card
ORD09927,2024-03-22,CUST4634,Tablet,Electronics,North,1,20655.27,0.16,17350.42,2657.08,Cash
ORD09928,2024-05-23,CUST6156,Smartwatch,Electronics,East,5,6464.88,0.24,24566.53,5712.31,Cash
ORD09929,2025-07-23,CUST7280,Monitor,Electronics,South,3,13759.0,0.12,36323.75,7833.44,Net Banking
ORD09930,2024-05-21,CUST1463,Headphones,Electronics,South,4,2174.91,0.1,7829.67,1250.78,UPI
ORD09931,2024-12-06,CUST9127,Laptop,Electronics,North,1,71699.5,0.23,55208.62,8406.61,Cash
ORD09932,2025-03-02,CUST8508,Tablet,Electronics,West,3,21046.02,0.23,48616.31,11589.83,Cash
ORD09933,2025-04-19,CUST1328,Laptop,Electronics,West,4,63417.96,0.25,190253.88,32994.86,Net Banking
ORD09934,2025-06-20,CUST4866,Laptop,Electronics,West,2,71473.56,0.14,122934.53,23696.35,Debit Card
ORD09935,2025-09-05,CUST2009,Printer,Office,South,5,8771.81,0.09,39911.73,2687.49,Net Banking
ORD09936,2024-05-22,CUST9520,Webcam,Accessories,North,5,3346.88,0.06,15730.33,3046.35,Credit Card
ORD09937,2025-08-08,CUST9666,Tablet,Electronics,West,2,24983.36,0.01,49467.05,5091.96,UPI
ORD09938,2025-02-17,CUST9987,Keyboard,Accessories,South,3,1589.58,0.18,3910.37,285.88,Cash
ORD09939,2024-02-13,CUST9226,Monitor,Electronics,North,2,12917.78,0.06,24285.43,5341.17,UPI
ORD09940,2024-08-28,CUST1165,Laptop,Electronics,North,4,70021.35,0.15,238072.6,44814.36,Net Banking
ORD09941,2024-03-22,CUST4679,Tablet,Electronics,North,1,19099.76,0.23,14706.82,1934.14,Debit Card
ORD09942,2025-01-29,CUST8816,Monitor,Electronics,North,3,10931.55,0.24,24923.93,3396.72,UPI
ORD09943,2025-05-13,CUST9578,Keyboard,Accessories,North,1,1496.07,0.0,1496.07,133.78,Cash
ORD09944,2024-03-06,CUST7706,Tablet,Electronics,East,2,21129.79,0.08,38878.82,2018.21,Credit Card
ORD09945,2024-10-04,CUST3636,Headphones,Electronics,East,5,2433.18,0.21,9611.08,1152.1,UPI
ORD09946,2025-08-21,CUST7369,Laptop,Electronics,North,1,70488.22,0.13,61324.75,4886.53,Net Banking
ORD09947,2025-07-06,CUST4037,Keyboard,Accessories,East,1,1281.61,0.2,1025.28,137.74,Net Banking
ORD09948,2025-12-16,CUST6088,Headphones,Electronics,North,5,2620.37,0.21,10350.46,2243.62,UPI
ORD09949,2024-12-14,CUST2698,Laptop,Electronics,West,1,55252.15,0.11,49174.41,3587.32,Net Banking
ORD09950,2024-02-17,CUST3063,Smartphone,Electronics,North,1,26067.53,0.09,23721.45,1621.38,UPI
ORD09951,2024-10-09,CUST2191,Mouse,Accessories,East,5,777.99,0.11,3462.05,797.73,UPI
ORD09952,2024-12-15,CUST5932,Smartwatch,Electronics,East,5,7715.99,0.16,32407.17,6449.93,Debit Card
ORD09953,2025-02-12,CUST8175,Laptop,Electronics,West,2,58077.42,0.09,105700.9,6406.95,Net Banking
ORD09954,2025-12-10,CUST8605,Keyboard,Accessories,North,2,1524.58,0.19,2469.82,162.8,Debit Card
ORD09955,2025-12-04,CUST6792,Keyboard,Accessories,East,1,1580.33,0.23,1216.85,227.53,Net Banking
ORD09956,2024-11-07,CUST6554,Mouse,Accessories,South,3,735.09,0.07,2050.9,254.45,Debit Card
ORD09957,2025-01-25,CUST4457,Tablet,Electronics,East,2,22081.38,0.24,33563.7,6539.37,Credit Card
ORD09958,2025-08-04,CUST7675,Smartwatch,Electronics,North,2,7863.96,0.16,13211.44,1729.26,Net Banking
ORD09959,2025-06-16,CUST9512,Monitor,Electronics,South,3,12044.02,0.22,28183.01,6864.18,Debit Card
ORD09960,2025-07-12,CUST7031,Laptop,Electronics,East,3,58317.8,0.03,169704.8,32054.41,Credit Card
ORD09961,2024-08-20,CUST7888,Tablet,Electronics,East,5,22843.57,0.06,107364.8,6369.22,Credit Card
ORD09962,2024-03-30,CUST5970,Headphones,Electronics,East,2,2569.15,0.08,4727.24,548.83,Credit Card
ORD09963,2025-12-11,CUST2740,Monitor,Electronics,East,4,10297.04,0.08,37893.1,6166.01,Debit Card
ORD09964,2025-10-26,CUST2114,Smartwatch,Electronics,East,4,6140.25,0.04,23578.55,1847.96,Credit Card
ORD09965,2025-11-04,CUST2464,Tablet,Electronics,North,1,19734.76,0.22,15393.11,777.41,Cash
ORD09966,2024-01-06,CUST6753,Webcam,Accessories,East,2,3118.1,0.1,5612.59,369.65,Net Banking
ORD09967,2024-01-10,CUST6537,Monitor,Electronics,West,4,11134.08,0.24,33847.59,5241.39,Cash
ORD09968,2024-12-02,CUST5794,Printer,Office,South,2,9862.32,0.15,16765.94,2958.37,Cash
ORD09969,2025-10-04,CUST4663,Printer,Office,East,2,9615.15,0.03,18653.39,1279.26,Net Banking
ORD09970,2024-11-10,CUST7811,Laptop,Electronics,East,4,72617.67,0.14,249804.79,45722.1,Cash
ORD09971,2024-04-21,CUST9106,Laptop,Electronics,North,2,67186.13,0.25,100779.2,17477.62,Credit Card
ORD09972,2024-03-20,CUST2442,Laptop,Electronics,North,3,72334.81,0.14,186623.82,44412.62,UPI
ORD09973,2025-03-28,CUST4470,Smartwatch,Electronics,South,1,7056.78,0.0,7056.78,1539.33,Cash
ORD09974,2024-02-17,CUST8066,Webcam,Accessories,North,5,3069.36,0.23,11817.05,2820.12,Net Banking
ORD09975,2025-10-24,CUST4710,Tablet,Electronics,West,4,21757.7,0.06,81808.94,19897.7,Debit Card
ORD09976,2024-03-31,CUST5978,Headphones,Electronics,South,5,2741.52,0.17,11377.33,1571.91,Debit Card
ORD09977,2025-10-06,CUST2429,Smartphone,Electronics,West,1,27246.93,0.13,23704.83,3498.41,Credit Card
ORD09978,2025-11-26,CUST5968,Keyboard,Accessories,East,3,1316.05,0.08,3632.29,386.2,Cash
ORD09979,2024-03-16,CUST5886,Headphones,Electronics,North,3,2372.08,0.07,6618.09,1003.88,UPI
ORD09980,2024-03-25,CUST1908,Tablet,Electronics,East,3,21266.73,0.23,49126.14,3937.11,Debit Card
ORD09981,2024-09-19,CUST6691,Webcam,Accessories,West,3,3296.57,0.23,7615.08,1403.35,UPI
ORD09982,2025-02-04,CUST1630,Smartwatch,Electronics,East,4,6234.01,0.13,21694.34,1192.9,Credit Card
ORD09983,2024-08-21,CUST8159,Monitor,Electronics,North,4,11103.02,0.06,41747.37,4054.74,Net Banking
ORD09984,2024-08-03,CUST9142,Headphones,Electronics,North,2,2636.71,0.03,5115.22,468.63,Net Banking
ORD09985,2024-12-10,CUST2291,Monitor,Electronics,North,2,11589.34,0.04,22251.54,5286.47,Credit Card
ORD09986,2024-06-22,CUST9240,Smartphone,Electronics,East,1,31192.95,0.13,27137.86,2143.36,UPI
ORD09987,2024-02-06,CUST8909,Tablet,Electronics,North,2,22239.6,0.08,40920.87,9336.31,UPI
ORD09988,2025-06-12,CUST2755,Webcam,Accessories,South,1,3551.51,0.01,3515.99,263.25,UPI
ORD09989,2024-11-15,CUST3229,Tablet,Electronics,South,1,20340.43,0.11,18102.98,3261.06,Credit Card
ORD09990,2024-11-08,CUST3167,Keyboard,Accessories,North,1,1509.69,0.19,1222.85,139.38,Debit Card
ORD09991,2025-04-13,CUST2811,Smartwatch,Electronics,South,3,5999.55,0.22,14038.94,1589.22,Debit Card
ORD09992,2024-02-14,CUST7914,Keyboard,Accessories,West,5,1469.28,0.15,6244.46,1558.96,Cash
ORD09993,2024-03-13,CUST1769,Tablet,Electronics,North,5,22479.31,0.18,92165.17,8774.91,Net Banking
ORD09994,2024-12-30,CUST2499,Keyboard,Accessories,East,4,1356.9,0.09,4939.11,447.05,Net Banking
ORD09995,2024-04-18,CUST1277,Mouse,Accessories,South,1,741.57,0.12,652.59,109.55,Cash
ORD09996,2024-12-12,CUST9994,Tablet,Electronics,South,3,20148.9,0.18,49566.31,9821.59,UPI
ORD09997,2024-05-17,CUST4308,Webcam,Accessories,South,2,3049.09,0.18,5000.5,1232.63,Credit Card
ORD09998,2024-06-30,CUST9845,Headphones,Electronics,South,2,2385.89,0.11,4246.89,808.11,Net Banking
ORD09999,2024-10-30,CUST9435,Webcam,Accessories,West,4,4002.91,0.14,13770.02,2235.9,UPI
ORD10000,2024-11-22,CUST9122,Mouse,Accessories,West,4,764.93,0.23,2355.99,310.58,Debit Card
ORD00001,2024-02-07,CUST2141,Tablet,Electronics,West,3,21093.27,0.12,55686.24,9823.03,Cash
ORD00002,2025-10-26,CUST2103,Keyboard,Accessories,South,3,1332.5,0.16,3357.91,599.44,UPI
ORD00003,2024-08-09,CUST5652,Smartwatch,Electronics,West,5,6205.03,0.16,26061.12,5392.67,Debit Card
ORD00004,2024-12-07,CUST9584,Mouse,Accessories,North,3,747.57,0.24,1704.46,124.5,Credit Card
ORD00005,2025-04-17,CUST2812,Tablet,Electronics,South,3,19052.28,0.21,45153.9,6979.75,Credit Card
ORD00006,2025-06-19,CUST9066,Webcam,Accessories,West,2,3697.94,0.2,5916.7,1431.17,Cash
ORD00007,2024-12-22,CUST8925,Headphones,Electronics,North,3,2180.49,0.24,4971.52,608.18,Credit Card
ORD00008,2025-05-20,CUST7889,Tablet,Electronics,South,5,20041.71,0.06,94196.04,10265.98,UPI
ORD00009,2025-08-01,CUST5728,Smartwatch,Electronics,North,1,6145.09,0.15,5223.33,889.23,Debit Card
ORD00010,2024-08-22,CUST6075,Mouse,Accessories,South,1,695.16,0.22,542.22,51.09,UPI
